date,slug,currency,open,high,low,close
2024-09-30,USD/EUR,EUR,0.92,0.92197,0.91833,0.92162
2024-10-01,USD/EUR,EUR,0.92162,0.92716,0.92101,0.92655
2024-10-02,USD/EUR,EUR,0.92655,0.93369,0.92533,0.93169
2024-10-03,USD/EUR,EUR,0.93169,0.93469,0.93047,0.93348
2024-10-04,USD/EUR,EUR,0.93348,0.93929,0.92897,0.93429
2024-10-05,USD/EUR,EUR,0.93429,0.93694,0.93165,0.93247
2024-10-06,USD/EUR,EUR,0.93247,0.93615,0.92571,0.92952
2024-10-07,USD/EUR,EUR,0.92952,0.9297,0.9251,0.92881
2024-10-08,USD/EUR,EUR,0.92881,0.92909,0.92407,0.92705
2024-10-09,USD/EUR,EUR,0.92705,0.92985,0.9263,0.92829
2024-10-10,USD/EUR,EUR,0.92829,0.93311,0.92632,0.92636
2024-10-11,USD/EUR,EUR,0.92636,0.92849,0.91979,0.92294
2024-10-12,USD/EUR,EUR,0.92294,0.92871,0.91951,0.92364
2024-10-13,USD/EUR,EUR,0.92364,0.9262,0.92319,0.92429
2024-10-14,USD/EUR,EUR,0.92429,0.92507,0.92011,0.92394
2024-10-15,USD/EUR,EUR,0.92394,0.92513,0.9189,0.92163
2024-10-16,USD/EUR,EUR,0.92163,0.92731,0.92079,0.92275
2024-10-17,USD/EUR,EUR,0.92275,0.9245,0.91995,0.92153
2024-10-18,USD/EUR,EUR,0.92153,0.92728,0.91936,0.92487
2024-10-19,USD/EUR,EUR,0.92487,0.92573,0.92137,0.92389
2024-10-20,USD/EUR,EUR,0.92389,0.92437,0.9195,0.92236
2024-10-21,USD/EUR,EUR,0.92236,0.92446,0.91503,0.91852
2024-10-22,USD/EUR,EUR,0.91852,0.9211,0.91737,0.9183
2024-10-23,USD/EUR,EUR,0.9183,0.91923,0.9123,0.91625
2024-10-24,USD/EUR,EUR,0.91625,0.92026,0.90943,0.91615
2024-10-25,USD/EUR,EUR,0.91615,0.91903,0.91538,0.91881
2024-10-26,USD/EUR,EUR,0.91881,0.92423,0.91824,0.91912
2024-10-27,USD/EUR,EUR,0.91912,0.92409,0.91778,0.92029
2024-10-28,USD/EUR,EUR,0.92029,0.92158,0.91535,0.9177
2024-10-29,USD/EUR,EUR,0.9177,0.92014,0.91638,0.91877
2024-10-30,USD/EUR,EUR,0.91877,0.9216,0.91697,0.9191
2024-10-31,USD/EUR,EUR,0.9191,0.92011,0.91431,0.91807
2024-11-01,USD/EUR,EUR,0.91807,0.91971,0.91806,0.91904
2024-11-02,USD/EUR,EUR,0.91904,0.92268,0.91722,0.9183
2024-11-03,USD/EUR,EUR,0.9183,0.92037,0.91681,0.91722
2024-11-04,USD/EUR,EUR,0.91722,0.92339,0.91677,0.91854
2024-11-05,USD/EUR,EUR,0.91854,0.91957,0.9136,0.91938
2024-11-06,USD/EUR,EUR,0.91938,0.91954,0.91297,0.91931
2024-11-07,USD/EUR,EUR,0.91931,0.92009,0.91862,0.91871
2024-11-08,USD/EUR,EUR,0.91871,0.92165,0.91305,0.91497
2024-11-09,USD/EUR,EUR,0.91497,0.91986,0.91138,0.91753
2024-11-10,USD/EUR,EUR,0.91753,0.91903,0.90744,0.91304
2024-11-11,USD/EUR,EUR,0.91304,0.91449,0.90964,0.9099
2024-11-12,USD/EUR,EUR,0.9099,0.91385,0.90814,0.90831
2024-11-13,USD/EUR,EUR,0.90831,0.90951,0.90262,0.90495
2024-11-14,USD/EUR,EUR,0.90495,0.91187,0.90414,0.90988
2024-11-15,USD/EUR,EUR,0.90988,0.91563,0.9093,0.91249
2024-11-16,USD/EUR,EUR,0.91249,0.92081,0.91202,0.91668
2024-11-17,USD/EUR,EUR,0.91668,0.91954,0.91351,0.91753
2024-11-18,USD/EUR,EUR,0.91753,0.91887,0.91255,0.91331
2024-11-19,USD/EUR,EUR,0.91331,0.91502,0.91157,0.91413
2024-11-20,USD/EUR,EUR,0.91413,0.91564,0.9123,0.91489
2024-11-21,USD/EUR,EUR,0.91489,0.92211,0.91184,0.92088
2024-11-22,USD/EUR,EUR,0.92088,0.92554,0.91885,0.92302
2024-11-23,USD/EUR,EUR,0.92302,0.92891,0.92053,0.92678
2024-11-24,USD/EUR,EUR,0.92678,0.93027,0.92186,0.92814
2024-11-25,USD/EUR,EUR,0.92814,0.9301,0.92505,0.92736
2024-11-26,USD/EUR,EUR,0.92736,0.92756,0.92385,0.92473
2024-11-27,USD/EUR,EUR,0.92473,0.92779,0.9247,0.92564
2024-11-28,USD/EUR,EUR,0.92564,0.93106,0.91859,0.93037
2024-11-29,USD/EUR,EUR,0.93037,0.93466,0.92758,0.93243
2024-11-30,USD/EUR,EUR,0.93243,0.9346,0.93056,0.93402
2024-12-01,USD/EUR,EUR,0.93402,0.93578,0.93181,0.93559
2024-12-02,USD/EUR,EUR,0.93559,0.93676,0.92841,0.93064
2024-12-03,USD/EUR,EUR,0.93064,0.93461,0.93019,0.93136
2024-12-04,USD/EUR,EUR,0.93136,0.93494,0.93096,0.93263
2024-12-05,USD/EUR,EUR,0.93263,0.93583,0.9317,0.93284
2024-12-06,USD/EUR,EUR,0.93284,0.93753,0.93009,0.93469
2024-12-07,USD/EUR,EUR,0.93469,0.93715,0.92886,0.9302
2024-12-08,USD/EUR,EUR,0.9302,0.93324,0.92017,0.9319
2024-12-09,USD/EUR,EUR,0.9319,0.93675,0.92941,0.93378
2024-12-10,USD/EUR,EUR,0.93378,0.93675,0.93179,0.93592
2024-12-11,USD/EUR,EUR,0.93592,0.93654,0.93214,0.93341
2024-12-12,USD/EUR,EUR,0.93341,0.93975,0.92853,0.9337
2024-12-13,USD/EUR,EUR,0.9337,0.94018,0.93246,0.93596
2024-12-14,USD/EUR,EUR,0.93596,0.93971,0.93313,0.93954
2024-12-15,USD/EUR,EUR,0.93954,0.94133,0.93529,0.93721
2024-12-16,USD/EUR,EUR,0.93721,0.93806,0.9355,0.93794
2024-12-17,USD/EUR,EUR,0.93794,0.94667,0.93262,0.945
2024-12-18,USD/EUR,EUR,0.945,0.94738,0.94274,0.94563
2024-12-19,USD/EUR,EUR,0.94563,0.94594,0.94169,0.94303
2024-12-20,USD/EUR,EUR,0.94303,0.94908,0.94214,0.9459
2024-12-21,USD/EUR,EUR,0.9459,0.94763,0.93968,0.94435
2024-12-22,USD/EUR,EUR,0.94435,0.94905,0.94192,0.94571
2024-12-23,USD/EUR,EUR,0.94571,0.95551,0.94169,0.95275
2024-12-24,USD/EUR,EUR,0.95275,0.95613,0.94927,0.95116
2024-12-25,USD/EUR,EUR,0.95116,0.95472,0.94869,0.95265
2024-12-26,USD/EUR,EUR,0.95265,0.9613,0.94974,0.95247
2024-12-27,USD/EUR,EUR,0.95247,0.9558,0.9473,0.95165
2024-12-28,USD/EUR,EUR,0.95165,0.95282,0.94656,0.94691
2024-12-29,USD/EUR,EUR,0.94691,0.95553,0.94382,0.9517
2024-12-30,USD/EUR,EUR,0.9517,0.95437,0.95047,0.95175
2024-12-31,USD/EUR,EUR,0.95175,0.95404,0.95157,0.95244
2025-01-01,USD/EUR,EUR,0.95244,0.95274,0.94941,0.95117
2025-01-02,USD/EUR,EUR,0.95117,0.95979,0.94549,0.95647
2025-01-03,USD/EUR,EUR,0.95647,0.95688,0.94839,0.94995
2025-01-04,USD/EUR,EUR,0.94995,0.95257,0.9494,0.95091
2025-01-05,USD/EUR,EUR,0.95091,0.95248,0.94703,0.94929
2025-01-06,USD/EUR,EUR,0.94929,0.95234,0.94689,0.95049
2025-01-07,USD/EUR,EUR,0.95049,0.9537,0.94882,0.95153
2025-01-08,USD/EUR,EUR,0.95153,0.95302,0.94681,0.94879
2025-01-09,USD/EUR,EUR,0.94879,0.95089,0.94848,0.95084
2025-01-10,USD/EUR,EUR,0.95084,0.95669,0.94938,0.95511
2025-01-11,USD/EUR,EUR,0.95511,0.95569,0.95151,0.95445
2025-01-12,USD/EUR,EUR,0.95445,0.95941,0.95096,0.95723
2025-01-13,USD/EUR,EUR,0.95723,0.95914,0.9564,0.95732
2025-01-14,USD/EUR,EUR,0.95732,0.95877,0.95706,0.95842
2025-01-15,USD/EUR,EUR,0.95842,0.96264,0.95281,0.96044
2025-01-16,USD/EUR,EUR,0.96044,0.9637,0.95397,0.95708
2025-01-17,USD/EUR,EUR,0.95708,0.96142,0.95539,0.95975
2025-01-18,USD/EUR,EUR,0.95975,0.96216,0.95952,0.95972
2025-01-19,USD/EUR,EUR,0.95972,0.96234,0.95707,0.95747
2025-01-20,USD/EUR,EUR,0.95747,0.95833,0.95362,0.95472
2025-01-21,USD/EUR,EUR,0.95472,0.95692,0.95221,0.95286
2025-01-22,USD/EUR,EUR,0.95286,0.95505,0.9516,0.95369
2025-01-23,USD/EUR,EUR,0.95369,0.95836,0.94993,0.95449
2025-01-24,USD/EUR,EUR,0.95449,0.95506,0.95128,0.95211
2025-01-25,USD/EUR,EUR,0.95211,0.95934,0.95168,0.95704
2025-01-26,USD/EUR,EUR,0.95704,0.95973,0.95695,0.957
2025-01-27,USD/EUR,EUR,0.957,0.95786,0.95383,0.95605
2025-01-28,USD/EUR,EUR,0.95605,0.96192,0.95576,0.95781
2025-01-29,USD/EUR,EUR,0.95781,0.96102,0.95673,0.95917
2025-01-30,USD/EUR,EUR,0.95917,0.95998,0.95891,0.95994
2025-01-31,USD/EUR,EUR,0.95994,0.96001,0.95603,0.95737
2025-02-01,USD/EUR,EUR,0.95737,0.96483,0.95159,0.96225
2025-02-02,USD/EUR,EUR,0.96225,0.9646,0.95919,0.95968
2025-02-03,USD/EUR,EUR,0.95968,0.96924,0.95743,0.96706
2025-02-04,USD/EUR,EUR,0.96706,0.97281,0.96363,0.96505
2025-02-05,USD/EUR,EUR,0.96505,0.96545,0.96158,0.9625
2025-02-06,USD/EUR,EUR,0.9625,0.97142,0.96095,0.96884
2025-02-07,USD/EUR,EUR,0.96884,0.97018,0.96224,0.96581
2025-02-08,USD/EUR,EUR,0.96581,0.97523,0.96455,0.97202
2025-02-09,USD/EUR,EUR,0.97202,0.97571,0.96591,0.96622
2025-02-10,USD/EUR,EUR,0.96622,0.97475,0.96459,0.97042
2025-02-11,USD/EUR,EUR,0.97042,0.97059,0.9692,0.97046
2025-02-12,USD/EUR,EUR,0.97046,0.9755,0.97007,0.97259
2025-02-13,USD/EUR,EUR,0.97259,0.97442,0.97066,0.97302
2025-02-14,USD/EUR,EUR,0.97302,0.9772,0.96574,0.96921
2025-02-15,USD/EUR,EUR,0.96921,0.97239,0.965,0.97036
2025-02-16,USD/EUR,EUR,0.97036,0.97398,0.97017,0.97077
2025-02-17,USD/EUR,EUR,0.97077,0.9826,0.97009,0.97779
2025-02-18,USD/EUR,EUR,0.97779,0.98291,0.97404,0.98114
2025-02-19,USD/EUR,EUR,0.98114,0.98302,0.97494,0.97784
2025-02-20,USD/EUR,EUR,0.97784,0.98108,0.96629,0.97184
2025-02-21,USD/EUR,EUR,0.97184,0.9738,0.96686,0.97095
2025-02-22,USD/EUR,EUR,0.97095,0.97565,0.96719,0.97122
2025-02-23,USD/EUR,EUR,0.97122,0.97137,0.96441,0.96545
2025-02-24,USD/EUR,EUR,0.96545,0.97104,0.96511,0.96536
2025-02-25,USD/EUR,EUR,0.96536,0.96717,0.95998,0.96097
2025-02-26,USD/EUR,EUR,0.96097,0.96235,0.95498,0.95783
2025-02-27,USD/EUR,EUR,0.95783,0.96039,0.95499,0.95763
2025-02-28,USD/EUR,EUR,0.95763,0.96077,0.95551,0.95934
2025-03-01,USD/EUR,EUR,0.95934,0.96212,0.95752,0.959
2025-03-02,USD/EUR,EUR,0.959,0.96428,0.95491,0.955
2025-03-03,USD/EUR,EUR,0.955,0.95557,0.95238,0.95268
2025-03-04,USD/EUR,EUR,0.95268,0.95432,0.94994,0.95196
2025-03-05,USD/EUR,EUR,0.95196,0.9535,0.94948,0.95021
2025-03-06,USD/EUR,EUR,0.95021,0.95425,0.93897,0.94258
2025-03-07,USD/EUR,EUR,0.94258,0.94869,0.94106,0.94802
2025-03-08,USD/EUR,EUR,0.94802,0.95726,0.94505,0.94908
2025-03-09,USD/EUR,EUR,0.94908,0.95161,0.9444,0.94867
2025-03-10,USD/EUR,EUR,0.94867,0.95137,0.94489,0.94936
2025-03-11,USD/EUR,EUR,0.94936,0.95224,0.94276,0.94723
2025-03-12,USD/EUR,EUR,0.94723,0.9502,0.94331,0.95018
2025-03-13,USD/EUR,EUR,0.95018,0.95275,0.94612,0.95045
2025-03-14,USD/EUR,EUR,0.95045,0.95503,0.94995,0.95226
2025-03-15,USD/EUR,EUR,0.95226,0.95595,0.9469,0.94937
2025-03-16,USD/EUR,EUR,0.94937,0.95947,0.94787,0.95573
2025-03-17,USD/EUR,EUR,0.95573,0.95703,0.95199,0.95357
2025-03-18,USD/EUR,EUR,0.95357,0.9537,0.9485,0.95071
2025-03-19,USD/EUR,EUR,0.95071,0.95176,0.95007,0.95163
2025-03-20,USD/EUR,EUR,0.95163,0.95316,0.94662,0.94862
2025-03-21,USD/EUR,EUR,0.94862,0.95291,0.94836,0.9503
2025-03-22,USD/EUR,EUR,0.9503,0.95728,0.94886,0.95282
2025-03-23,USD/EUR,EUR,0.95282,0.95434,0.9486,0.95063
2025-03-24,USD/EUR,EUR,0.95063,0.95496,0.94452,0.94465
2025-03-25,USD/EUR,EUR,0.94465,0.94792,0.94296,0.94552
2025-03-26,USD/EUR,EUR,0.94552,0.9457,0.93686,0.94004
2025-03-27,USD/EUR,EUR,0.94004,0.94017,0.93566,0.93792
2025-03-28,USD/EUR,EUR,0.93792,0.94056,0.93516,0.93667
2025-03-29,USD/EUR,EUR,0.93667,0.9424,0.93528,0.93943
2025-03-30,USD/EUR,EUR,0.93943,0.95073,0.93734,0.94419
2025-03-31,USD/EUR,EUR,0.94419,0.94666,0.94321,0.94612
2025-04-01,USD/EUR,EUR,0.94612,0.94635,0.94372,0.94414
2025-04-02,USD/EUR,EUR,0.94414,0.94869,0.94324,0.94801
2025-04-03,USD/EUR,EUR,0.94801,0.94931,0.94552,0.94667
2025-04-04,USD/EUR,EUR,0.94667,0.94911,0.9459,0.94799
2025-04-05,USD/EUR,EUR,0.94799,0.95723,0.94713,0.9549
2025-04-06,USD/EUR,EUR,0.9549,0.96003,0.94945,0.95893
2025-04-07,USD/EUR,EUR,0.95893,0.96395,0.95463,0.95557
2025-04-08,USD/EUR,EUR,0.95557,0.96013,0.95469,0.95565
2025-04-09,USD/EUR,EUR,0.95565,0.95787,0.94902,0.95493
2025-04-10,USD/EUR,EUR,0.95493,0.9578,0.95098,0.95574
2025-04-11,USD/EUR,EUR,0.95574,0.96049,0.95463,0.95959
2025-04-12,USD/EUR,EUR,0.95959,0.96784,0.9591,0.96173
2025-04-13,USD/EUR,EUR,0.96173,0.96382,0.95944,0.96258
2025-04-14,USD/EUR,EUR,0.96258,0.96772,0.96239,0.9654
2025-04-15,USD/EUR,EUR,0.9654,0.9667,0.96291,0.96381
2025-04-16,USD/EUR,EUR,0.96381,0.96871,0.96308,0.96733
2025-04-17,USD/EUR,EUR,0.96733,0.96853,0.96301,0.96403
2025-04-18,USD/EUR,EUR,0.96403,0.9691,0.96168,0.9666
2025-04-19,USD/EUR,EUR,0.9666,0.97233,0.96153,0.97121
2025-04-20,USD/EUR,EUR,0.97121,0.9746,0.96378,0.9686
2025-04-21,USD/EUR,EUR,0.9686,0.97547,0.96845,0.97369
2025-04-22,USD/EUR,EUR,0.97369,0.97774,0.96702,0.97466
2025-04-23,USD/EUR,EUR,0.97466,0.97542,0.97268,0.97512
2025-04-24,USD/EUR,EUR,0.97512,0.9774,0.97297,0.97679
2025-04-25,USD/EUR,EUR,0.97679,0.98357,0.97311,0.97842
2025-04-26,USD/EUR,EUR,0.97842,0.9853,0.97571,0.98389
2025-04-27,USD/EUR,EUR,0.98389,0.98405,0.98047,0.98348
2025-04-28,USD/EUR,EUR,0.98348,0.98769,0.97724,0.97767
2025-04-29,USD/EUR,EUR,0.97767,0.98044,0.97171,0.97623
2025-04-30,USD/EUR,EUR,0.97623,0.97926,0.97271,0.97906
2025-05-01,USD/EUR,EUR,0.97906,0.97998,0.97009,0.97465
2025-05-02,USD/EUR,EUR,0.97465,0.97875,0.97311,0.97378
2025-05-03,USD/EUR,EUR,0.97378,0.98113,0.97272,0.97287
2025-05-04,USD/EUR,EUR,0.97287,0.97477,0.96707,0.9721
2025-05-05,USD/EUR,EUR,0.9721,0.97669,0.96909,0.97596
2025-05-06,USD/EUR,EUR,0.97596,0.98493,0.97592,0.98476
2025-05-07,USD/EUR,EUR,0.98476,0.98531,0.9843,0.9847
2025-05-08,USD/EUR,EUR,0.9847,0.98621,0.98265,0.98274
2025-05-09,USD/EUR,EUR,0.98274,0.98471,0.9806,0.98089
2025-05-10,USD/EUR,EUR,0.98089,0.98503,0.97276,0.98004
2025-05-11,USD/EUR,EUR,0.98004,0.98723,0.97435,0.9838
2025-05-12,USD/EUR,EUR,0.9838,0.98483,0.97877,0.98264
2025-05-13,USD/EUR,EUR,0.98264,0.9857,0.97518,0.97999
2025-05-14,USD/EUR,EUR,0.97999,0.98672,0.97801,0.98322
2025-05-15,USD/EUR,EUR,0.98322,0.98466,0.97801,0.97935
2025-05-16,USD/EUR,EUR,0.97935,0.9813,0.97452,0.97518
2025-05-17,USD/EUR,EUR,0.97518,0.97712,0.97271,0.97392
2025-05-18,USD/EUR,EUR,0.97392,0.97708,0.96977,0.97271
2025-05-19,USD/EUR,EUR,0.97271,0.97644,0.97187,0.97483
2025-05-20,USD/EUR,EUR,0.97483,0.97938,0.9723,0.97596
2025-05-21,USD/EUR,EUR,0.97596,0.97739,0.97248,0.97535
2025-05-22,USD/EUR,EUR,0.97535,0.97919,0.96872,0.97296
2025-05-23,USD/EUR,EUR,0.97296,0.97854,0.96818,0.97504
2025-05-24,USD/EUR,EUR,0.97504,0.97968,0.96739,0.96796
2025-05-25,USD/EUR,EUR,0.96796,0.96944,0.96657,0.96765
2025-05-26,USD/EUR,EUR,0.96765,0.97064,0.96723,0.96754
2025-05-27,USD/EUR,EUR,0.96754,0.96906,0.96739,0.96807
2025-05-28,USD/EUR,EUR,0.96807,0.97377,0.96442,0.96913
2025-05-29,USD/EUR,EUR,0.96913,0.97214,0.96863,0.97167
2025-05-30,USD/EUR,EUR,0.97167,0.9727,0.97021,0.97176
2025-05-31,USD/EUR,EUR,0.97176,0.97229,0.96647,0.96913
2025-06-01,USD/EUR,EUR,0.96913,0.97516,0.96634,0.97053
2025-06-02,USD/EUR,EUR,0.97053,0.97285,0.96786,0.97216
2025-06-03,USD/EUR,EUR,0.97216,0.98062,0.96715,0.97784
2025-06-04,USD/EUR,EUR,0.97784,0.97955,0.97341,0.97348
2025-06-05,USD/EUR,EUR,0.97348,0.97725,0.97297,0.97527
2025-06-06,USD/EUR,EUR,0.97527,0.97694,0.96888,0.97271
2025-06-07,USD/EUR,EUR,0.97271,0.97639,0.96693,0.96958
2025-06-08,USD/EUR,EUR,0.96958,0.97577,0.96244,0.97318
2025-06-09,USD/EUR,EUR,0.97318,0.97538,0.97084,0.97488
2025-06-10,USD/EUR,EUR,0.97488,0.97886,0.97455,0.97729
2025-06-11,USD/EUR,EUR,0.97729,0.98633,0.97414,0.98606
2025-06-12,USD/EUR,EUR,0.98606,0.98616,0.97878,0.98366
2025-06-13,USD/EUR,EUR,0.98366,0.98865,0.97957,0.98152
2025-06-14,USD/EUR,EUR,0.98152,0.98326,0.97694,0.97961
2025-06-15,USD/EUR,EUR,0.97961,0.98607,0.97761,0.98176
2025-06-16,USD/EUR,EUR,0.98176,0.98196,0.97922,0.98093
2025-06-17,USD/EUR,EUR,0.98093,0.98523,0.97988,0.98156
2025-06-18,USD/EUR,EUR,0.98156,0.98522,0.97859,0.98367
2025-06-19,USD/EUR,EUR,0.98367,0.98783,0.98348,0.98656
2025-06-20,USD/EUR,EUR,0.98656,0.98775,0.98028,0.98085
2025-06-21,USD/EUR,EUR,0.98085,0.98531,0.97788,0.9818
2025-06-22,USD/EUR,EUR,0.9818,0.98555,0.97993,0.98544
2025-06-23,USD/EUR,EUR,0.98544,0.98564,0.98285,0.98556
2025-06-24,USD/EUR,EUR,0.98556,0.98582,0.98252,0.9838
2025-06-25,USD/EUR,EUR,0.9838,0.98465,0.98171,0.98232
2025-06-26,USD/EUR,EUR,0.98232,0.98577,0.97824,0.98069
2025-06-27,USD/EUR,EUR,0.98069,0.9819,0.9761,0.98007
2025-06-28,USD/EUR,EUR,0.98007,0.9836,0.97599,0.98077
2025-06-29,USD/EUR,EUR,0.98077,0.98415,0.98054,0.9817
2025-06-30,USD/EUR,EUR,0.9817,0.98681,0.97783,0.98538
2025-07-01,USD/EUR,EUR,0.98538,0.99434,0.98415,0.99333
2025-07-02,USD/EUR,EUR,0.99333,1.00282,0.99188,0.9984
2025-07-03,USD/EUR,EUR,0.9984,0.99919,0.9932,0.99695
2025-07-04,USD/EUR,EUR,0.99695,0.99976,0.99163,0.99377
2025-07-05,USD/EUR,EUR,0.99377,0.99442,0.98935,0.99367
2025-07-06,USD/EUR,EUR,0.99367,0.99641,0.98962,0.99022
2025-07-07,USD/EUR,EUR,0.99022,0.99209,0.98695,0.99006
2025-07-08,USD/EUR,EUR,0.99006,0.99187,0.9887,0.99141
2025-07-09,USD/EUR,EUR,0.99141,0.99926,0.98964,0.99243
2025-07-10,USD/EUR,EUR,0.99243,0.99416,0.98907,0.99061
2025-07-11,USD/EUR,EUR,0.99061,0.99391,0.98449,0.98842
2025-07-12,USD/EUR,EUR,0.98842,0.99072,0.98516,0.98646
2025-07-13,USD/EUR,EUR,0.98646,0.98821,0.98402,0.98458
2025-07-14,USD/EUR,EUR,0.98458,0.98884,0.97445,0.97937
2025-07-15,USD/EUR,EUR,0.97937,0.98044,0.97651,0.97729
2025-07-16,USD/EUR,EUR,0.97729,0.98026,0.97179,0.97846
2025-07-17,USD/EUR,EUR,0.97846,0.98064,0.97409,0.97787
2025-07-18,USD/EUR,EUR,0.97787,0.97796,0.97049,0.97539
2025-07-19,USD/EUR,EUR,0.97539,0.976,0.97359,0.97364
2025-07-20,USD/EUR,EUR,0.97364,0.98463,0.97219,0.97771
2025-07-21,USD/EUR,EUR,0.97771,0.98057,0.97419,0.97605
2025-07-22,USD/EUR,EUR,0.97605,0.98399,0.97507,0.98238
2025-07-23,USD/EUR,EUR,0.98238,0.98749,0.98012,0.98443
2025-07-24,USD/EUR,EUR,0.98443,0.98915,0.98121,0.9862
2025-07-25,USD/EUR,EUR,0.9862,0.99279,0.98574,0.99099
2025-07-26,USD/EUR,EUR,0.99099,0.99487,0.98872,0.99152
2025-07-27,USD/EUR,EUR,0.99152,0.99391,0.99144,0.99282
2025-07-28,USD/EUR,EUR,0.99282,0.99781,0.99269,0.99728
2025-07-29,USD/EUR,EUR,0.99728,0.99936,0.99076,0.99255
2025-07-30,USD/EUR,EUR,0.99255,1.00095,0.99194,1.00009
2025-07-31,USD/EUR,EUR,1.00009,1.0054,0.99982,1.00098
2025-08-01,USD/EUR,EUR,1.00098,1.00368,1.00046,1.00198
2025-08-02,USD/EUR,EUR,1.00198,1.00252,0.99743,1.00043
2025-08-03,USD/EUR,EUR,1.00043,1.00081,0.99491,0.99686
2025-08-04,USD/EUR,EUR,0.99686,1.00532,0.9953,1.00105
2025-08-05,USD/EUR,EUR,1.00105,1.00678,1.00086,1.00239
2025-08-06,USD/EUR,EUR,1.00239,1.00767,0.99641,1.00046
2025-08-07,USD/EUR,EUR,1.00046,1.0017,0.99139,0.99278
2025-08-08,USD/EUR,EUR,0.99278,0.99475,0.98858,0.98925
2025-08-09,USD/EUR,EUR,0.98925,0.9928,0.98491,0.98732
2025-08-10,USD/EUR,EUR,0.98732,0.98986,0.98222,0.98959
2025-08-11,USD/EUR,EUR,0.98959,0.99381,0.98399,0.9859
2025-08-12,USD/EUR,EUR,0.9859,0.98657,0.9851,0.98576
2025-08-13,USD/EUR,EUR,0.98576,0.99046,0.98178,0.987
2025-08-14,USD/EUR,EUR,0.987,0.99009,0.98579,0.98673
2025-08-15,USD/EUR,EUR,0.98673,0.98991,0.9855,0.98833
2025-08-16,USD/EUR,EUR,0.98833,0.99426,0.98779,0.99057
2025-08-17,USD/EUR,EUR,0.99057,0.9933,0.98658,0.99305
2025-08-18,USD/EUR,EUR,0.99305,0.99806,0.99061,0.99072
2025-08-19,USD/EUR,EUR,0.99072,0.99108,0.9839,0.98578
2025-08-20,USD/EUR,EUR,0.98578,0.99051,0.98455,0.9887
2025-08-21,USD/EUR,EUR,0.9887,0.98995,0.97552,0.98218
2025-08-22,USD/EUR,EUR,0.98218,0.98427,0.97461,0.97676
2025-08-23,USD/EUR,EUR,0.97676,0.98088,0.97663,0.97823
2025-08-24,USD/EUR,EUR,0.97823,0.98141,0.97411,0.97824
2025-08-25,USD/EUR,EUR,0.97824,0.98187,0.97816,0.98126
2025-08-26,USD/EUR,EUR,0.98126,0.98761,0.98058,0.982
2025-08-27,USD/EUR,EUR,0.982,0.98475,0.9789,0.97967
2025-08-28,USD/EUR,EUR,0.97967,0.98762,0.9781,0.98586
2025-08-29,USD/EUR,EUR,0.98586,0.99172,0.9833,0.98785
2025-08-30,USD/EUR,EUR,0.98785,0.98987,0.98592,0.98808
2025-08-31,USD/EUR,EUR,0.98808,0.99194,0.98632,0.98946
2025-09-01,USD/EUR,EUR,0.98946,0.9946,0.98581,0.99311
2025-09-02,USD/EUR,EUR,0.99311,0.99959,0.9912,0.99382
2025-09-03,USD/EUR,EUR,0.99382,1.00043,0.99201,0.99988
2025-09-04,USD/EUR,EUR,0.99988,1.00077,0.99702,0.9982
2025-09-05,USD/EUR,EUR,0.9982,1.00166,0.99813,1.00005
2025-09-06,USD/EUR,EUR,1.00005,1.01244,0.99883,1.00757
2025-09-07,USD/EUR,EUR,1.00757,1.00806,1.00584,1.00772
2025-09-08,USD/EUR,EUR,1.00772,1.00845,0.99944,1.00413
2025-09-09,USD/EUR,EUR,1.00413,1.00738,1.00278,1.00556
2025-09-10,USD/EUR,EUR,1.00556,1.01459,1.00143,1.01112
2025-09-11,USD/EUR,EUR,1.01112,1.0149,1.00635,1.01193
2025-09-12,USD/EUR,EUR,1.01193,1.01499,1.01022,1.01033
2025-09-13,USD/EUR,EUR,1.01033,1.01283,1.00789,1.00974
2025-09-14,USD/EUR,EUR,1.00974,1.01391,1.00031,1.00419
2025-09-15,USD/EUR,EUR,1.00419,1.0053,1.00062,1.00201
2025-09-16,USD/EUR,EUR,1.00201,1.00449,1.00012,1.00294
2025-09-17,USD/EUR,EUR,1.00294,1.00623,1.00135,1.00287
2025-09-18,USD/EUR,EUR,1.00287,1.00504,0.9936,1.00159
2025-09-19,USD/EUR,EUR,1.00159,1.01054,1.00057,1.00564
2025-09-20,USD/EUR,EUR,1.00564,1.00928,0.99846,1.00172
2025-09-21,USD/EUR,EUR,1.00172,1.00269,0.99997,1.0001
2025-09-22,USD/EUR,EUR,1.0001,1.002,0.99651,1.00179
2025-09-23,USD/EUR,EUR,1.00179,1.00669,0.99742,1.0053
2025-09-24,USD/EUR,EUR,1.0053,1.00953,1.00142,1.00381
2025-09-25,USD/EUR,EUR,1.00381,1.0048,1.00171,1.00261
2025-09-26,USD/EUR,EUR,1.00261,1.011,1.0014,1.00992
2025-09-27,USD/EUR,EUR,1.00992,1.01426,1.00918,1.01358
2025-09-28,USD/EUR,EUR,1.01358,1.01378,1.0128,1.0129
2025-09-29,USD/EUR,EUR,1.0129,1.01565,1.01083,1.0155
2025-09-30,USD/EUR,EUR,1.0155,1.01573,1.00956,1.01524
2025-10-01,USD/EUR,EUR,1.01524,1.0195,1.0124,1.01851
2025-10-02,USD/EUR,EUR,1.01851,1.02447,1.00781,1.00821
2025-10-03,USD/EUR,EUR,1.00821,1.01509,1.00648,1.01214
2025-10-04,USD/EUR,EUR,1.01214,1.01391,1.00302,1.00843
2025-10-05,USD/EUR,EUR,1.00843,1.00904,1.00532,1.00777
2025-10-06,USD/EUR,EUR,1.00777,1.00997,1.00674,1.00954
2025-10-07,USD/EUR,EUR,1.00954,1.01822,1.00897,1.01806
2025-10-08,USD/EUR,EUR,1.01806,1.02498,1.01467,1.02182
2025-10-09,USD/EUR,EUR,1.02182,1.0274,1.01715,1.02412
2025-10-10,USD/EUR,EUR,1.02412,1.02499,1.01788,1.02004
2025-10-11,USD/EUR,EUR,1.02004,1.02097,1.01891,1.01983
2025-10-12,USD/EUR,EUR,1.01983,1.02597,1.01853,1.02135
2025-10-13,USD/EUR,EUR,1.02135,1.02411,1.0171,1.0205
2025-10-14,USD/EUR,EUR,1.0205,1.02221,1.01414,1.01614
2025-10-15,USD/EUR,EUR,1.01614,1.02005,1.01467,1.0151
2025-10-16,USD/EUR,EUR,1.0151,1.01606,1.01505,1.01557
2025-10-17,USD/EUR,EUR,1.01557,1.01966,1.00717,1.01169
2025-10-18,USD/EUR,EUR,1.01169,1.0145,1.00263,1.00871
2025-10-19,USD/EUR,EUR,1.00871,1.01245,1.00185,1.00647
2025-10-20,USD/EUR,EUR,1.00647,1.012,1.00013,1.01005
2025-10-21,USD/EUR,EUR,1.01005,1.01446,1.00298,1.01354
2025-10-22,USD/EUR,EUR,1.01354,1.02567,1.00887,1.02169
2025-10-23,USD/EUR,EUR,1.02169,1.03237,1.01773,1.02537
2025-10-24,USD/EUR,EUR,1.02537,1.02912,1.02292,1.02741
2025-10-25,USD/EUR,EUR,1.02741,1.03097,1.02711,1.03016
2025-10-26,USD/EUR,EUR,1.03016,1.03234,1.02915,1.02996
2025-10-27,USD/EUR,EUR,1.02996,1.03024,1.02104,1.02387
2025-10-28,USD/EUR,EUR,1.02387,1.02439,1.01596,1.01994
2025-10-29,USD/EUR,EUR,1.01994,1.02774,1.01711,1.02324
2025-10-30,USD/EUR,EUR,1.02324,1.02945,1.02259,1.02663
2025-10-31,USD/EUR,EUR,1.02663,1.03141,1.02632,1.02862
2025-11-01,USD/EUR,EUR,1.02862,1.03036,1.02293,1.02384
2025-11-02,USD/EUR,EUR,1.02384,1.02511,1.0181,1.01815
2025-11-03,USD/EUR,EUR,1.01815,1.02078,1.01427,1.02014
2025-11-04,USD/EUR,EUR,1.02014,1.02184,1.01979,1.02061
2025-11-05,USD/EUR,EUR,1.02061,1.02271,1.0205,1.02257
2025-11-06,USD/EUR,EUR,1.02257,1.02447,1.01607,1.02008
2025-11-07,USD/EUR,EUR,1.02008,1.02992,1.0181,1.02635
2025-11-08,USD/EUR,EUR,1.02635,1.02892,1.02294,1.02379
2025-11-09,USD/EUR,EUR,1.02379,1.03022,1.02299,1.02828
2025-11-10,USD/EUR,EUR,1.02828,1.03445,1.02188,1.02529
2025-11-11,USD/EUR,EUR,1.02529,1.02825,1.0241,1.02643
2025-11-12,USD/EUR,EUR,1.02643,1.0268,1.02565,1.02578
2025-11-13,USD/EUR,EUR,1.02578,1.02855,1.01893,1.02527
2025-11-14,USD/EUR,EUR,1.02527,1.02921,1.02304,1.02329
2025-11-15,USD/EUR,EUR,1.02329,1.03488,1.0186,1.03255
2025-11-16,USD/EUR,EUR,1.03255,1.04025,1.03091,1.03864
2025-11-17,USD/EUR,EUR,1.03864,1.04569,1.03804,1.04458
2025-11-18,USD/EUR,EUR,1.04458,1.04754,1.04058,1.04247
2025-11-19,USD/EUR,EUR,1.04247,1.04257,1.03579,1.03803
2025-11-20,USD/EUR,EUR,1.03803,1.04342,1.03706,1.0389
2025-11-21,USD/EUR,EUR,1.0389,1.04776,1.03781,1.04195
2025-11-22,USD/EUR,EUR,1.04195,1.04999,1.03707,1.04645
2025-11-23,USD/EUR,EUR,1.04645,1.05007,1.04628,1.048
2025-11-24,USD/EUR,EUR,1.048,1.05029,1.04642,1.05007
2025-11-25,USD/EUR,EUR,1.05007,1.05057,1.04256,1.04671
2025-11-26,USD/EUR,EUR,1.04671,1.04936,1.04417,1.04632
2025-11-27,USD/EUR,EUR,1.04632,1.05408,1.04454,1.05087
2025-11-28,USD/EUR,EUR,1.05087,1.0518,1.04332,1.04687
2025-11-29,USD/EUR,EUR,1.04687,1.05421,1.04572,1.04741
2025-11-30,USD/EUR,EUR,1.04741,1.04904,1.04702,1.04814
2025-12-01,USD/EUR,EUR,1.04814,1.05022,1.04479,1.0476
2025-12-02,USD/EUR,EUR,1.0476,1.0515,1.03937,1.04474
2025-12-03,USD/EUR,EUR,1.04474,1.04985,1.03844,1.04662
2025-12-04,USD/EUR,EUR,1.04662,1.05538,1.0466,1.04806
2025-12-05,USD/EUR,EUR,1.04806,1.0514,1.04777,1.05116
2025-12-06,USD/EUR,EUR,1.05116,1.05542,1.05037,1.05456
2025-12-07,USD/EUR,EUR,1.05456,1.05774,1.05163,1.05577
2025-12-08,USD/EUR,EUR,1.05577,1.058,1.05356,1.05514
2025-12-09,USD/EUR,EUR,1.05514,1.05523,1.05182,1.05185
2025-12-10,USD/EUR,EUR,1.05185,1.05727,1.05177,1.05586
2025-12-11,USD/EUR,EUR,1.05586,1.06303,1.05422,1.05891
2025-12-12,USD/EUR,EUR,1.05891,1.06286,1.05575,1.05897
2025-12-13,USD/EUR,EUR,1.05897,1.06077,1.0573,1.05786
2025-12-14,USD/EUR,EUR,1.05786,1.05966,1.05765,1.05809
2025-12-15,USD/EUR,EUR,1.05809,1.0601,1.05224,1.05991
2025-12-16,USD/EUR,EUR,1.05991,1.06034,1.05287,1.05645
2025-12-17,USD/EUR,EUR,1.05645,1.06322,1.05284,1.05869
2025-12-18,USD/EUR,EUR,1.05869,1.06311,1.05748,1.05792
2025-12-19,USD/EUR,EUR,1.05792,1.05973,1.0558,1.05669
2025-12-20,USD/EUR,EUR,1.05669,1.05719,1.0548,1.05528
2025-12-21,USD/EUR,EUR,1.05528,1.0566,1.05176,1.05531
2025-12-22,USD/EUR,EUR,1.05531,1.06324,1.04776,1.05884
2025-12-23,USD/EUR,EUR,1.05884,1.06639,1.05817,1.06232
2025-12-24,USD/EUR,EUR,1.06232,1.06768,1.05639,1.05799
2025-12-25,USD/EUR,EUR,1.05799,1.06254,1.05032,1.06082
2025-12-26,USD/EUR,EUR,1.06082,1.06199,1.05443,1.05882
2025-12-27,USD/EUR,EUR,1.05882,1.05956,1.0571,1.05952
2025-12-28,USD/EUR,EUR,1.05952,1.06287,1.05597,1.05998
2025-12-29,USD/EUR,EUR,1.05998,1.06006,1.05665,1.05941
2025-12-30,USD/EUR,EUR,1.05941,1.06204,1.05728,1.05779
2025-12-31,USD/EUR,EUR,1.05779,1.06824,1.05301,1.06415
2026-01-01,USD/EUR,EUR,1.06415,1.07028,1.06216,1.06965
2026-01-02,USD/EUR,EUR,1.06965,1.07539,1.06418,1.07357
2026-01-03,USD/EUR,EUR,1.07357,1.0776,1.06708,1.07613
2026-01-04,USD/EUR,EUR,1.07613,1.07837,1.07297,1.07387
2026-01-05,USD/EUR,EUR,1.07387,1.08351,1.07378,1.07879
2026-01-06,USD/EUR,EUR,1.07879,1.08018,1.07392,1.07597
2026-01-07,USD/EUR,EUR,1.07597,1.08398,1.07486,1.08357
2026-01-08,USD/EUR,EUR,1.08357,1.08838,1.08062,1.08429
2026-01-09,USD/EUR,EUR,1.08429,1.09087,1.08111,1.08887
2026-01-10,USD/EUR,EUR,1.08887,1.09456,1.08668,1.09094
2026-01-11,USD/EUR,EUR,1.09094,1.09708,1.08659,1.09476
2026-01-12,USD/EUR,EUR,1.09476,1.10153,1.09399,1.10054
2026-01-13,USD/EUR,EUR,1.10054,1.1074,1.09913,1.10567
2026-01-14,USD/EUR,EUR,1.10567,1.11608,1.1028,1.11407
2026-01-15,USD/EUR,EUR,1.11407,1.11516,1.10931,1.11432
2026-01-16,USD/EUR,EUR,1.11432,1.118,1.11097,1.11632
2026-01-17,USD/EUR,EUR,1.11632,1.11894,1.11166,1.11492
2026-01-18,USD/EUR,EUR,1.11492,1.12134,1.10385,1.10727
2026-01-19,USD/EUR,EUR,1.10727,1.10812,1.10548,1.10643
2026-01-20,USD/EUR,EUR,1.10643,1.11229,1.10462,1.10961
2026-01-21,USD/EUR,EUR,1.10961,1.11049,1.10821,1.10899
2026-01-22,USD/EUR,EUR,1.10899,1.11678,1.1067,1.11525
2026-01-23,USD/EUR,EUR,1.11525,1.12153,1.11468,1.11786
2026-01-24,USD/EUR,EUR,1.11786,1.11911,1.11078,1.1128
2026-01-25,USD/EUR,EUR,1.1128,1.11463,1.10692,1.11077
2026-01-26,USD/EUR,EUR,1.11077,1.11183,1.10547,1.11087
2026-01-27,USD/EUR,EUR,1.11087,1.11993,1.10911,1.11183
2026-01-28,USD/EUR,EUR,1.11183,1.11418,1.10382,1.105
2026-01-29,USD/EUR,EUR,1.105,1.1121,1.10457,1.11001
2026-01-30,USD/EUR,EUR,1.11001,1.11066,1.10265,1.10528
2026-01-31,USD/EUR,EUR,1.10528,1.1071,1.0979,1.10305
2026-02-01,USD/EUR,EUR,1.10305,1.1083,1.10168,1.1046
2026-02-02,USD/EUR,EUR,1.1046,1.11114,1.10419,1.10925
2026-02-03,USD/EUR,EUR,1.10925,1.11177,1.10723,1.10933
2026-02-04,USD/EUR,EUR,1.10933,1.11063,1.10612,1.10888
2026-02-05,USD/EUR,EUR,1.10888,1.11112,1.10605,1.1072
2026-02-06,USD/EUR,EUR,1.1072,1.11517,1.10651,1.11392
2026-02-07,USD/EUR,EUR,1.11392,1.12202,1.10843,1.11758
2026-02-08,USD/EUR,EUR,1.11758,1.12153,1.10991,1.11163
2026-02-09,USD/EUR,EUR,1.11163,1.12338,1.11106,1.12161
2026-02-10,USD/EUR,EUR,1.12161,1.13402,1.11513,1.12768
2026-02-11,USD/EUR,EUR,1.12768,1.13572,1.12581,1.13248
2026-02-12,USD/EUR,EUR,1.13248,1.13734,1.12988,1.13558
2026-02-13,USD/EUR,EUR,1.13558,1.13613,1.13414,1.13559
2026-02-14,USD/EUR,EUR,1.13559,1.14143,1.13531,1.13838
2026-02-15,USD/EUR,EUR,1.13838,1.14795,1.13777,1.14429
2026-02-16,USD/EUR,EUR,1.14429,1.15027,1.14118,1.14144
2026-02-17,USD/EUR,EUR,1.14144,1.14628,1.13897,1.14098
2026-02-18,USD/EUR,EUR,1.14098,1.1469,1.13303,1.13691
2026-02-19,USD/EUR,EUR,1.13691,1.13998,1.13386,1.13925
2026-02-20,USD/EUR,EUR,1.13925,1.14273,1.13179,1.13779
2026-02-21,USD/EUR,EUR,1.13779,1.14553,1.13422,1.14396
2026-02-22,USD/EUR,EUR,1.14396,1.15021,1.14292,1.14455
2026-02-23,USD/EUR,EUR,1.14455,1.14604,1.13887,1.14398
2026-02-24,USD/EUR,EUR,1.14398,1.14777,1.14023,1.14606
2026-02-25,USD/EUR,EUR,1.14606,1.14615,1.12893,1.13456
2026-02-26,USD/EUR,EUR,1.13456,1.14264,1.13265,1.14118
2026-02-27,USD/EUR,EUR,1.14118,1.14627,1.14021,1.14307
2026-02-28,USD/EUR,EUR,1.14307,1.1501,1.14275,1.14616
2026-03-01,USD/EUR,EUR,1.14616,1.14898,1.14272,1.14537
2026-03-02,USD/EUR,EUR,1.14537,1.14655,1.14156,1.14448
2026-03-03,USD/EUR,EUR,1.14448,1.14927,1.14042,1.14129
2026-03-04,USD/EUR,EUR,1.14129,1.14368,1.13348,1.14123
2026-03-05,USD/EUR,EUR,1.14123,1.14714,1.14033,1.14478
2026-03-06,USD/EUR,EUR,1.14478,1.14673,1.13977,1.14507
2026-03-07,USD/EUR,EUR,1.14507,1.14762,1.13896,1.14297
2026-03-08,USD/EUR,EUR,1.14297,1.14852,1.14148,1.14417
2026-03-09,USD/EUR,EUR,1.14417,1.14935,1.14032,1.14405
2026-03-10,USD/EUR,EUR,1.14405,1.14665,1.14049,1.14113
2026-03-11,USD/EUR,EUR,1.14113,1.149,1.14094,1.14574
2026-03-12,USD/EUR,EUR,1.14574,1.14971,1.14518,1.14749
2026-03-13,USD/EUR,EUR,1.14749,1.15014,1.14576,1.14603
2026-03-14,USD/EUR,EUR,1.14603,1.15541,1.14036,1.14176
2026-03-15,USD/EUR,EUR,1.14176,1.15297,1.13853,1.14539
2026-03-16,USD/EUR,EUR,1.14539,1.15451,1.14533,1.1479
2026-03-17,USD/EUR,EUR,1.1479,1.14848,1.14059,1.145
2026-03-18,USD/EUR,EUR,1.145,1.14756,1.14089,1.14243
2026-03-19,USD/EUR,EUR,1.14243,1.14282,1.13346,1.13864
2026-03-20,USD/EUR,EUR,1.13864,1.14076,1.13771,1.13995
2026-03-21,USD/EUR,EUR,1.13995,1.14277,1.13349,1.13374
2026-03-22,USD/EUR,EUR,1.13374,1.14387,1.1321,1.13304
2026-03-23,USD/EUR,EUR,1.13304,1.1344,1.12645,1.13008
2026-03-24,USD/EUR,EUR,1.13008,1.13511,1.12718,1.13055
2026-03-25,USD/EUR,EUR,1.13055,1.13648,1.12452,1.12793
2026-03-26,USD/EUR,EUR,1.12793,1.13198,1.12598,1.12619
2026-03-27,USD/EUR,EUR,1.12619,1.13111,1.12352,1.12957
2026-03-28,USD/EUR,EUR,1.12957,1.13283,1.126,1.12705
2026-03-29,USD/EUR,EUR,1.12705,1.13007,1.12415,1.12548
2026-03-30,USD/EUR,EUR,1.12548,1.13702,1.12541,1.13363
2026-03-31,USD/EUR,EUR,1.13363,1.13951,1.13219,1.13926
2026-04-01,USD/EUR,EUR,1.13926,1.14062,1.13445,1.13504
2026-04-02,USD/EUR,EUR,1.13504,1.14277,1.12681,1.13898
2026-04-03,USD/EUR,EUR,1.13898,1.14236,1.13836,1.14131
2026-04-04,USD/EUR,EUR,1.14131,1.1424,1.13898,1.13993
2026-04-05,USD/EUR,EUR,1.13993,1.14483,1.13671,1.14062
2026-04-06,USD/EUR,EUR,1.14062,1.14942,1.14024,1.1452
2026-04-07,USD/EUR,EUR,1.1452,1.14714,1.13259,1.13671
2026-04-08,USD/EUR,EUR,1.13671,1.13989,1.13504,1.13664
2026-04-09,USD/EUR,EUR,1.13664,1.14176,1.13588,1.14001
2026-04-10,USD/EUR,EUR,1.14001,1.14126,1.13563,1.13857
2026-04-11,USD/EUR,EUR,1.13857,1.14606,1.13469,1.14503
2026-04-12,USD/EUR,EUR,1.14503,1.15437,1.14365,1.15115
2026-04-13,USD/EUR,EUR,1.15115,1.15288,1.14824,1.1528
2026-04-14,USD/EUR,EUR,1.1528,1.15794,1.14897,1.15413
2026-04-15,USD/EUR,EUR,1.15413,1.15478,1.15136,1.15228
2026-04-16,USD/EUR,EUR,1.15228,1.15417,1.14973,1.15126
2026-04-17,USD/EUR,EUR,1.15126,1.15914,1.15085,1.15479
2026-04-18,USD/EUR,EUR,1.15479,1.16591,1.1526,1.16265
2026-04-19,USD/EUR,EUR,1.16265,1.16535,1.16151,1.16477
2026-04-20,USD/EUR,EUR,1.16477,1.16886,1.16115,1.16678
2026-04-21,USD/EUR,EUR,1.16678,1.16927,1.16459,1.16848
2026-04-22,USD/EUR,EUR,1.16848,1.17671,1.16529,1.17627
2026-04-23,USD/EUR,EUR,1.17627,1.18125,1.16912,1.18085
2026-04-24,USD/EUR,EUR,1.18085,1.18616,1.18056,1.18438
2026-04-25,USD/EUR,EUR,1.18438,1.18641,1.18203,1.18578
2026-04-26,USD/EUR,EUR,1.18578,1.18748,1.18314,1.184
2026-04-27,USD/EUR,EUR,1.184,1.18913,1.1809,1.18708
2026-04-28,USD/EUR,EUR,1.18708,1.19341,1.1844,1.19162
2026-04-29,USD/EUR,EUR,1.19162,1.19931,1.19087,1.19317
2026-04-30,USD/EUR,EUR,1.19317,1.19324,1.19073,1.19174
2026-05-01,USD/EUR,EUR,1.19174,1.20051,1.18822,1.1951
2026-05-02,USD/EUR,EUR,1.1951,1.19828,1.18495,1.19066
2026-05-03,USD/EUR,EUR,1.19066,1.19122,1.19001,1.19025
2026-05-04,USD/EUR,EUR,1.19025,1.19821,1.18945,1.19511
2026-05-05,USD/EUR,EUR,1.19511,1.20089,1.19447,1.19921
2026-05-06,USD/EUR,EUR,1.19921,1.21255,1.19694,1.20344
2026-05-07,USD/EUR,EUR,1.20344,1.20961,1.19899,1.20071
2026-05-08,USD/EUR,EUR,1.20071,1.20697,1.1975,1.2065
2026-05-09,USD/EUR,EUR,1.2065,1.2178,1.20096,1.21334
2026-05-10,USD/EUR,EUR,1.21334,1.21677,1.20789,1.21651
2026-05-11,USD/EUR,EUR,1.21651,1.21938,1.2081,1.21549
2026-05-12,USD/EUR,EUR,1.21549,1.21591,1.21289,1.21476
2026-05-13,USD/EUR,EUR,1.21476,1.22074,1.21265,1.21497
2026-05-14,USD/EUR,EUR,1.21497,1.21835,1.21048,1.21583
2026-05-15,USD/EUR,EUR,1.21583,1.21595,1.21179,1.21325
2026-05-16,USD/EUR,EUR,1.21325,1.21802,1.21005,1.21033
2026-05-17,USD/EUR,EUR,1.21033,1.21291,1.2037,1.20398
2026-05-18,USD/EUR,EUR,1.20398,1.20502,1.19534,1.19786
2026-05-19,USD/EUR,EUR,1.19786,1.20373,1.19157,1.19923
2026-05-20,USD/EUR,EUR,1.19923,1.20027,1.19697,1.19973
2026-05-21,USD/EUR,EUR,1.19973,1.20318,1.19866,1.20065
2026-05-22,USD/EUR,EUR,1.20065,1.20427,1.19726,1.19733
2026-05-23,USD/EUR,EUR,1.19733,1.20553,1.19496,1.20532
2026-05-24,USD/EUR,EUR,1.20532,1.21141,1.19364,1.19896
2026-05-25,USD/EUR,EUR,1.19896,1.20181,1.19365,1.2001
2026-05-26,USD/EUR,EUR,1.2001,1.20552,1.19961,1.20389
2026-05-27,USD/EUR,EUR,1.20389,1.21375,1.20298,1.21071
2026-05-28,USD/EUR,EUR,1.21071,1.218,1.20452,1.20695
2026-05-29,USD/EUR,EUR,1.20695,1.21029,1.20564,1.20609
2026-05-30,USD/EUR,EUR,1.20609,1.20719,1.20389,1.20643
2026-05-31,USD/EUR,EUR,1.20643,1.20866,1.20275,1.20717
2026-06-01,USD/EUR,EUR,1.20717,1.21349,1.20711,1.21316
2026-06-02,USD/EUR,EUR,1.21316,1.21698,1.20992,1.21619
2026-06-03,USD/EUR,EUR,1.21619,1.21952,1.21496,1.21743
2026-06-04,USD/EUR,EUR,1.21743,1.2178,1.21247,1.21258
2026-06-05,USD/EUR,EUR,1.21258,1.21302,1.20534,1.21173
2026-06-06,USD/EUR,EUR,1.21173,1.21204,1.20888,1.20942
2026-06-07,USD/EUR,EUR,1.20942,1.21371,1.20217,1.2051
2026-06-08,USD/EUR,EUR,1.2051,1.21066,1.20292,1.20921
2026-06-09,USD/EUR,EUR,1.20921,1.22081,1.2061,1.21675
2026-06-10,USD/EUR,EUR,1.21675,1.22333,1.212,1.22103
2026-06-11,USD/EUR,EUR,1.22103,1.22202,1.2191,1.21999
2026-06-12,USD/EUR,EUR,1.21999,1.22276,1.21673,1.21944
2026-06-13,USD/EUR,EUR,1.21944,1.22389,1.20636,1.212
2026-06-14,USD/EUR,EUR,1.212,1.22024,1.2083,1.21641
2026-06-15,USD/EUR,EUR,1.21641,1.22017,1.21395,1.21468
2026-06-16,USD/EUR,EUR,1.21468,1.21733,1.20894,1.2134
2026-06-17,USD/EUR,EUR,1.2134,1.22127,1.21268,1.21935
2026-06-18,USD/EUR,EUR,1.21935,1.2221,1.20891,1.21219
2026-06-19,USD/EUR,EUR,1.21219,1.22328,1.21018,1.21907
2026-06-20,USD/EUR,EUR,1.21907,1.22002,1.21621,1.21898
2026-06-21,USD/EUR,EUR,1.21898,1.22243,1.21893,1.22081
2026-06-22,USD/EUR,EUR,1.22081,1.22319,1.21932,1.22317
2026-06-23,USD/EUR,EUR,1.22317,1.22347,1.22146,1.22272
2026-06-24,USD/EUR,EUR,1.22272,1.2282,1.21972,1.22164
2026-06-25,USD/EUR,EUR,1.22164,1.22403,1.21926,1.2204
2026-06-26,USD/EUR,EUR,1.2204,1.22671,1.22004,1.22544
2026-06-27,USD/EUR,EUR,1.22544,1.23278,1.22157,1.22738
2026-06-28,USD/EUR,EUR,1.22738,1.22787,1.21635,1.22228
2026-06-29,USD/EUR,EUR,1.22228,1.23405,1.22056,1.23185
2026-06-30,USD/EUR,EUR,1.23185,1.23372,1.22141,1.22411
2026-07-01,USD/EUR,EUR,1.22411,1.22468,1.21986,1.22147
2026-07-02,USD/EUR,EUR,1.22147,1.22403,1.20939,1.21304
2026-07-03,USD/EUR,EUR,1.21304,1.22113,1.20991,1.21408
2026-07-04,USD/EUR,EUR,1.21408,1.21505,1.19964,1.20335
2026-07-05,USD/EUR,EUR,1.20335,1.21579,1.20167,1.21162
2026-07-06,USD/EUR,EUR,1.21162,1.21198,1.20071,1.20967
2026-07-07,USD/EUR,EUR,1.20967,1.21053,1.20176,1.20333
2026-07-08,USD/EUR,EUR,1.20333,1.20826,1.20229,1.20793
2026-07-09,USD/EUR,EUR,1.20793,1.20884,1.20514,1.2063
2026-07-10,USD/EUR,EUR,1.2063,1.2102,1.20502,1.20895
2026-07-11,USD/EUR,EUR,1.20895,1.21276,1.20867,1.20885
2026-07-12,USD/EUR,EUR,1.20885,1.21312,1.19832,1.20137
2026-07-13,USD/EUR,EUR,1.20137,1.20337,1.19403,1.19864
2026-07-14,USD/EUR,EUR,1.19864,1.20917,1.18619,1.18971
2026-07-15,USD/EUR,EUR,1.18971,1.19084,1.18876,1.19066
2026-07-16,USD/EUR,EUR,1.19066,1.19501,1.18881,1.19286
2026-07-17,USD/EUR,EUR,1.19286,1.19391,1.19235,1.19325
2026-07-18,USD/EUR,EUR,1.19325,1.19704,1.19048,1.19246
2026-07-19,USD/EUR,EUR,1.19246,1.19465,1.17957,1.18022
2026-07-20,USD/EUR,EUR,1.18022,1.1815,1.17645,1.18016
2026-07-21,USD/EUR,EUR,1.18016,1.18666,1.17882,1.1841
2026-07-22,USD/EUR,EUR,1.1841,1.18867,1.17803,1.1801
2026-07-23,USD/EUR,EUR,1.1801,1.18684,1.1784,1.18368
2026-07-24,USD/EUR,EUR,1.18368,1.18842,1.18156,1.18671
2026-07-25,USD/EUR,EUR,1.18671,1.19119,1.1842,1.18853
2026-07-26,USD/EUR,EUR,1.18853,1.19586,1.18736,1.1935
2026-07-27,USD/EUR,EUR,1.1935,1.19808,1.19055,1.19799
2026-07-28,USD/EUR,EUR,1.19799,1.20049,1.19507,1.19733
2026-07-29,USD/EUR,EUR,1.19733,1.19999,1.19572,1.19675
2026-07-30,USD/EUR,EUR,1.19675,1.19746,1.18884,1.18884
2026-07-31,USD/EUR,EUR,1.18884,1.19104,1.18235,1.18547
2026-08-01,USD/EUR,EUR,1.18547,1.188,1.17628,1.17882
2026-08-02,USD/EUR,EUR,1.17882,1.18156,1.17433,1.17497
2026-08-03,USD/EUR,EUR,1.17497,1.18156,1.17181,1.1739
2026-08-04,USD/EUR,EUR,1.1739,1.1741,1.16792,1.16883
2026-08-05,USD/EUR,EUR,1.16883,1.17873,1.15895,1.17442
2026-08-06,USD/EUR,EUR,1.17442,1.18113,1.17035,1.1752
2026-08-07,USD/EUR,EUR,1.1752,1.17771,1.17255,1.17609
2026-08-08,USD/EUR,EUR,1.17609,1.17766,1.17044,1.1721
2026-08-09,USD/EUR,EUR,1.1721,1.18557,1.17082,1.17648
2026-08-10,USD/EUR,EUR,1.17648,1.17656,1.16859,1.1744
2026-08-11,USD/EUR,EUR,1.1744,1.17575,1.16985,1.17157
2026-08-12,USD/EUR,EUR,1.17157,1.17492,1.16789,1.17222
2026-08-13,USD/EUR,EUR,1.17222,1.17228,1.17114,1.17224
2026-08-14,USD/EUR,EUR,1.17224,1.17561,1.1694,1.1729
2026-08-15,USD/EUR,EUR,1.1729,1.1739,1.16582,1.17023
2026-08-16,USD/EUR,EUR,1.17023,1.17179,1.16404,1.16689
2026-08-17,USD/EUR,EUR,1.16689,1.16862,1.16411,1.16799
2026-08-18,USD/EUR,EUR,1.16799,1.16927,1.16711,1.16745
2026-08-19,USD/EUR,EUR,1.16745,1.17047,1.15948,1.16856
2026-08-20,USD/EUR,EUR,1.16856,1.17321,1.165,1.16803
2026-08-21,USD/EUR,EUR,1.16803,1.17606,1.16774,1.172
2026-08-22,USD/EUR,EUR,1.172,1.17486,1.17097,1.17284
2026-08-23,USD/EUR,EUR,1.17284,1.17935,1.17238,1.17539
2026-08-24,USD/EUR,EUR,1.17539,1.17539,1.17158,1.17356
2026-08-25,USD/EUR,EUR,1.17356,1.1811,1.16585,1.16765
2026-08-26,USD/EUR,EUR,1.16765,1.16931,1.16221,1.16269
2026-08-27,USD/EUR,EUR,1.16269,1.16742,1.1598,1.16087
2026-08-28,USD/EUR,EUR,1.16087,1.16413,1.15716,1.16211
2026-08-29,USD/EUR,EUR,1.16211,1.16661,1.15993,1.16636
2026-08-30,USD/EUR,EUR,1.16636,1.17143,1.15935,1.16201
2026-08-31,USD/EUR,EUR,1.16201,1.1665,1.15918,1.16356
2026-09-01,USD/EUR,EUR,1.16356,1.17206,1.15821,1.16817
2026-09-02,USD/EUR,EUR,1.16817,1.17026,1.16344,1.16451
2026-09-03,USD/EUR,EUR,1.16451,1.16877,1.16398,1.16699
2026-09-04,USD/EUR,EUR,1.16699,1.17046,1.16457,1.16718
2026-09-05,USD/EUR,EUR,1.16718,1.16793,1.16186,1.16511
2026-09-06,USD/EUR,EUR,1.16511,1.16573,1.14688,1.15468
2026-09-07,USD/EUR,EUR,1.15468,1.15794,1.15383,1.15788
2026-09-08,USD/EUR,EUR,1.15788,1.15976,1.15405,1.15799
2026-09-09,USD/EUR,EUR,1.15799,1.16486,1.15566,1.16253
2026-09-10,USD/EUR,EUR,1.16253,1.1644,1.16034,1.16434
2026-09-11,USD/EUR,EUR,1.16434,1.16793,1.16247,1.16677
2026-09-12,USD/EUR,EUR,1.16677,1.17227,1.16272,1.16721
2026-09-13,USD/EUR,EUR,1.16721,1.16775,1.16107,1.16124
2026-09-14,USD/EUR,EUR,1.16124,1.16276,1.16051,1.16197
2026-09-15,USD/EUR,EUR,1.16197,1.17329,1.15927,1.16805
2026-09-16,USD/EUR,EUR,1.16805,1.17342,1.16708,1.16765
2026-09-17,USD/EUR,EUR,1.16765,1.17453,1.1669,1.17446
2026-09-18,USD/EUR,EUR,1.17446,1.17649,1.16808,1.16931
2026-09-19,USD/EUR,EUR,1.16931,1.1735,1.16621,1.16803
2026-09-20,USD/EUR,EUR,1.16803,1.16884,1.16189,1.16351
2026-09-21,USD/EUR,EUR,1.16351,1.17335,1.1602,1.16818
2026-09-22,USD/EUR,EUR,1.16818,1.17229,1.16412,1.16488
2026-09-23,USD/EUR,EUR,1.16488,1.17004,1.16464,1.16681
2026-09-24,USD/EUR,EUR,1.16681,1.16731,1.1628,1.16553
2026-09-25,USD/EUR,EUR,1.16553,1.17936,1.16492,1.17407
2026-09-26,USD/EUR,EUR,1.17407,1.18244,1.17345,1.18241
2026-09-27,USD/EUR,EUR,1.18241,1.18301,1.17642,1.18096
2026-09-28,USD/EUR,EUR,1.18096,1.18603,1.16717,1.17184
2026-09-29,USD/EUR,EUR,1.17184,1.17325,1.16884,1.17077
2026-09-30,USD/EUR,EUR,1.17077,1.17228,1.15764,1.16424
2024-09-30,USD/GBP,GBP,0.79,0.79048,0.78402,0.78568
2024-10-01,USD/GBP,GBP,0.78568,0.78706,0.78407,0.78702
2024-10-02,USD/GBP,GBP,0.78702,0.7931,0.78653,0.78854
2024-10-03,USD/GBP,GBP,0.78854,0.79408,0.78613,0.79081
2024-10-04,USD/GBP,GBP,0.79081,0.79605,0.78991,0.79229
2024-10-05,USD/GBP,GBP,0.79229,0.79229,0.78813,0.79129
2024-10-06,USD/GBP,GBP,0.79129,0.79544,0.79015,0.7932
2024-10-07,USD/GBP,GBP,0.7932,0.79387,0.79059,0.7917
2024-10-08,USD/GBP,GBP,0.7917,0.79702,0.79085,0.79148
2024-10-09,USD/GBP,GBP,0.79148,0.79312,0.78846,0.79034
2024-10-10,USD/GBP,GBP,0.79034,0.79198,0.78642,0.78976
2024-10-11,USD/GBP,GBP,0.78976,0.79576,0.78504,0.79423
2024-10-12,USD/GBP,GBP,0.79423,0.79917,0.79222,0.79743
2024-10-13,USD/GBP,GBP,0.79743,0.7997,0.78807,0.79113
2024-10-14,USD/GBP,GBP,0.79113,0.79348,0.78872,0.79344
2024-10-15,USD/GBP,GBP,0.79344,0.79518,0.79187,0.79214
2024-10-16,USD/GBP,GBP,0.79214,0.79901,0.78817,0.79398
2024-10-17,USD/GBP,GBP,0.79398,0.79938,0.7917,0.79911
2024-10-18,USD/GBP,GBP,0.79911,0.7996,0.79251,0.79485
2024-10-19,USD/GBP,GBP,0.79485,0.7987,0.79075,0.79444
2024-10-20,USD/GBP,GBP,0.79444,0.79762,0.79347,0.79439
2024-10-21,USD/GBP,GBP,0.79439,0.79828,0.78777,0.7972
2024-10-22,USD/GBP,GBP,0.7972,0.79894,0.79617,0.79783
2024-10-23,USD/GBP,GBP,0.79783,0.80451,0.79609,0.80176
2024-10-24,USD/GBP,GBP,0.80176,0.81017,0.80094,0.80558
2024-10-25,USD/GBP,GBP,0.80558,0.80579,0.80305,0.80395
2024-10-26,USD/GBP,GBP,0.80395,0.80569,0.80229,0.80237
2024-10-27,USD/GBP,GBP,0.80237,0.80516,0.79714,0.79888
2024-10-28,USD/GBP,GBP,0.79888,0.80058,0.79402,0.7952
2024-10-29,USD/GBP,GBP,0.7952,0.79692,0.78668,0.7897
2024-10-30,USD/GBP,GBP,0.7897,0.79087,0.78543,0.78659
2024-10-31,USD/GBP,GBP,0.78659,0.78968,0.78509,0.78905
2024-11-01,USD/GBP,GBP,0.78905,0.79795,0.78658,0.79353
2024-11-02,USD/GBP,GBP,0.79353,0.79585,0.79142,0.79379
2024-11-03,USD/GBP,GBP,0.79379,0.79651,0.79023,0.79544
2024-11-04,USD/GBP,GBP,0.79544,0.80134,0.79277,0.79751
2024-11-05,USD/GBP,GBP,0.79751,0.79849,0.79368,0.79431
2024-11-06,USD/GBP,GBP,0.79431,0.80861,0.79277,0.80065
2024-11-07,USD/GBP,GBP,0.80065,0.80202,0.79778,0.80005
2024-11-08,USD/GBP,GBP,0.80005,0.80465,0.79843,0.79902
2024-11-09,USD/GBP,GBP,0.79902,0.80231,0.79794,0.8006
2024-11-10,USD/GBP,GBP,0.8006,0.80487,0.79917,0.80328
2024-11-11,USD/GBP,GBP,0.80328,0.80441,0.79774,0.79974
2024-11-12,USD/GBP,GBP,0.79974,0.80549,0.79972,0.80119
2024-11-13,USD/GBP,GBP,0.80119,0.80613,0.8002,0.80333
2024-11-14,USD/GBP,GBP,0.80333,0.80774,0.80257,0.80556
2024-11-15,USD/GBP,GBP,0.80556,0.80947,0.8044,0.80532
2024-11-16,USD/GBP,GBP,0.80532,0.80966,0.80403,0.80818
2024-11-17,USD/GBP,GBP,0.80818,0.80835,0.80647,0.80833
2024-11-18,USD/GBP,GBP,0.80833,0.81167,0.80706,0.81058
2024-11-19,USD/GBP,GBP,0.81058,0.81617,0.80603,0.80887
2024-11-20,USD/GBP,GBP,0.80887,0.8111,0.80552,0.80731
2024-11-21,USD/GBP,GBP,0.80731,0.81005,0.80444,0.80604
2024-11-22,USD/GBP,GBP,0.80604,0.81176,0.80291,0.80823
2024-11-23,USD/GBP,GBP,0.80823,0.81002,0.80786,0.80907
2024-11-24,USD/GBP,GBP,0.80907,0.81013,0.80067,0.80331
2024-11-25,USD/GBP,GBP,0.80331,0.80722,0.79611,0.79896
2024-11-26,USD/GBP,GBP,0.79896,0.80288,0.79557,0.79694
2024-11-27,USD/GBP,GBP,0.79694,0.79979,0.78836,0.79149
2024-11-28,USD/GBP,GBP,0.79149,0.79288,0.79058,0.79099
2024-11-29,USD/GBP,GBP,0.79099,0.7954,0.78732,0.79257
2024-11-30,USD/GBP,GBP,0.79257,0.79593,0.79037,0.79142
2024-12-01,USD/GBP,GBP,0.79142,0.79468,0.78899,0.79223
2024-12-02,USD/GBP,GBP,0.79223,0.79344,0.79215,0.79331
2024-12-03,USD/GBP,GBP,0.79331,0.7939,0.78856,0.7909
2024-12-04,USD/GBP,GBP,0.7909,0.79634,0.78623,0.79371
2024-12-05,USD/GBP,GBP,0.79371,0.79751,0.7891,0.79075
2024-12-06,USD/GBP,GBP,0.79075,0.79442,0.78815,0.79048
2024-12-07,USD/GBP,GBP,0.79048,0.791,0.78712,0.7873
2024-12-08,USD/GBP,GBP,0.7873,0.78774,0.78364,0.78501
2024-12-09,USD/GBP,GBP,0.78501,0.78922,0.78079,0.78415
2024-12-10,USD/GBP,GBP,0.78415,0.78624,0.77804,0.78007
2024-12-11,USD/GBP,GBP,0.78007,0.78211,0.77266,0.77648
2024-12-12,USD/GBP,GBP,0.77648,0.77876,0.77047,0.77298
2024-12-13,USD/GBP,GBP,0.77298,0.77518,0.77214,0.77382
2024-12-14,USD/GBP,GBP,0.77382,0.77831,0.77122,0.77502
2024-12-15,USD/GBP,GBP,0.77502,0.77921,0.77491,0.77864
2024-12-16,USD/GBP,GBP,0.77864,0.77992,0.77244,0.77386
2024-12-17,USD/GBP,GBP,0.77386,0.77664,0.77283,0.77366
2024-12-18,USD/GBP,GBP,0.77366,0.77793,0.7736,0.7754
2024-12-19,USD/GBP,GBP,0.7754,0.77596,0.77393,0.77485
2024-12-20,USD/GBP,GBP,0.77485,0.7769,0.77335,0.77443
2024-12-21,USD/GBP,GBP,0.77443,0.77877,0.76605,0.76945
2024-12-22,USD/GBP,GBP,0.76945,0.77115,0.76423,0.76547
2024-12-23,USD/GBP,GBP,0.76547,0.76699,0.76489,0.76626
2024-12-24,USD/GBP,GBP,0.76626,0.76796,0.76161,0.76385
2024-12-25,USD/GBP,GBP,0.76385,0.76402,0.75956,0.76131
2024-12-26,USD/GBP,GBP,0.76131,0.76701,0.75989,0.76337
2024-12-27,USD/GBP,GBP,0.76337,0.76532,0.76222,0.7641
2024-12-28,USD/GBP,GBP,0.7641,0.76614,0.76292,0.76432
2024-12-29,USD/GBP,GBP,0.76432,0.76645,0.75837,0.76053
2024-12-30,USD/GBP,GBP,0.76053,0.76062,0.75654,0.7582
2024-12-31,USD/GBP,GBP,0.7582,0.7608,0.75183,0.75756
2025-01-01,USD/GBP,GBP,0.75756,0.76091,0.75444,0.75517
2025-01-02,USD/GBP,GBP,0.75517,0.7579,0.75166,0.75734
2025-01-03,USD/GBP,GBP,0.75734,0.75902,0.75182,0.75328
2025-01-04,USD/GBP,GBP,0.75328,0.76329,0.75143,0.75845
2025-01-05,USD/GBP,GBP,0.75845,0.76054,0.75584,0.75678
2025-01-06,USD/GBP,GBP,0.75678,0.75684,0.75198,0.75663
2025-01-07,USD/GBP,GBP,0.75663,0.7583,0.75539,0.75658
2025-01-08,USD/GBP,GBP,0.75658,0.764,0.75461,0.76094
2025-01-09,USD/GBP,GBP,0.76094,0.76163,0.75816,0.76009
2025-01-10,USD/GBP,GBP,0.76009,0.7625,0.75773,0.76111
2025-01-11,USD/GBP,GBP,0.76111,0.7626,0.75746,0.7601
2025-01-12,USD/GBP,GBP,0.7601,0.76727,0.75456,0.75758
2025-01-13,USD/GBP,GBP,0.75758,0.76079,0.75232,0.75348
2025-01-14,USD/GBP,GBP,0.75348,0.75645,0.75286,0.75512
2025-01-15,USD/GBP,GBP,0.75512,0.75591,0.75453,0.75473
2025-01-16,USD/GBP,GBP,0.75473,0.75529,0.74599,0.74803
2025-01-17,USD/GBP,GBP,0.74803,0.75569,0.74715,0.74854
2025-01-18,USD/GBP,GBP,0.74854,0.75075,0.74644,0.7476
2025-01-19,USD/GBP,GBP,0.7476,0.7503,0.74268,0.74885
2025-01-20,USD/GBP,GBP,0.74885,0.74998,0.74324,0.74545
2025-01-21,USD/GBP,GBP,0.74545,0.7493,0.74446,0.7471
2025-01-22,USD/GBP,GBP,0.7471,0.74943,0.74402,0.74621
2025-01-23,USD/GBP,GBP,0.74621,0.74634,0.7408,0.74248
2025-01-24,USD/GBP,GBP,0.74248,0.743,0.73801,0.73874
2025-01-25,USD/GBP,GBP,0.73874,0.74694,0.73548,0.7459
2025-01-26,USD/GBP,GBP,0.7459,0.74834,0.73924,0.74421
2025-01-27,USD/GBP,GBP,0.74421,0.74869,0.73505,0.73948
2025-01-28,USD/GBP,GBP,0.73948,0.74268,0.73822,0.74063
2025-01-29,USD/GBP,GBP,0.74063,0.74063,0.73204,0.73281
2025-01-30,USD/GBP,GBP,0.73281,0.7379,0.73261,0.73551
2025-01-31,USD/GBP,GBP,0.73551,0.73611,0.73068,0.73278
2025-02-01,USD/GBP,GBP,0.73278,0.73512,0.73006,0.73158
2025-02-02,USD/GBP,GBP,0.73158,0.73464,0.73149,0.73408
2025-02-03,USD/GBP,GBP,0.73408,0.73479,0.72971,0.72982
2025-02-04,USD/GBP,GBP,0.72982,0.74009,0.7264,0.73747
2025-02-05,USD/GBP,GBP,0.73747,0.74107,0.73332,0.7404
2025-02-06,USD/GBP,GBP,0.7404,0.74242,0.74027,0.74149
2025-02-07,USD/GBP,GBP,0.74149,0.74773,0.74001,0.74512
2025-02-08,USD/GBP,GBP,0.74512,0.7456,0.73928,0.74118
2025-02-09,USD/GBP,GBP,0.74118,0.74411,0.7399,0.74098
2025-02-10,USD/GBP,GBP,0.74098,0.74112,0.73884,0.74085
2025-02-11,USD/GBP,GBP,0.74085,0.74229,0.73368,0.73418
2025-02-12,USD/GBP,GBP,0.73418,0.73886,0.72977,0.7377
2025-02-13,USD/GBP,GBP,0.7377,0.74102,0.73489,0.73952
2025-02-14,USD/GBP,GBP,0.73952,0.73996,0.73624,0.73767
2025-02-15,USD/GBP,GBP,0.73767,0.73978,0.72817,0.73115
2025-02-16,USD/GBP,GBP,0.73115,0.73572,0.73068,0.73305
2025-02-17,USD/GBP,GBP,0.73305,0.73445,0.73145,0.73302
2025-02-18,USD/GBP,GBP,0.73302,0.73321,0.72979,0.73086
2025-02-19,USD/GBP,GBP,0.73086,0.73677,0.72902,0.73511
2025-02-20,USD/GBP,GBP,0.73511,0.73867,0.73415,0.73535
2025-02-21,USD/GBP,GBP,0.73535,0.73865,0.73117,0.73281
2025-02-22,USD/GBP,GBP,0.73281,0.73393,0.73081,0.7315
2025-02-23,USD/GBP,GBP,0.7315,0.73331,0.73077,0.73285
2025-02-24,USD/GBP,GBP,0.73285,0.74036,0.7324,0.73783
2025-02-25,USD/GBP,GBP,0.73783,0.74304,0.73689,0.7406
2025-02-26,USD/GBP,GBP,0.7406,0.74647,0.73859,0.74595
2025-02-27,USD/GBP,GBP,0.74595,0.74855,0.74213,0.744
2025-02-28,USD/GBP,GBP,0.744,0.74734,0.74285,0.74289
2025-03-01,USD/GBP,GBP,0.74289,0.74773,0.73928,0.74556
2025-03-02,USD/GBP,GBP,0.74556,0.74954,0.74399,0.74708
2025-03-03,USD/GBP,GBP,0.74708,0.75224,0.74495,0.74962
2025-03-04,USD/GBP,GBP,0.74962,0.75146,0.7468,0.75013
2025-03-05,USD/GBP,GBP,0.75013,0.75156,0.74517,0.74744
2025-03-06,USD/GBP,GBP,0.74744,0.75209,0.74541,0.74881
2025-03-07,USD/GBP,GBP,0.74881,0.75014,0.74362,0.74512
2025-03-08,USD/GBP,GBP,0.74512,0.7465,0.74241,0.74303
2025-03-09,USD/GBP,GBP,0.74303,0.74543,0.73677,0.74142
2025-03-10,USD/GBP,GBP,0.74142,0.74617,0.7412,0.74245
2025-03-11,USD/GBP,GBP,0.74245,0.74407,0.74095,0.74166
2025-03-12,USD/GBP,GBP,0.74166,0.7434,0.73988,0.74068
2025-03-13,USD/GBP,GBP,0.74068,0.74272,0.73704,0.74161
2025-03-14,USD/GBP,GBP,0.74161,0.7453,0.73919,0.74384
2025-03-15,USD/GBP,GBP,0.74384,0.74394,0.74279,0.74311
2025-03-16,USD/GBP,GBP,0.74311,0.7475,0.74054,0.7441
2025-03-17,USD/GBP,GBP,0.7441,0.74558,0.73703,0.74018
2025-03-18,USD/GBP,GBP,0.74018,0.74391,0.73542,0.74132
2025-03-19,USD/GBP,GBP,0.74132,0.74494,0.73884,0.74435
2025-03-20,USD/GBP,GBP,0.74435,0.74483,0.74351,0.74477
2025-03-21,USD/GBP,GBP,0.74477,0.75139,0.74112,0.74942
2025-03-22,USD/GBP,GBP,0.74942,0.75428,0.74854,0.75091
2025-03-23,USD/GBP,GBP,0.75091,0.75242,0.74249,0.7446
2025-03-24,USD/GBP,GBP,0.7446,0.74489,0.73818,0.74283
2025-03-25,USD/GBP,GBP,0.74283,0.74534,0.7378,0.74132
2025-03-26,USD/GBP,GBP,0.74132,0.74714,0.73892,0.74713
2025-03-27,USD/GBP,GBP,0.74713,0.75291,0.74597,0.75113
2025-03-28,USD/GBP,GBP,0.75113,0.75889,0.74978,0.75482
2025-03-29,USD/GBP,GBP,0.75482,0.75962,0.75088,0.75216
2025-03-30,USD/GBP,GBP,0.75216,0.75298,0.74741,0.75114
2025-03-31,USD/GBP,GBP,0.75114,0.7547,0.75003,0.7537
2025-04-01,USD/GBP,GBP,0.7537,0.75517,0.7476,0.75382
2025-04-02,USD/GBP,GBP,0.75382,0.7544,0.75015,0.75292
2025-04-03,USD/GBP,GBP,0.75292,0.75457,0.74869,0.75408
2025-04-04,USD/GBP,GBP,0.75408,0.75995,0.75371,0.75881
2025-04-05,USD/GBP,GBP,0.75881,0.75991,0.75811,0.75858
2025-04-06,USD/GBP,GBP,0.75858,0.76133,0.75477,0.75627
2025-04-07,USD/GBP,GBP,0.75627,0.76012,0.75411,0.75817
2025-04-08,USD/GBP,GBP,0.75817,0.75878,0.75426,0.75625
2025-04-09,USD/GBP,GBP,0.75625,0.75735,0.75489,0.75614
2025-04-10,USD/GBP,GBP,0.75614,0.75664,0.75373,0.75554
2025-04-11,USD/GBP,GBP,0.75554,0.75928,0.75381,0.75499
2025-04-12,USD/GBP,GBP,0.75499,0.75561,0.75354,0.75413
2025-04-13,USD/GBP,GBP,0.75413,0.75528,0.75182,0.75393
2025-04-14,USD/GBP,GBP,0.75393,0.75684,0.74946,0.75197
2025-04-15,USD/GBP,GBP,0.75197,0.75281,0.74864,0.75049
2025-04-16,USD/GBP,GBP,0.75049,0.75159,0.74616,0.74659
2025-04-17,USD/GBP,GBP,0.74659,0.7497,0.74561,0.74836
2025-04-18,USD/GBP,GBP,0.74836,0.74844,0.74356,0.74558
2025-04-19,USD/GBP,GBP,0.74558,0.75155,0.74472,0.74728
2025-04-20,USD/GBP,GBP,0.74728,0.74862,0.74084,0.74818
2025-04-21,USD/GBP,GBP,0.74818,0.75162,0.74795,0.74922
2025-04-22,USD/GBP,GBP,0.74922,0.74941,0.7419,0.74389
2025-04-23,USD/GBP,GBP,0.74389,0.74791,0.74361,0.7466
2025-04-24,USD/GBP,GBP,0.7466,0.75076,0.74393,0.7447
2025-04-25,USD/GBP,GBP,0.7447,0.7521,0.74355,0.75015
2025-04-26,USD/GBP,GBP,0.75015,0.75219,0.74552,0.75125
2025-04-27,USD/GBP,GBP,0.75125,0.75328,0.75028,0.7504
2025-04-28,USD/GBP,GBP,0.7504,0.75053,0.74211,0.74618
2025-04-29,USD/GBP,GBP,0.74618,0.75004,0.7439,0.74989
2025-04-30,USD/GBP,GBP,0.74989,0.75398,0.74657,0.74878
2025-05-01,USD/GBP,GBP,0.74878,0.75412,0.7482,0.75346
2025-05-02,USD/GBP,GBP,0.75346,0.75805,0.74863,0.75255
2025-05-03,USD/GBP,GBP,0.75255,0.7596,0.75183,0.75922
2025-05-04,USD/GBP,GBP,0.75922,0.76281,0.75178,0.7546
2025-05-05,USD/GBP,GBP,0.7546,0.7579,0.75318,0.75525
2025-05-06,USD/GBP,GBP,0.75525,0.75672,0.75141,0.75271
2025-05-07,USD/GBP,GBP,0.75271,0.75472,0.7484,0.75105
2025-05-08,USD/GBP,GBP,0.75105,0.75464,0.74982,0.75171
2025-05-09,USD/GBP,GBP,0.75171,0.75226,0.74671,0.74954
2025-05-10,USD/GBP,GBP,0.74954,0.75139,0.74838,0.75012
2025-05-11,USD/GBP,GBP,0.75012,0.75175,0.74583,0.7468
2025-05-12,USD/GBP,GBP,0.7468,0.74881,0.74376,0.74588
2025-05-13,USD/GBP,GBP,0.74588,0.7504,0.74436,0.74746
2025-05-14,USD/GBP,GBP,0.74746,0.75383,0.74607,0.74883
2025-05-15,USD/GBP,GBP,0.74883,0.75101,0.74648,0.74873
2025-05-16,USD/GBP,GBP,0.74873,0.74943,0.74627,0.74672
2025-05-17,USD/GBP,GBP,0.74672,0.75179,0.73859,0.74003
2025-05-18,USD/GBP,GBP,0.74003,0.74789,0.73884,0.74137
2025-05-19,USD/GBP,GBP,0.74137,0.74467,0.73889,0.73981
2025-05-20,USD/GBP,GBP,0.73981,0.74127,0.73476,0.74093
2025-05-21,USD/GBP,GBP,0.74093,0.74371,0.73973,0.7432
2025-05-22,USD/GBP,GBP,0.7432,0.7599,0.7391,0.75487
2025-05-23,USD/GBP,GBP,0.75487,0.75556,0.75388,0.75399
2025-05-24,USD/GBP,GBP,0.75399,0.75537,0.75191,0.7527
2025-05-25,USD/GBP,GBP,0.7527,0.75451,0.74713,0.74813
2025-05-26,USD/GBP,GBP,0.74813,0.74921,0.74174,0.74474
2025-05-27,USD/GBP,GBP,0.74474,0.74559,0.7414,0.74314
2025-05-28,USD/GBP,GBP,0.74314,0.74702,0.73874,0.74538
2025-05-29,USD/GBP,GBP,0.74538,0.74698,0.74462,0.74485
2025-05-30,USD/GBP,GBP,0.74485,0.75043,0.74308,0.7487
2025-05-31,USD/GBP,GBP,0.7487,0.74886,0.74789,0.74811
2025-06-01,USD/GBP,GBP,0.74811,0.74914,0.7476,0.74886
2025-06-02,USD/GBP,GBP,0.74886,0.75596,0.74678,0.75358
2025-06-03,USD/GBP,GBP,0.75358,0.75573,0.7499,0.7522
2025-06-04,USD/GBP,GBP,0.7522,0.75839,0.75075,0.75483
2025-06-05,USD/GBP,GBP,0.75483,0.75879,0.75318,0.75413
2025-06-06,USD/GBP,GBP,0.75413,0.75826,0.75258,0.75713
2025-06-07,USD/GBP,GBP,0.75713,0.75791,0.75376,0.75654
2025-06-08,USD/GBP,GBP,0.75654,0.76404,0.75609,0.75679
2025-06-09,USD/GBP,GBP,0.75679,0.75971,0.74998,0.75185
2025-06-10,USD/GBP,GBP,0.75185,0.75691,0.74957,0.75325
2025-06-11,USD/GBP,GBP,0.75325,0.76077,0.75268,0.7585
2025-06-12,USD/GBP,GBP,0.7585,0.76464,0.7565,0.76194
2025-06-13,USD/GBP,GBP,0.76194,0.76323,0.75751,0.76008
2025-06-14,USD/GBP,GBP,0.76008,0.76442,0.75922,0.76379
2025-06-15,USD/GBP,GBP,0.76379,0.76824,0.76138,0.76204
2025-06-16,USD/GBP,GBP,0.76204,0.76221,0.75289,0.7562
2025-06-17,USD/GBP,GBP,0.7562,0.76443,0.75595,0.76221
2025-06-18,USD/GBP,GBP,0.76221,0.76813,0.76088,0.76605
2025-06-19,USD/GBP,GBP,0.76605,0.7673,0.76293,0.76666
2025-06-20,USD/GBP,GBP,0.76666,0.7696,0.7626,0.76889
2025-06-21,USD/GBP,GBP,0.76889,0.7692,0.76571,0.76593
2025-06-22,USD/GBP,GBP,0.76593,0.77185,0.75876,0.76246
2025-06-23,USD/GBP,GBP,0.76246,0.76447,0.76195,0.76429
2025-06-24,USD/GBP,GBP,0.76429,0.76448,0.76075,0.76137
2025-06-25,USD/GBP,GBP,0.76137,0.76219,0.75721,0.75759
2025-06-26,USD/GBP,GBP,0.75759,0.75967,0.7508,0.7518
2025-06-27,USD/GBP,GBP,0.7518,0.75881,0.74858,0.75747
2025-06-28,USD/GBP,GBP,0.75747,0.76269,0.75484,0.75893
2025-06-29,USD/GBP,GBP,0.75893,0.75916,0.75428,0.75749
2025-06-30,USD/GBP,GBP,0.75749,0.76088,0.75218,0.75359
2025-07-01,USD/GBP,GBP,0.75359,0.76039,0.74676,0.75671
2025-07-02,USD/GBP,GBP,0.75671,0.75804,0.75243,0.75533
2025-07-03,USD/GBP,GBP,0.75533,0.75633,0.75114,0.75393
2025-07-04,USD/GBP,GBP,0.75393,0.75486,0.74783,0.74828
2025-07-05,USD/GBP,GBP,0.74828,0.75084,0.7482,0.74962
2025-07-06,USD/GBP,GBP,0.74962,0.7512,0.74107,0.74215
2025-07-07,USD/GBP,GBP,0.74215,0.74229,0.73817,0.73923
2025-07-08,USD/GBP,GBP,0.73923,0.73963,0.73593,0.73821
2025-07-09,USD/GBP,GBP,0.73821,0.73965,0.73722,0.73759
2025-07-10,USD/GBP,GBP,0.73759,0.73812,0.73417,0.73585
2025-07-11,USD/GBP,GBP,0.73585,0.73858,0.72902,0.72981
2025-07-12,USD/GBP,GBP,0.72981,0.73385,0.72661,0.73104
2025-07-13,USD/GBP,GBP,0.73104,0.73172,0.72713,0.72896
2025-07-14,USD/GBP,GBP,0.72896,0.73603,0.72767,0.73401
2025-07-15,USD/GBP,GBP,0.73401,0.73743,0.73308,0.73461
2025-07-16,USD/GBP,GBP,0.73461,0.73632,0.73439,0.73553
2025-07-17,USD/GBP,GBP,0.73553,0.7391,0.73321,0.73397
2025-07-18,USD/GBP,GBP,0.73397,0.73916,0.73344,0.73911
2025-07-19,USD/GBP,GBP,0.73911,0.74416,0.73509,0.74115
2025-07-20,USD/GBP,GBP,0.74115,0.74562,0.73941,0.74175
2025-07-21,USD/GBP,GBP,0.74175,0.74899,0.74043,0.74713
2025-07-22,USD/GBP,GBP,0.74713,0.74842,0.74426,0.74782
2025-07-23,USD/GBP,GBP,0.74782,0.75295,0.74515,0.74824
2025-07-24,USD/GBP,GBP,0.74824,0.74898,0.74754,0.74767
2025-07-25,USD/GBP,GBP,0.74767,0.756,0.74733,0.75131
2025-07-26,USD/GBP,GBP,0.75131,0.75314,0.74561,0.74584
2025-07-27,USD/GBP,GBP,0.74584,0.74915,0.74279,0.74708
2025-07-28,USD/GBP,GBP,0.74708,0.75159,0.74677,0.75019
2025-07-29,USD/GBP,GBP,0.75019,0.75362,0.74814,0.75192
2025-07-30,USD/GBP,GBP,0.75192,0.75947,0.75017,0.75688
2025-07-31,USD/GBP,GBP,0.75688,0.7611,0.75549,0.75796
2025-08-01,USD/GBP,GBP,0.75796,0.76386,0.75514,0.75932
2025-08-02,USD/GBP,GBP,0.75932,0.76005,0.75552,0.75845
2025-08-03,USD/GBP,GBP,0.75845,0.76024,0.75798,0.75963
2025-08-04,USD/GBP,GBP,0.75963,0.76218,0.75331,0.75732
2025-08-05,USD/GBP,GBP,0.75732,0.75881,0.75466,0.75585
2025-08-06,USD/GBP,GBP,0.75585,0.75619,0.75297,0.75476
2025-08-07,USD/GBP,GBP,0.75476,0.75794,0.74881,0.74899
2025-08-08,USD/GBP,GBP,0.74899,0.7492,0.74766,0.74775
2025-08-09,USD/GBP,GBP,0.74775,0.75132,0.74246,0.74256
2025-08-10,USD/GBP,GBP,0.74256,0.74614,0.74014,0.74387
2025-08-11,USD/GBP,GBP,0.74387,0.74591,0.74185,0.74527
2025-08-12,USD/GBP,GBP,0.74527,0.74551,0.7375,0.73892
2025-08-13,USD/GBP,GBP,0.73892,0.74131,0.73725,0.74019
2025-08-14,USD/GBP,GBP,0.74019,0.74046,0.73596,0.73808
2025-08-15,USD/GBP,GBP,0.73808,0.74143,0.73121,0.74056
2025-08-16,USD/GBP,GBP,0.74056,0.74302,0.73558,0.73944
2025-08-17,USD/GBP,GBP,0.73944,0.7397,0.73264,0.73577
2025-08-18,USD/GBP,GBP,0.73577,0.73811,0.7347,0.73668
2025-08-19,USD/GBP,GBP,0.73668,0.73832,0.73261,0.73532
2025-08-20,USD/GBP,GBP,0.73532,0.73624,0.7298,0.73016
2025-08-21,USD/GBP,GBP,0.73016,0.73114,0.72767,0.72987
2025-08-22,USD/GBP,GBP,0.72987,0.73473,0.72806,0.73164
2025-08-23,USD/GBP,GBP,0.73164,0.73341,0.72528,0.7287
2025-08-24,USD/GBP,GBP,0.7287,0.73098,0.72603,0.72723
2025-08-25,USD/GBP,GBP,0.72723,0.73129,0.72467,0.73007
2025-08-26,USD/GBP,GBP,0.73007,0.7319,0.726,0.7291
2025-08-27,USD/GBP,GBP,0.7291,0.73118,0.72353,0.7256
2025-08-28,USD/GBP,GBP,0.7256,0.73186,0.72395,0.73091
2025-08-29,USD/GBP,GBP,0.73091,0.73903,0.72732,0.73757
2025-08-30,USD/GBP,GBP,0.73757,0.73925,0.7276,0.73201
2025-08-31,USD/GBP,GBP,0.73201,0.73304,0.73048,0.73092
2025-09-01,USD/GBP,GBP,0.73092,0.73267,0.72793,0.73215
2025-09-02,USD/GBP,GBP,0.73215,0.73374,0.72755,0.72936
2025-09-03,USD/GBP,GBP,0.72936,0.73388,0.7283,0.73177
2025-09-04,USD/GBP,GBP,0.73177,0.738,0.72787,0.73523
2025-09-05,USD/GBP,GBP,0.73523,0.74144,0.73104,0.7397
2025-09-06,USD/GBP,GBP,0.7397,0.74094,0.73306,0.73479
2025-09-07,USD/GBP,GBP,0.73479,0.73938,0.73301,0.73691
2025-09-08,USD/GBP,GBP,0.73691,0.74259,0.73624,0.74094
2025-09-09,USD/GBP,GBP,0.74094,0.74295,0.73505,0.738
2025-09-10,USD/GBP,GBP,0.738,0.74039,0.73702,0.7403
2025-09-11,USD/GBP,GBP,0.7403,0.74283,0.7298,0.73429
2025-09-12,USD/GBP,GBP,0.73429,0.73474,0.72817,0.73052
2025-09-13,USD/GBP,GBP,0.73052,0.73095,0.72467,0.72685
2025-09-14,USD/GBP,GBP,0.72685,0.73355,0.72297,0.72688
2025-09-15,USD/GBP,GBP,0.72688,0.73035,0.72508,0.72995
2025-09-16,USD/GBP,GBP,0.72995,0.73294,0.72941,0.73123
2025-09-17,USD/GBP,GBP,0.73123,0.73264,0.72509,0.72579
2025-09-18,USD/GBP,GBP,0.72579,0.7301,0.72493,0.72763
2025-09-19,USD/GBP,GBP,0.72763,0.73011,0.72598,0.72806
2025-09-20,USD/GBP,GBP,0.72806,0.73487,0.7275,0.73151
2025-09-21,USD/GBP,GBP,0.73151,0.73375,0.72876,0.73163
2025-09-22,USD/GBP,GBP,0.73163,0.73813,0.72958,0.73357
2025-09-23,USD/GBP,GBP,0.73357,0.73412,0.73094,0.73246
2025-09-24,USD/GBP,GBP,0.73246,0.7345,0.72975,0.73182
2025-09-25,USD/GBP,GBP,0.73182,0.73607,0.72864,0.73392
2025-09-26,USD/GBP,GBP,0.73392,0.73767,0.73373,0.73735
2025-09-27,USD/GBP,GBP,0.73735,0.74101,0.73728,0.73898
2025-09-28,USD/GBP,GBP,0.73898,0.74105,0.72895,0.73261
2025-09-29,USD/GBP,GBP,0.73261,0.73778,0.73211,0.73701
2025-09-30,USD/GBP,GBP,0.73701,0.73768,0.73181,0.73515
2025-10-01,USD/GBP,GBP,0.73515,0.73815,0.72704,0.72782
2025-10-02,USD/GBP,GBP,0.72782,0.73033,0.72042,0.7243
2025-10-03,USD/GBP,GBP,0.7243,0.72698,0.71893,0.72156
2025-10-04,USD/GBP,GBP,0.72156,0.7247,0.72106,0.72253
2025-10-05,USD/GBP,GBP,0.72253,0.72507,0.71711,0.71955
2025-10-06,USD/GBP,GBP,0.71955,0.72191,0.7155,0.72108
2025-10-07,USD/GBP,GBP,0.72108,0.72381,0.72003,0.72107
2025-10-08,USD/GBP,GBP,0.72107,0.72944,0.72024,0.72708
2025-10-09,USD/GBP,GBP,0.72708,0.72841,0.72479,0.72828
2025-10-10,USD/GBP,GBP,0.72828,0.73698,0.72783,0.73154
2025-10-11,USD/GBP,GBP,0.73154,0.73517,0.72829,0.72889
2025-10-12,USD/GBP,GBP,0.72889,0.73322,0.72889,0.7321
2025-10-13,USD/GBP,GBP,0.7321,0.73466,0.72842,0.73037
2025-10-14,USD/GBP,GBP,0.73037,0.73666,0.72665,0.73303
2025-10-15,USD/GBP,GBP,0.73303,0.738,0.72988,0.73471
2025-10-16,USD/GBP,GBP,0.73471,0.73506,0.72951,0.73069
2025-10-17,USD/GBP,GBP,0.73069,0.73759,0.73012,0.73593
2025-10-18,USD/GBP,GBP,0.73593,0.73883,0.73064,0.7329
2025-10-19,USD/GBP,GBP,0.7329,0.73834,0.72917,0.73767
2025-10-20,USD/GBP,GBP,0.73767,0.73999,0.73644,0.73966
2025-10-21,USD/GBP,GBP,0.73966,0.74068,0.73847,0.73865
2025-10-22,USD/GBP,GBP,0.73865,0.73904,0.7367,0.73689
2025-10-23,USD/GBP,GBP,0.73689,0.73797,0.72831,0.7306
2025-10-24,USD/GBP,GBP,0.7306,0.73455,0.72305,0.72723
2025-10-25,USD/GBP,GBP,0.72723,0.72888,0.71876,0.72328
2025-10-26,USD/GBP,GBP,0.72328,0.72369,0.72082,0.72175
2025-10-27,USD/GBP,GBP,0.72175,0.7223,0.71899,0.72212
2025-10-28,USD/GBP,GBP,0.72212,0.7305,0.71823,0.7263
2025-10-29,USD/GBP,GBP,0.7263,0.72695,0.72109,0.72332
2025-10-30,USD/GBP,GBP,0.72332,0.72647,0.71831,0.72478
2025-10-31,USD/GBP,GBP,0.72478,0.72872,0.7224,0.72822
2025-11-01,USD/GBP,GBP,0.72822,0.73276,0.72632,0.73144
2025-11-02,USD/GBP,GBP,0.73144,0.73367,0.73111,0.73166
2025-11-03,USD/GBP,GBP,0.73166,0.73354,0.72686,0.72703
2025-11-04,USD/GBP,GBP,0.72703,0.73162,0.72358,0.72681
2025-11-05,USD/GBP,GBP,0.72681,0.73174,0.72152,0.72827
2025-11-06,USD/GBP,GBP,0.72827,0.72941,0.72576,0.72708
2025-11-07,USD/GBP,GBP,0.72708,0.72788,0.72607,0.72765
2025-11-08,USD/GBP,GBP,0.72765,0.72923,0.71998,0.72027
2025-11-09,USD/GBP,GBP,0.72027,0.72499,0.71807,0.71962
2025-11-10,USD/GBP,GBP,0.71962,0.72421,0.71654,0.71845
2025-11-11,USD/GBP,GBP,0.71845,0.71879,0.71494,0.71686
2025-11-12,USD/GBP,GBP,0.71686,0.72042,0.71564,0.71745
2025-11-13,USD/GBP,GBP,0.71745,0.71763,0.71473,0.7157
2025-11-14,USD/GBP,GBP,0.7157,0.72097,0.71327,0.71689
2025-11-15,USD/GBP,GBP,0.71689,0.72079,0.71587,0.71761
2025-11-16,USD/GBP,GBP,0.71761,0.72184,0.71452,0.72076
2025-11-17,USD/GBP,GBP,0.72076,0.72249,0.71552,0.72226
2025-11-18,USD/GBP,GBP,0.72226,0.72615,0.71931,0.72482
2025-11-19,USD/GBP,GBP,0.72482,0.7255,0.72075,0.72108
2025-11-20,USD/GBP,GBP,0.72108,0.72141,0.71565,0.7193
2025-11-21,USD/GBP,GBP,0.7193,0.72393,0.71905,0.7213
2025-11-22,USD/GBP,GBP,0.7213,0.72219,0.71801,0.71897
2025-11-23,USD/GBP,GBP,0.71897,0.72185,0.71729,0.71759
2025-11-24,USD/GBP,GBP,0.71759,0.72431,0.71127,0.71597
2025-11-25,USD/GBP,GBP,0.71597,0.71995,0.71593,0.71908
2025-11-26,USD/GBP,GBP,0.71908,0.72298,0.71136,0.7157
2025-11-27,USD/GBP,GBP,0.7157,0.71849,0.7153,0.71614
2025-11-28,USD/GBP,GBP,0.71614,0.71709,0.71201,0.71231
2025-11-29,USD/GBP,GBP,0.71231,0.71281,0.7108,0.71101
2025-11-30,USD/GBP,GBP,0.71101,0.71112,0.70836,0.71077
2025-12-01,USD/GBP,GBP,0.71077,0.71369,0.70651,0.70872
2025-12-02,USD/GBP,GBP,0.70872,0.71134,0.69963,0.70275
2025-12-03,USD/GBP,GBP,0.70275,0.7086,0.70108,0.70189
2025-12-04,USD/GBP,GBP,0.70189,0.70416,0.70055,0.7017
2025-12-05,USD/GBP,GBP,0.7017,0.70749,0.69963,0.70599
2025-12-06,USD/GBP,GBP,0.70599,0.70673,0.70099,0.70147
2025-12-07,USD/GBP,GBP,0.70147,0.70406,0.70032,0.70286
2025-12-08,USD/GBP,GBP,0.70286,0.71014,0.70275,0.70829
2025-12-09,USD/GBP,GBP,0.70829,0.7091,0.70509,0.70777
2025-12-10,USD/GBP,GBP,0.70777,0.70787,0.70587,0.70598
2025-12-11,USD/GBP,GBP,0.70598,0.70908,0.70383,0.70456
2025-12-12,USD/GBP,GBP,0.70456,0.70569,0.70318,0.70438
2025-12-13,USD/GBP,GBP,0.70438,0.7098,0.70052,0.70781
2025-12-14,USD/GBP,GBP,0.70781,0.7088,0.70179,0.70286
2025-12-15,USD/GBP,GBP,0.70286,0.70381,0.69774,0.70061
2025-12-16,USD/GBP,GBP,0.70061,0.70174,0.68885,0.69439
2025-12-17,USD/GBP,GBP,0.69439,0.69801,0.69042,0.6917
2025-12-18,USD/GBP,GBP,0.6917,0.69214,0.68389,0.68845
2025-12-19,USD/GBP,GBP,0.68845,0.69077,0.68012,0.6834
2025-12-20,USD/GBP,GBP,0.6834,0.6887,0.68069,0.68847
2025-12-21,USD/GBP,GBP,0.68847,0.69778,0.68697,0.69423
2025-12-22,USD/GBP,GBP,0.69423,0.69434,0.69162,0.69197
2025-12-23,USD/GBP,GBP,0.69197,0.6961,0.69002,0.69288
2025-12-24,USD/GBP,GBP,0.69288,0.69593,0.6892,0.68989
2025-12-25,USD/GBP,GBP,0.68989,0.69502,0.68743,0.69178
2025-12-26,USD/GBP,GBP,0.69178,0.69295,0.6882,0.69167
2025-12-27,USD/GBP,GBP,0.69167,0.69819,0.6876,0.69262
2025-12-28,USD/GBP,GBP,0.69262,0.69404,0.69225,0.69253
2025-12-29,USD/GBP,GBP,0.69253,0.69541,0.69169,0.69221
2025-12-30,USD/GBP,GBP,0.69221,0.69706,0.68747,0.6901
2025-12-31,USD/GBP,GBP,0.6901,0.69286,0.6896,0.69274
2026-01-01,USD/GBP,GBP,0.69274,0.69621,0.69074,0.69571
2026-01-02,USD/GBP,GBP,0.69571,0.69863,0.69416,0.69488
2026-01-03,USD/GBP,GBP,0.69488,0.69824,0.69424,0.69541
2026-01-04,USD/GBP,GBP,0.69541,0.69683,0.69128,0.69309
2026-01-05,USD/GBP,GBP,0.69309,0.6978,0.68719,0.69013
2026-01-06,USD/GBP,GBP,0.69013,0.69814,0.68997,0.69542
2026-01-07,USD/GBP,GBP,0.69542,0.69697,0.68978,0.69182
2026-01-08,USD/GBP,GBP,0.69182,0.69612,0.68945,0.69524
2026-01-09,USD/GBP,GBP,0.69524,0.70205,0.69195,0.69691
2026-01-10,USD/GBP,GBP,0.69691,0.70298,0.69474,0.70042
2026-01-11,USD/GBP,GBP,0.70042,0.70399,0.69991,0.70323
2026-01-12,USD/GBP,GBP,0.70323,0.70485,0.69631,0.70091
2026-01-13,USD/GBP,GBP,0.70091,0.70266,0.69913,0.7009
2026-01-14,USD/GBP,GBP,0.7009,0.70333,0.69569,0.69871
2026-01-15,USD/GBP,GBP,0.69871,0.69878,0.69729,0.69754
2026-01-16,USD/GBP,GBP,0.69754,0.69842,0.69549,0.69703
2026-01-17,USD/GBP,GBP,0.69703,0.70128,0.6964,0.69907
2026-01-18,USD/GBP,GBP,0.69907,0.70442,0.696,0.70241
2026-01-19,USD/GBP,GBP,0.70241,0.70784,0.7023,0.70339
2026-01-20,USD/GBP,GBP,0.70339,0.71087,0.70151,0.70872
2026-01-21,USD/GBP,GBP,0.70872,0.71439,0.70729,0.71088
2026-01-22,USD/GBP,GBP,0.71088,0.71401,0.71034,0.71257
2026-01-23,USD/GBP,GBP,0.71257,0.71565,0.71196,0.71468
2026-01-24,USD/GBP,GBP,0.71468,0.71553,0.71342,0.71371
2026-01-25,USD/GBP,GBP,0.71371,0.71614,0.71329,0.71501
2026-01-26,USD/GBP,GBP,0.71501,0.71509,0.71032,0.71217
2026-01-27,USD/GBP,GBP,0.71217,0.71276,0.7085,0.70899
2026-01-28,USD/GBP,GBP,0.70899,0.71218,0.70806,0.7112
2026-01-29,USD/GBP,GBP,0.7112,0.71377,0.70932,0.71276
2026-01-30,USD/GBP,GBP,0.71276,0.71401,0.71274,0.71318
2026-01-31,USD/GBP,GBP,0.71318,0.71354,0.70221,0.70722
2026-02-01,USD/GBP,GBP,0.70722,0.70887,0.70535,0.70619
2026-02-02,USD/GBP,GBP,0.70619,0.70977,0.70335,0.70707
2026-02-03,USD/GBP,GBP,0.70707,0.71047,0.70675,0.70913
2026-02-04,USD/GBP,GBP,0.70913,0.71242,0.70715,0.71008
2026-02-05,USD/GBP,GBP,0.71008,0.71195,0.70668,0.70683
2026-02-06,USD/GBP,GBP,0.70683,0.70719,0.70649,0.70703
2026-02-07,USD/GBP,GBP,0.70703,0.71058,0.7045,0.71039
2026-02-08,USD/GBP,GBP,0.71039,0.7108,0.70648,0.70927
2026-02-09,USD/GBP,GBP,0.70927,0.71291,0.70363,0.71097
2026-02-10,USD/GBP,GBP,0.71097,0.71462,0.71063,0.71172
2026-02-11,USD/GBP,GBP,0.71172,0.71514,0.70894,0.71323
2026-02-12,USD/GBP,GBP,0.71323,0.71824,0.71251,0.71624
2026-02-13,USD/GBP,GBP,0.71624,0.717,0.71246,0.71459
2026-02-14,USD/GBP,GBP,0.71459,0.71703,0.71063,0.71395
2026-02-15,USD/GBP,GBP,0.71395,0.71586,0.71101,0.71132
2026-02-16,USD/GBP,GBP,0.71132,0.71339,0.70825,0.71219
2026-02-17,USD/GBP,GBP,0.71219,0.71348,0.70892,0.71339
2026-02-18,USD/GBP,GBP,0.71339,0.71404,0.70479,0.70963
2026-02-19,USD/GBP,GBP,0.70963,0.71286,0.70227,0.7125
2026-02-20,USD/GBP,GBP,0.7125,0.71949,0.71226,0.71907
2026-02-21,USD/GBP,GBP,0.71907,0.72586,0.7153,0.72193
2026-02-22,USD/GBP,GBP,0.72193,0.72336,0.71542,0.71676
2026-02-23,USD/GBP,GBP,0.71676,0.72064,0.71401,0.71818
2026-02-24,USD/GBP,GBP,0.71818,0.72015,0.70963,0.71152
2026-02-25,USD/GBP,GBP,0.71152,0.71185,0.70397,0.70576
2026-02-26,USD/GBP,GBP,0.70576,0.7068,0.70505,0.70541
2026-02-27,USD/GBP,GBP,0.70541,0.70846,0.70275,0.70436
2026-02-28,USD/GBP,GBP,0.70436,0.70655,0.70398,0.70582
2026-03-01,USD/GBP,GBP,0.70582,0.70623,0.69811,0.70301
2026-03-02,USD/GBP,GBP,0.70301,0.70672,0.69969,0.7035
2026-03-03,USD/GBP,GBP,0.7035,0.70424,0.69903,0.70184
2026-03-04,USD/GBP,GBP,0.70184,0.7034,0.69617,0.70058
2026-03-05,USD/GBP,GBP,0.70058,0.70544,0.69996,0.70086
2026-03-06,USD/GBP,GBP,0.70086,0.70158,0.70077,0.70079
2026-03-07,USD/GBP,GBP,0.70079,0.70264,0.698,0.69851
2026-03-08,USD/GBP,GBP,0.69851,0.70073,0.69559,0.69855
2026-03-09,USD/GBP,GBP,0.69855,0.70164,0.69631,0.7004
2026-03-10,USD/GBP,GBP,0.7004,0.70215,0.6973,0.699
2026-03-11,USD/GBP,GBP,0.699,0.70005,0.68997,0.69404
2026-03-12,USD/GBP,GBP,0.69404,0.69865,0.69043,0.69062
2026-03-13,USD/GBP,GBP,0.69062,0.69134,0.6879,0.6902
2026-03-14,USD/GBP,GBP,0.6902,0.69123,0.68575,0.68696
2026-03-15,USD/GBP,GBP,0.68696,0.68977,0.68656,0.68782
2026-03-16,USD/GBP,GBP,0.68782,0.69269,0.68691,0.6914
2026-03-17,USD/GBP,GBP,0.6914,0.69264,0.69138,0.6921
2026-03-18,USD/GBP,GBP,0.6921,0.69247,0.69072,0.69119
2026-03-19,USD/GBP,GBP,0.69119,0.69344,0.68538,0.68844
2026-03-20,USD/GBP,GBP,0.68844,0.69112,0.68368,0.68403
2026-03-21,USD/GBP,GBP,0.68403,0.68515,0.6815,0.68158
2026-03-22,USD/GBP,GBP,0.68158,0.68301,0.67445,0.6762
2026-03-23,USD/GBP,GBP,0.6762,0.67711,0.67166,0.67351
2026-03-24,USD/GBP,GBP,0.67351,0.67649,0.66964,0.67377
2026-03-25,USD/GBP,GBP,0.67377,0.67403,0.67187,0.67273
2026-03-26,USD/GBP,GBP,0.67273,0.67359,0.66896,0.66953
2026-03-27,USD/GBP,GBP,0.66953,0.66992,0.66797,0.66941
2026-03-28,USD/GBP,GBP,0.66941,0.67507,0.66836,0.67254
2026-03-29,USD/GBP,GBP,0.67254,0.67675,0.6721,0.67571
2026-03-30,USD/GBP,GBP,0.67571,0.67795,0.67121,0.67428
2026-03-31,USD/GBP,GBP,0.67428,0.67513,0.66899,0.67165
2026-04-01,USD/GBP,GBP,0.67165,0.67475,0.67099,0.67267
2026-04-02,USD/GBP,GBP,0.67267,0.67419,0.6689,0.67101
2026-04-03,USD/GBP,GBP,0.67101,0.67446,0.66555,0.66732
2026-04-04,USD/GBP,GBP,0.66732,0.67122,0.667,0.67022
2026-04-05,USD/GBP,GBP,0.67022,0.67135,0.66532,0.66637
2026-04-06,USD/GBP,GBP,0.66637,0.6722,0.66559,0.66982
2026-04-07,USD/GBP,GBP,0.66982,0.67281,0.66814,0.66941
2026-04-08,USD/GBP,GBP,0.66941,0.66983,0.6665,0.66746
2026-04-09,USD/GBP,GBP,0.66746,0.66748,0.66489,0.66535
2026-04-10,USD/GBP,GBP,0.66535,0.6669,0.66368,0.66435
2026-04-11,USD/GBP,GBP,0.66435,0.66904,0.66224,0.66874
2026-04-12,USD/GBP,GBP,0.66874,0.66908,0.66268,0.66502
2026-04-13,USD/GBP,GBP,0.66502,0.66659,0.65856,0.66108
2026-04-14,USD/GBP,GBP,0.66108,0.6641,0.65784,0.66359
2026-04-15,USD/GBP,GBP,0.66359,0.66423,0.66269,0.66306
2026-04-16,USD/GBP,GBP,0.66306,0.66495,0.65803,0.65816
2026-04-17,USD/GBP,GBP,0.65816,0.6642,0.65782,0.65957
2026-04-18,USD/GBP,GBP,0.65957,0.66173,0.65811,0.65994
2026-04-19,USD/GBP,GBP,0.65994,0.66316,0.65591,0.66147
2026-04-20,USD/GBP,GBP,0.66147,0.66359,0.65748,0.66042
2026-04-21,USD/GBP,GBP,0.66042,0.6632,0.65962,0.66229
2026-04-22,USD/GBP,GBP,0.66229,0.66257,0.65728,0.66081
2026-04-23,USD/GBP,GBP,0.66081,0.66423,0.65764,0.65832
2026-04-24,USD/GBP,GBP,0.65832,0.66478,0.65708,0.6618
2026-04-25,USD/GBP,GBP,0.6618,0.6648,0.65938,0.65984
2026-04-26,USD/GBP,GBP,0.65984,0.66429,0.65668,0.6625
2026-04-27,USD/GBP,GBP,0.6625,0.66269,0.66109,0.66225
2026-04-28,USD/GBP,GBP,0.66225,0.66489,0.65832,0.66476
2026-04-29,USD/GBP,GBP,0.66476,0.66609,0.66133,0.66535
2026-04-30,USD/GBP,GBP,0.66535,0.66606,0.6626,0.66464
2026-05-01,USD/GBP,GBP,0.66464,0.66838,0.66428,0.66587
2026-05-02,USD/GBP,GBP,0.66587,0.67091,0.66397,0.66765
2026-05-03,USD/GBP,GBP,0.66765,0.6698,0.66682,0.66967
2026-05-04,USD/GBP,GBP,0.66967,0.67588,0.66892,0.67301
2026-05-05,USD/GBP,GBP,0.67301,0.67383,0.66829,0.67093
2026-05-06,USD/GBP,GBP,0.67093,0.67606,0.66843,0.66932
2026-05-07,USD/GBP,GBP,0.66932,0.67291,0.6684,0.67176
2026-05-08,USD/GBP,GBP,0.67176,0.67451,0.66989,0.671
2026-05-09,USD/GBP,GBP,0.671,0.67569,0.66753,0.66875
2026-05-10,USD/GBP,GBP,0.66875,0.67006,0.66699,0.66719
2026-05-11,USD/GBP,GBP,0.66719,0.66958,0.66615,0.66655
2026-05-12,USD/GBP,GBP,0.66655,0.67058,0.66448,0.66459
2026-05-13,USD/GBP,GBP,0.66459,0.66792,0.66382,0.66663
2026-05-14,USD/GBP,GBP,0.66663,0.67148,0.66233,0.66745
2026-05-15,USD/GBP,GBP,0.66745,0.67174,0.66509,0.67089
2026-05-16,USD/GBP,GBP,0.67089,0.672,0.67012,0.67181
2026-05-17,USD/GBP,GBP,0.67181,0.67341,0.6687,0.67232
2026-05-18,USD/GBP,GBP,0.67232,0.67611,0.66939,0.67384
2026-05-19,USD/GBP,GBP,0.67384,0.6851,0.67142,0.67826
2026-05-20,USD/GBP,GBP,0.67826,0.68343,0.67706,0.67891
2026-05-21,USD/GBP,GBP,0.67891,0.68309,0.67574,0.67742
2026-05-22,USD/GBP,GBP,0.67742,0.67844,0.66858,0.67283
2026-05-23,USD/GBP,GBP,0.67283,0.67931,0.67277,0.67485
2026-05-24,USD/GBP,GBP,0.67485,0.67554,0.66571,0.66923
2026-05-25,USD/GBP,GBP,0.66923,0.67204,0.66916,0.67019
2026-05-26,USD/GBP,GBP,0.67019,0.67124,0.66726,0.67023
2026-05-27,USD/GBP,GBP,0.67023,0.67763,0.66888,0.67181
2026-05-28,USD/GBP,GBP,0.67181,0.67317,0.67045,0.67049
2026-05-29,USD/GBP,GBP,0.67049,0.67261,0.66629,0.66672
2026-05-30,USD/GBP,GBP,0.66672,0.66795,0.66547,0.6665
2026-05-31,USD/GBP,GBP,0.6665,0.66946,0.66631,0.66835
2026-06-01,USD/GBP,GBP,0.66835,0.67721,0.66439,0.67414
2026-06-02,USD/GBP,GBP,0.67414,0.67772,0.67346,0.67625
2026-06-03,USD/GBP,GBP,0.67625,0.67681,0.67068,0.67413
2026-06-04,USD/GBP,GBP,0.67413,0.67815,0.67107,0.67629
2026-06-05,USD/GBP,GBP,0.67629,0.68243,0.67142,0.67317
2026-06-06,USD/GBP,GBP,0.67317,0.67685,0.67269,0.67573
2026-06-07,USD/GBP,GBP,0.67573,0.67722,0.67523,0.67567
2026-06-08,USD/GBP,GBP,0.67567,0.68124,0.67502,0.67773
2026-06-09,USD/GBP,GBP,0.67773,0.68116,0.67621,0.68025
2026-06-10,USD/GBP,GBP,0.68025,0.68813,0.6794,0.6879
2026-06-11,USD/GBP,GBP,0.6879,0.6883,0.68486,0.68587
2026-06-12,USD/GBP,GBP,0.68587,0.68863,0.68541,0.68639
2026-06-13,USD/GBP,GBP,0.68639,0.69139,0.68428,0.6904
2026-06-14,USD/GBP,GBP,0.6904,0.69206,0.68912,0.68974
2026-06-15,USD/GBP,GBP,0.68974,0.69044,0.68493,0.68711
2026-06-16,USD/GBP,GBP,0.68711,0.68753,0.68471,0.68536
2026-06-17,USD/GBP,GBP,0.68536,0.68767,0.68085,0.6821
2026-06-18,USD/GBP,GBP,0.6821,0.68545,0.67985,0.68017
2026-06-19,USD/GBP,GBP,0.68017,0.68041,0.67816,0.67895
2026-06-20,USD/GBP,GBP,0.67895,0.67979,0.67283,0.67349
2026-06-21,USD/GBP,GBP,0.67349,0.6767,0.66987,0.67519
2026-06-22,USD/GBP,GBP,0.67519,0.67802,0.66954,0.67002
2026-06-23,USD/GBP,GBP,0.67002,0.67249,0.66758,0.67232
2026-06-24,USD/GBP,GBP,0.67232,0.67468,0.66822,0.67127
2026-06-25,USD/GBP,GBP,0.67127,0.67174,0.6683,0.67096
2026-06-26,USD/GBP,GBP,0.67096,0.67223,0.66692,0.66818
2026-06-27,USD/GBP,GBP,0.66818,0.66833,0.66461,0.66782
2026-06-28,USD/GBP,GBP,0.66782,0.67071,0.66384,0.66573
2026-06-29,USD/GBP,GBP,0.66573,0.66625,0.66493,0.66556
2026-06-30,USD/GBP,GBP,0.66556,0.66959,0.66507,0.66916
2026-07-01,USD/GBP,GBP,0.66916,0.6739,0.66583,0.67222
2026-07-02,USD/GBP,GBP,0.67222,0.67573,0.66731,0.6681
2026-07-03,USD/GBP,GBP,0.6681,0.67214,0.66648,0.66745
2026-07-04,USD/GBP,GBP,0.66745,0.66875,0.66437,0.66466
2026-07-05,USD/GBP,GBP,0.66466,0.66765,0.66401,0.6672
2026-07-06,USD/GBP,GBP,0.6672,0.66908,0.66045,0.66427
2026-07-07,USD/GBP,GBP,0.66427,0.66779,0.6618,0.66231
2026-07-08,USD/GBP,GBP,0.66231,0.66458,0.65962,0.66231
2026-07-09,USD/GBP,GBP,0.66231,0.66314,0.66189,0.66201
2026-07-10,USD/GBP,GBP,0.66201,0.66479,0.662,0.6629
2026-07-11,USD/GBP,GBP,0.6629,0.66802,0.66209,0.66454
2026-07-12,USD/GBP,GBP,0.66454,0.66859,0.65894,0.66536
2026-07-13,USD/GBP,GBP,0.66536,0.66659,0.66426,0.66638
2026-07-14,USD/GBP,GBP,0.66638,0.66716,0.66398,0.66703
2026-07-15,USD/GBP,GBP,0.66703,0.66885,0.66491,0.66725
2026-07-16,USD/GBP,GBP,0.66725,0.66837,0.66565,0.66666
2026-07-17,USD/GBP,GBP,0.66666,0.66684,0.6649,0.66492
2026-07-18,USD/GBP,GBP,0.66492,0.66677,0.66102,0.66619
2026-07-19,USD/GBP,GBP,0.66619,0.66789,0.6644,0.66503
2026-07-20,USD/GBP,GBP,0.66503,0.66713,0.66286,0.66437
2026-07-21,USD/GBP,GBP,0.66437,0.66471,0.65924,0.66027
2026-07-22,USD/GBP,GBP,0.66027,0.66064,0.65667,0.65771
2026-07-23,USD/GBP,GBP,0.65771,0.65835,0.65386,0.65768
2026-07-24,USD/GBP,GBP,0.65768,0.65826,0.6557,0.65677
2026-07-25,USD/GBP,GBP,0.65677,0.658,0.65353,0.65454
2026-07-26,USD/GBP,GBP,0.65454,0.6604,0.65304,0.65547
2026-07-27,USD/GBP,GBP,0.65547,0.6556,0.65354,0.65437
2026-07-28,USD/GBP,GBP,0.65437,0.65775,0.64929,0.65506
2026-07-29,USD/GBP,GBP,0.65506,0.6561,0.64652,0.6488
2026-07-30,USD/GBP,GBP,0.6488,0.65504,0.64355,0.64473
2026-07-31,USD/GBP,GBP,0.64473,0.6476,0.64269,0.64535
2026-08-01,USD/GBP,GBP,0.64535,0.64558,0.64155,0.64284
2026-08-02,USD/GBP,GBP,0.64284,0.64999,0.64108,0.6441
2026-08-03,USD/GBP,GBP,0.6441,0.64463,0.64009,0.64119
2026-08-04,USD/GBP,GBP,0.64119,0.64706,0.6411,0.64323
2026-08-05,USD/GBP,GBP,0.64323,0.64849,0.64224,0.64466
2026-08-06,USD/GBP,GBP,0.64466,0.64922,0.63973,0.64549
2026-08-07,USD/GBP,GBP,0.64549,0.64768,0.64306,0.64767
2026-08-08,USD/GBP,GBP,0.64767,0.64875,0.64025,0.6441
2026-08-09,USD/GBP,GBP,0.6441,0.64575,0.64409,0.64518
2026-08-10,USD/GBP,GBP,0.64518,0.64798,0.63987,0.64112
2026-08-11,USD/GBP,GBP,0.64112,0.64562,0.6387,0.64241
2026-08-12,USD/GBP,GBP,0.64241,0.64681,0.63942,0.64609
2026-08-13,USD/GBP,GBP,0.64609,0.6499,0.64404,0.64588
2026-08-14,USD/GBP,GBP,0.64588,0.64732,0.6443,0.64435
2026-08-15,USD/GBP,GBP,0.64435,0.64469,0.63586,0.64037
2026-08-16,USD/GBP,GBP,0.64037,0.64174,0.63816,0.64162
2026-08-17,USD/GBP,GBP,0.64162,0.64259,0.63938,0.64216
2026-08-18,USD/GBP,GBP,0.64216,0.64488,0.64044,0.64275
2026-08-19,USD/GBP,GBP,0.64275,0.6466,0.64092,0.64641
2026-08-20,USD/GBP,GBP,0.64641,0.64957,0.64483,0.64898
2026-08-21,USD/GBP,GBP,0.64898,0.6491,0.64719,0.64822
2026-08-22,USD/GBP,GBP,0.64822,0.65311,0.64589,0.64896
2026-08-23,USD/GBP,GBP,0.64896,0.65164,0.64788,0.65137
2026-08-24,USD/GBP,GBP,0.65137,0.65362,0.64363,0.64782
2026-08-25,USD/GBP,GBP,0.64782,0.64906,0.64555,0.64755
2026-08-26,USD/GBP,GBP,0.64755,0.64831,0.64303,0.64737
2026-08-27,USD/GBP,GBP,0.64737,0.64977,0.64145,0.64345
2026-08-28,USD/GBP,GBP,0.64345,0.64387,0.6405,0.64144
2026-08-29,USD/GBP,GBP,0.64144,0.64501,0.64019,0.64191
2026-08-30,USD/GBP,GBP,0.64191,0.64409,0.63886,0.64321
2026-08-31,USD/GBP,GBP,0.64321,0.64569,0.63952,0.64266
2026-09-01,USD/GBP,GBP,0.64266,0.64292,0.63793,0.63995
2026-09-02,USD/GBP,GBP,0.63995,0.64081,0.63512,0.63791
2026-09-03,USD/GBP,GBP,0.63791,0.63935,0.63276,0.63542
2026-09-04,USD/GBP,GBP,0.63542,0.6367,0.62987,0.63135
2026-09-05,USD/GBP,GBP,0.63135,0.63229,0.63076,0.63085
2026-09-06,USD/GBP,GBP,0.63085,0.63185,0.62567,0.62644
2026-09-07,USD/GBP,GBP,0.62644,0.62845,0.62315,0.6254
2026-09-08,USD/GBP,GBP,0.6254,0.62853,0.62473,0.62822
2026-09-09,USD/GBP,GBP,0.62822,0.62844,0.62571,0.62816
2026-09-10,USD/GBP,GBP,0.62816,0.6297,0.62338,0.62545
2026-09-11,USD/GBP,GBP,0.62545,0.62725,0.62056,0.62396
2026-09-12,USD/GBP,GBP,0.62396,0.62532,0.62065,0.62295
2026-09-13,USD/GBP,GBP,0.62295,0.62522,0.622,0.62482
2026-09-14,USD/GBP,GBP,0.62482,0.62814,0.6222,0.6232
2026-09-15,USD/GBP,GBP,0.6232,0.62383,0.61619,0.61805
2026-09-16,USD/GBP,GBP,0.61805,0.62238,0.61602,0.61852
2026-09-17,USD/GBP,GBP,0.61852,0.61857,0.6168,0.6169
2026-09-18,USD/GBP,GBP,0.6169,0.61875,0.61189,0.61299
2026-09-19,USD/GBP,GBP,0.61299,0.61308,0.6075,0.60799
2026-09-20,USD/GBP,GBP,0.60799,0.60877,0.60253,0.60391
2026-09-21,USD/GBP,GBP,0.60391,0.60508,0.60277,0.60445
2026-09-22,USD/GBP,GBP,0.60445,0.60669,0.60286,0.60609
2026-09-23,USD/GBP,GBP,0.60609,0.60908,0.60494,0.60676
2026-09-24,USD/GBP,GBP,0.60676,0.61287,0.60669,0.61184
2026-09-25,USD/GBP,GBP,0.61184,0.61228,0.60679,0.61019
2026-09-26,USD/GBP,GBP,0.61019,0.61232,0.60859,0.60885
2026-09-27,USD/GBP,GBP,0.60885,0.61253,0.60423,0.61127
2026-09-28,USD/GBP,GBP,0.61127,0.61684,0.60975,0.61625
2026-09-29,USD/GBP,GBP,0.61625,0.61698,0.61494,0.61664
2026-09-30,USD/GBP,GBP,0.61664,0.61832,0.61584,0.61712
2024-09-30,USD/INR,INR,83.5,83.73926,83.34077,83.36509
2024-10-01,USD/INR,INR,83.36509,83.58139,83.22838,83.49541
2024-10-02,USD/INR,INR,83.49541,83.6605,83.35519,83.57146
2024-10-03,USD/INR,INR,83.57146,83.722,83.13557,83.29619
2024-10-04,USD/INR,INR,83.29619,83.68694,83.21501,83.52944
2024-10-05,USD/INR,INR,83.52944,83.90893,83.4712,83.76163
2024-10-06,USD/INR,INR,83.76163,83.9035,83.7245,83.7438
2024-10-07,USD/INR,INR,83.7438,83.83439,83.52496,83.67158
2024-10-08,USD/INR,INR,83.67158,83.6818,83.3633,83.54014
2024-10-09,USD/INR,INR,83.54014,83.57364,82.92567,83.02678
2024-10-10,USD/INR,INR,83.02678,83.41345,82.96852,83.08948
2024-10-11,USD/INR,INR,83.08948,83.31709,82.45748,82.63698
2024-10-12,USD/INR,INR,82.63698,83.06144,82.48814,82.9046
2024-10-13,USD/INR,INR,82.9046,82.9627,82.53849,82.67811
2024-10-14,USD/INR,INR,82.67811,82.78743,82.38358,82.70756
2024-10-15,USD/INR,INR,82.70756,82.74506,82.16226,82.25464
2024-10-16,USD/INR,INR,82.25464,82.36912,81.95633,82.14913
2024-10-17,USD/INR,INR,82.14913,82.20509,82.01925,82.10137
2024-10-18,USD/INR,INR,82.10137,82.13801,81.74074,81.83107
2024-10-19,USD/INR,INR,81.83107,82.29595,81.70646,81.97841
2024-10-20,USD/INR,INR,81.97841,81.99479,81.72795,81.80661
2024-10-21,USD/INR,INR,81.80661,82.20219,81.7252,82.12089
2024-10-22,USD/INR,INR,82.12089,82.41399,81.91269,82.36513
2024-10-23,USD/INR,INR,82.36513,82.62359,82.14553,82.43282
2024-10-24,USD/INR,INR,82.43282,82.54197,81.92611,82.12133
2024-10-25,USD/INR,INR,82.12133,82.64835,81.93034,82.50922
2024-10-26,USD/INR,INR,82.50922,82.70005,82.25774,82.39783
2024-10-27,USD/INR,INR,82.39783,82.50984,82.33399,82.49211
2024-10-28,USD/INR,INR,82.49211,82.77901,82.27846,82.56701
2024-10-29,USD/INR,INR,82.56701,82.82748,82.48212,82.6876
2024-10-30,USD/INR,INR,82.6876,82.81272,82.37017,82.60054
2024-10-31,USD/INR,INR,82.60054,83.02431,82.55332,82.82643
2024-11-01,USD/INR,INR,82.82643,82.9181,82.6541,82.65971
2024-11-02,USD/INR,INR,82.65971,82.72926,82.24325,82.33842
2024-11-03,USD/INR,INR,82.33842,82.52825,82.2733,82.52803
2024-11-04,USD/INR,INR,82.52803,82.62531,82.26319,82.33872
2024-11-05,USD/INR,INR,82.33872,82.80015,82.20613,82.5233
2024-11-06,USD/INR,INR,82.5233,83.11282,82.32621,82.75372
2024-11-07,USD/INR,INR,82.75372,82.97757,82.30215,82.56364
2024-11-08,USD/INR,INR,82.56364,82.69253,82.50099,82.65714
2024-11-09,USD/INR,INR,82.65714,82.85208,82.5484,82.80809
2024-11-10,USD/INR,INR,82.80809,83.00467,82.6268,82.80198
2024-11-11,USD/INR,INR,82.80198,82.95691,82.65888,82.68831
2024-11-12,USD/INR,INR,82.68831,82.75734,82.4511,82.50788
2024-11-13,USD/INR,INR,82.50788,82.73628,82.4274,82.58798
2024-11-14,USD/INR,INR,82.58798,82.90028,82.24523,82.81806
2024-11-15,USD/INR,INR,82.81806,83.26079,82.58818,83.07068
2024-11-16,USD/INR,INR,83.07068,83.24646,82.97914,83.23762
2024-11-17,USD/INR,INR,83.23762,83.43835,83.15425,83.28091
2024-11-18,USD/INR,INR,83.28091,83.40457,83.00036,83.10634
2024-11-19,USD/INR,INR,83.10634,83.21012,83.06996,83.15967
2024-11-20,USD/INR,INR,83.15967,83.50064,82.83614,83.32728
2024-11-21,USD/INR,INR,83.32728,83.42689,82.89483,82.95625
2024-11-22,USD/INR,INR,82.95625,83.10242,82.94673,83.08573
2024-11-23,USD/INR,INR,83.08573,83.21775,82.85422,83.17931
2024-11-24,USD/INR,INR,83.17931,83.50769,83.01859,83.36217
2024-11-25,USD/INR,INR,83.36217,83.41227,83.18632,83.35396
2024-11-26,USD/INR,INR,83.35396,83.52707,83.2447,83.43735
2024-11-27,USD/INR,INR,83.43735,83.72422,83.07327,83.22246
2024-11-28,USD/INR,INR,83.22246,83.4083,83.12748,83.27641
2024-11-29,USD/INR,INR,83.27641,83.6674,83.03456,83.46221
2024-11-30,USD/INR,INR,83.46221,83.57308,83.41227,83.47351
2024-12-01,USD/INR,INR,83.47351,83.74845,83.34841,83.65067
2024-12-02,USD/INR,INR,83.65067,83.84758,83.30826,83.6127
2024-12-03,USD/INR,INR,83.6127,83.75177,83.46769,83.50267
2024-12-04,USD/INR,INR,83.50267,83.50367,83.17487,83.30549
2024-12-05,USD/INR,INR,83.30549,83.50428,83.10448,83.27462
2024-12-06,USD/INR,INR,83.27462,83.55099,83.09477,83.47425
2024-12-07,USD/INR,INR,83.47425,83.50701,83.26356,83.35455
2024-12-08,USD/INR,INR,83.35455,83.3559,82.88415,82.91036
2024-12-09,USD/INR,INR,82.91036,83.12448,82.79122,82.86112
2024-12-10,USD/INR,INR,82.86112,83.17673,82.70576,83.14082
2024-12-11,USD/INR,INR,83.14082,83.70801,82.95922,83.48898
2024-12-12,USD/INR,INR,83.48898,83.54662,83.36273,83.44439
2024-12-13,USD/INR,INR,83.44439,83.73617,83.43306,83.59591
2024-12-14,USD/INR,INR,83.59591,83.83699,83.09689,83.18213
2024-12-15,USD/INR,INR,83.18213,83.25359,82.99147,83.20206
2024-12-16,USD/INR,INR,83.20206,83.20483,82.60268,82.62017
2024-12-17,USD/INR,INR,82.62017,82.90541,82.38826,82.53473
2024-12-18,USD/INR,INR,82.53473,82.76116,82.32649,82.70223
2024-12-19,USD/INR,INR,82.70223,82.82347,82.39155,82.57256
2024-12-20,USD/INR,INR,82.57256,82.92405,82.48349,82.66861
2024-12-21,USD/INR,INR,82.66861,82.8954,82.55631,82.75674
2024-12-22,USD/INR,INR,82.75674,82.84334,81.96155,82.16208
2024-12-23,USD/INR,INR,82.16208,82.6275,81.62282,81.75592
2024-12-24,USD/INR,INR,81.75592,81.8273,81.5288,81.79038
2024-12-25,USD/INR,INR,81.79038,82.19372,81.56256,81.92888
2024-12-26,USD/INR,INR,81.92888,82.19491,81.89129,81.93
2024-12-27,USD/INR,INR,81.93,82.03267,81.8798,81.88727
2024-12-28,USD/INR,INR,81.88727,82.13847,81.53434,82.02308
2024-12-29,USD/INR,INR,82.02308,82.17745,81.92629,81.96663
2024-12-30,USD/INR,INR,81.96663,82.20957,81.76408,81.81042
2024-12-31,USD/INR,INR,81.81042,81.88754,81.58554,81.70293
2025-01-01,USD/INR,INR,81.70293,81.80778,81.40683,81.67888
2025-01-02,USD/INR,INR,81.67888,81.68469,81.40588,81.51222
2025-01-03,USD/INR,INR,81.51222,81.59051,81.01661,81.18794
2025-01-04,USD/INR,INR,81.18794,81.5197,81.07545,81.36305
2025-01-05,USD/INR,INR,81.36305,81.73671,81.32216,81.59613
2025-01-06,USD/INR,INR,81.59613,81.69019,81.31716,81.5571
2025-01-07,USD/INR,INR,81.5571,81.72626,81.31428,81.42264
2025-01-08,USD/INR,INR,81.42264,81.57735,81.03408,81.26872
2025-01-09,USD/INR,INR,81.26872,81.28216,81.13926,81.17873
2025-01-10,USD/INR,INR,81.17873,81.46567,81.14774,81.37991
2025-01-11,USD/INR,INR,81.37991,81.46295,81.14069,81.34773
2025-01-12,USD/INR,INR,81.34773,81.45791,81.18619,81.38155
2025-01-13,USD/INR,INR,81.38155,81.49,81.00192,81.09566
2025-01-14,USD/INR,INR,81.09566,81.24172,80.86747,81.22082
2025-01-15,USD/INR,INR,81.22082,81.376,81.12436,81.13064
2025-01-16,USD/INR,INR,81.13064,81.22679,80.94899,81.01537
2025-01-17,USD/INR,INR,81.01537,81.10895,81.00923,81.09577
2025-01-18,USD/INR,INR,81.09577,81.78134,80.97853,81.5881
2025-01-19,USD/INR,INR,81.5881,81.78346,81.50357,81.61906
2025-01-20,USD/INR,INR,81.61906,81.68213,81.60585,81.63257
2025-01-21,USD/INR,INR,81.63257,81.66695,80.91458,80.9937
2025-01-22,USD/INR,INR,80.9937,81.32744,80.80111,81.32429
2025-01-23,USD/INR,INR,81.32429,81.49445,81.24529,81.32229
2025-01-24,USD/INR,INR,81.32229,81.54549,81.19365,81.38957
2025-01-25,USD/INR,INR,81.38957,81.62687,81.27538,81.40463
2025-01-26,USD/INR,INR,81.40463,81.5992,81.40436,81.51837
2025-01-27,USD/INR,INR,81.51837,81.87291,81.47188,81.61105
2025-01-28,USD/INR,INR,81.61105,81.82485,81.46933,81.64749
2025-01-29,USD/INR,INR,81.64749,81.85595,81.60565,81.67562
2025-01-30,USD/INR,INR,81.67562,81.74209,81.54831,81.63562
2025-01-31,USD/INR,INR,81.63562,81.94865,81.42648,81.70398
2025-02-01,USD/INR,INR,81.70398,81.82195,81.36903,81.57624
2025-02-02,USD/INR,INR,81.57624,81.83062,81.51355,81.7208
2025-02-03,USD/INR,INR,81.7208,81.76158,81.33291,81.52581
2025-02-04,USD/INR,INR,81.52581,81.69365,81.35261,81.48244
2025-02-05,USD/INR,INR,81.48244,81.65256,81.37723,81.49368
2025-02-06,USD/INR,INR,81.49368,81.88402,81.36612,81.50578
2025-02-07,USD/INR,INR,81.50578,81.70501,81.32724,81.50899
2025-02-08,USD/INR,INR,81.50899,81.55449,80.82266,80.86982
2025-02-09,USD/INR,INR,80.86982,81.02808,80.09231,80.5361
2025-02-10,USD/INR,INR,80.5361,80.65383,80.37788,80.48262
2025-02-11,USD/INR,INR,80.48262,80.51002,80.02755,80.07008
2025-02-12,USD/INR,INR,80.07008,80.08844,79.95576,79.99804
2025-02-13,USD/INR,INR,79.99804,80.20028,79.89826,79.97602
2025-02-14,USD/INR,INR,79.97602,80.30398,79.47659,79.59426
2025-02-15,USD/INR,INR,79.59426,79.71226,79.37212,79.70311
2025-02-16,USD/INR,INR,79.70311,79.74499,79.31605,79.57002
2025-02-17,USD/INR,INR,79.57002,79.67384,79.20423,79.43097
2025-02-18,USD/INR,INR,79.43097,79.55115,79.05184,79.35562
2025-02-19,USD/INR,INR,79.35562,79.62221,79.30684,79.49439
2025-02-20,USD/INR,INR,79.49439,79.70432,79.31415,79.4531
2025-02-21,USD/INR,INR,79.4531,79.6302,79.42794,79.58571
2025-02-22,USD/INR,INR,79.58571,79.72031,79.55484,79.55709
2025-02-23,USD/INR,INR,79.55709,79.59547,79.53914,79.55258
2025-02-24,USD/INR,INR,79.55258,79.86649,79.38542,79.71924
2025-02-25,USD/INR,INR,79.71924,80.08994,79.62552,79.90036
2025-02-26,USD/INR,INR,79.90036,80.33808,79.8855,80.03214
2025-02-27,USD/INR,INR,80.03214,80.15359,79.73042,79.94641
2025-02-28,USD/INR,INR,79.94641,80.07534,79.81167,79.82376
2025-03-01,USD/INR,INR,79.82376,79.99121,79.63755,79.96855
2025-03-02,USD/INR,INR,79.96855,80.43158,79.88387,80.0827
2025-03-03,USD/INR,INR,80.0827,80.15948,79.55837,79.97823
2025-03-04,USD/INR,INR,79.97823,80.58138,79.95441,80.49589
2025-03-05,USD/INR,INR,80.49589,81.12018,80.35571,80.74172
2025-03-06,USD/INR,INR,80.74172,80.96247,80.71886,80.94131
2025-03-07,USD/INR,INR,80.94131,81.07505,80.74203,80.85313
2025-03-08,USD/INR,INR,80.85313,80.8654,80.31669,80.58822
2025-03-09,USD/INR,INR,80.58822,80.6406,80.56454,80.63474
2025-03-10,USD/INR,INR,80.63474,81.13095,80.31847,80.53755
2025-03-11,USD/INR,INR,80.53755,80.57506,80.19739,80.29503
2025-03-12,USD/INR,INR,80.29503,80.51023,80.03017,80.09941
2025-03-13,USD/INR,INR,80.09941,80.25446,79.81203,79.97098
2025-03-14,USD/INR,INR,79.97098,80.39047,79.89494,80.25366
2025-03-15,USD/INR,INR,80.25366,80.46481,80.12978,80.38857
2025-03-16,USD/INR,INR,80.38857,80.75681,80.28632,80.72008
2025-03-17,USD/INR,INR,80.72008,80.91692,80.4705,80.56226
2025-03-18,USD/INR,INR,80.56226,80.73373,80.54375,80.54533
2025-03-19,USD/INR,INR,80.54533,80.72576,80.10575,80.21339
2025-03-20,USD/INR,INR,80.21339,80.40546,80.05011,80.34249
2025-03-21,USD/INR,INR,80.34249,80.40247,80.04085,80.14416
2025-03-22,USD/INR,INR,80.14416,80.41794,79.95927,80.33816
2025-03-23,USD/INR,INR,80.33816,80.53241,80.25489,80.39999
2025-03-24,USD/INR,INR,80.39999,80.80786,80.37459,80.67441
2025-03-25,USD/INR,INR,80.67441,80.70852,80.25502,80.42595
2025-03-26,USD/INR,INR,80.42595,80.64328,80.1507,80.35846
2025-03-27,USD/INR,INR,80.35846,80.75,80.26406,80.70074
2025-03-28,USD/INR,INR,80.70074,81.06659,80.61984,80.99412
2025-03-29,USD/INR,INR,80.99412,81.03276,80.70256,80.9114
2025-03-30,USD/INR,INR,80.9114,81.08884,80.53601,80.89051
2025-03-31,USD/INR,INR,80.89051,81.39121,80.81613,81.20891
2025-04-01,USD/INR,INR,81.20891,81.32787,81.00914,81.32735
2025-04-02,USD/INR,INR,81.32735,81.76359,81.23183,81.53528
2025-04-03,USD/INR,INR,81.53528,81.54879,81.38283,81.50152
2025-04-04,USD/INR,INR,81.50152,82.03615,81.38094,81.86586
2025-04-05,USD/INR,INR,81.86586,81.92901,81.52999,81.6009
2025-04-06,USD/INR,INR,81.6009,81.86272,81.47199,81.65806
2025-04-07,USD/INR,INR,81.65806,81.91768,81.43117,81.86416
2025-04-08,USD/INR,INR,81.86416,82.03773,81.82387,81.8323
2025-04-09,USD/INR,INR,81.8323,81.99564,81.66375,81.9434
2025-04-10,USD/INR,INR,81.9434,81.99405,81.81889,81.92633
2025-04-11,USD/INR,INR,81.92633,82.08026,81.70294,81.88624
2025-04-12,USD/INR,INR,81.88624,82.12417,81.58395,81.83415
2025-04-13,USD/INR,INR,81.83415,81.9992,81.4844,81.82576
2025-04-14,USD/INR,INR,81.82576,82.05059,81.30803,81.53281
2025-04-15,USD/INR,INR,81.53281,81.62813,81.17074,81.56457
2025-04-16,USD/INR,INR,81.56457,81.70928,81.28181,81.32845
2025-04-17,USD/INR,INR,81.32845,81.42033,81.04065,81.30665
2025-04-18,USD/INR,INR,81.30665,81.31794,81.23855,81.26986
2025-04-19,USD/INR,INR,81.26986,82.1073,81.1588,81.764
2025-04-20,USD/INR,INR,81.764,81.85668,81.64123,81.74871
2025-04-21,USD/INR,INR,81.74871,81.86502,81.23793,81.74688
2025-04-22,USD/INR,INR,81.74688,82.05913,81.67759,81.92019
2025-04-23,USD/INR,INR,81.92019,82.21439,81.78149,81.83552
2025-04-24,USD/INR,INR,81.83552,82.20259,81.66391,81.99363
2025-04-25,USD/INR,INR,81.99363,82.22238,81.97042,82.10182
2025-04-26,USD/INR,INR,82.10182,82.55903,82.10037,82.43809
2025-04-27,USD/INR,INR,82.43809,82.45072,82.31301,82.39735
2025-04-28,USD/INR,INR,82.39735,82.73389,81.94656,81.97202
2025-04-29,USD/INR,INR,81.97202,82.07132,81.85151,82.06181
2025-04-30,USD/INR,INR,82.06181,82.32431,81.65829,82.03188
2025-05-01,USD/INR,INR,82.03188,82.20118,81.71489,81.78691
2025-05-02,USD/INR,INR,81.78691,82.06083,81.58471,82.05845
2025-05-03,USD/INR,INR,82.05845,82.44434,81.97009,82.32398
2025-05-04,USD/INR,INR,82.32398,82.87449,81.96421,82.47952
2025-05-05,USD/INR,INR,82.47952,82.74739,82.28306,82.34617
2025-05-06,USD/INR,INR,82.34617,82.73623,82.31811,82.45715
2025-05-07,USD/INR,INR,82.45715,82.59371,82.12154,82.29784
2025-05-08,USD/INR,INR,82.29784,82.30146,81.69554,81.87925
2025-05-09,USD/INR,INR,81.87925,81.99864,81.79174,81.84923
2025-05-10,USD/INR,INR,81.84923,81.97178,81.65007,81.92732
2025-05-11,USD/INR,INR,81.92732,82.04355,81.70263,81.70581
2025-05-12,USD/INR,INR,81.70581,81.77508,81.63582,81.68568
2025-05-13,USD/INR,INR,81.68568,81.96257,81.46659,81.90765
2025-05-14,USD/INR,INR,81.90765,82.10174,81.9025,82.06811
2025-05-15,USD/INR,INR,82.06811,82.40954,82.02065,82.40615
2025-05-16,USD/INR,INR,82.40615,82.44235,82.07134,82.17151
2025-05-17,USD/INR,INR,82.17151,82.20452,81.84371,81.86021
2025-05-18,USD/INR,INR,81.86021,82.04669,81.80546,81.87685
2025-05-19,USD/INR,INR,81.87685,82.35091,81.85459,82.18758
2025-05-20,USD/INR,INR,82.18758,82.38897,82.03039,82.21316
2025-05-21,USD/INR,INR,82.21316,82.70199,82.13012,82.69918
2025-05-22,USD/INR,INR,82.69918,82.84298,82.39803,82.72492
2025-05-23,USD/INR,INR,82.72492,82.95522,82.30576,82.58723
2025-05-24,USD/INR,INR,82.58723,82.64437,82.42488,82.57172
2025-05-25,USD/INR,INR,82.57172,82.69837,82.33721,82.34842
2025-05-26,USD/INR,INR,82.34842,82.65129,82.30752,82.56845
2025-05-27,USD/INR,INR,82.56845,82.65894,82.53515,82.59283
2025-05-28,USD/INR,INR,82.59283,82.60044,82.2115,82.38842
2025-05-29,USD/INR,INR,82.38842,82.49258,81.96999,82.41336
2025-05-30,USD/INR,INR,82.41336,82.64483,82.39124,82.41338
2025-05-31,USD/INR,INR,82.41338,82.80483,82.31622,82.52862
2025-06-01,USD/INR,INR,82.52862,82.66345,81.98339,82.21039
2025-06-02,USD/INR,INR,82.21039,82.25275,82.11753,82.12897
2025-06-03,USD/INR,INR,82.12897,82.39118,82.08401,82.27868
2025-06-04,USD/INR,INR,82.27868,82.30859,82.26258,82.28397
2025-06-05,USD/INR,INR,82.28397,82.52093,82.21936,82.38189
2025-06-06,USD/INR,INR,82.38189,82.74456,82.37362,82.48355
2025-06-07,USD/INR,INR,82.48355,82.71108,82.36933,82.59068
2025-06-08,USD/INR,INR,82.59068,82.68551,82.37439,82.46286
2025-06-09,USD/INR,INR,82.46286,82.75163,82.31311,82.68425
2025-06-10,USD/INR,INR,82.68425,82.7386,82.64929,82.71804
2025-06-11,USD/INR,INR,82.71804,82.93468,82.34154,82.88071
2025-06-12,USD/INR,INR,82.88071,82.96659,82.62487,82.71241
2025-06-13,USD/INR,INR,82.71241,82.71421,82.51826,82.54093
2025-06-14,USD/INR,INR,82.54093,83.18198,82.35436,83.15136
2025-06-15,USD/INR,INR,83.15136,83.56172,83.13607,83.21643
2025-06-16,USD/INR,INR,83.21643,83.36035,83.05438,83.22808
2025-06-17,USD/INR,INR,83.22808,83.25315,83.00425,83.13163
2025-06-18,USD/INR,INR,83.13163,83.18315,82.69432,82.9055
2025-06-19,USD/INR,INR,82.9055,83.07051,82.73679,82.82785
2025-06-20,USD/INR,INR,82.82785,83.42576,82.52089,83.20915
2025-06-21,USD/INR,INR,83.20915,83.21177,83.15511,83.1915
2025-06-22,USD/INR,INR,83.1915,83.22488,83.0459,83.10699
2025-06-23,USD/INR,INR,83.10699,83.6573,83.04567,83.33147
2025-06-24,USD/INR,INR,83.33147,83.53743,83.04295,83.38434
2025-06-25,USD/INR,INR,83.38434,83.39123,83.16764,83.26022
2025-06-26,USD/INR,INR,83.26022,83.56772,83.07419,83.14547
2025-06-27,USD/INR,INR,83.14547,83.42394,83.00472,83.36777
2025-06-28,USD/INR,INR,83.36777,83.62432,83.28271,83.56904
2025-06-29,USD/INR,INR,83.56904,83.7375,83.17096,83.60862
2025-06-30,USD/INR,INR,83.60862,83.98426,83.52401,83.78989
2025-07-01,USD/INR,INR,83.78989,83.80034,83.56546,83.58338
2025-07-02,USD/INR,INR,83.58338,83.61268,83.29979,83.36637
2025-07-03,USD/INR,INR,83.36637,83.53398,83.31786,83.44982
2025-07-04,USD/INR,INR,83.44982,83.53559,83.15252,83.35239
2025-07-05,USD/INR,INR,83.35239,83.73489,83.3149,83.73264
2025-07-06,USD/INR,INR,83.73264,84.22426,83.36724,83.54658
2025-07-07,USD/INR,INR,83.54658,83.61607,83.36517,83.46537
2025-07-08,USD/INR,INR,83.46537,83.9761,83.38087,83.6736
2025-07-09,USD/INR,INR,83.6736,83.7166,83.40968,83.46106
2025-07-10,USD/INR,INR,83.46106,84.1355,83.26032,83.90095
2025-07-11,USD/INR,INR,83.90095,84.08774,83.88383,83.94708
2025-07-12,USD/INR,INR,83.94708,84.07314,83.66902,83.77867
2025-07-13,USD/INR,INR,83.77867,83.99288,83.67817,83.99064
2025-07-14,USD/INR,INR,83.99064,84.12828,83.6008,83.67173
2025-07-15,USD/INR,INR,83.67173,83.76186,83.40015,83.47808
2025-07-16,USD/INR,INR,83.47808,83.6146,82.98832,83.17694
2025-07-17,USD/INR,INR,83.17694,83.29982,82.82907,83.09948
2025-07-18,USD/INR,INR,83.09948,83.73723,82.97001,83.52798
2025-07-19,USD/INR,INR,83.52798,83.66302,83.329,83.59322
2025-07-20,USD/INR,INR,83.59322,83.77581,83.33908,83.43051
2025-07-21,USD/INR,INR,83.43051,83.55134,82.94554,83.16022
2025-07-22,USD/INR,INR,83.16022,83.90741,83.04398,83.70656
2025-07-23,USD/INR,INR,83.70656,83.83771,83.38322,83.62918
2025-07-24,USD/INR,INR,83.62918,83.75895,83.36036,83.37353
2025-07-25,USD/INR,INR,83.37353,83.48342,83.07727,83.24824
2025-07-26,USD/INR,INR,83.24824,83.65131,83.17901,83.38135
2025-07-27,USD/INR,INR,83.38135,83.60871,83.0354,83.13602
2025-07-28,USD/INR,INR,83.13602,83.59585,83.06009,83.33356
2025-07-29,USD/INR,INR,83.33356,83.48659,82.81054,83.03019
2025-07-30,USD/INR,INR,83.03019,83.04341,82.87742,83.00339
2025-07-31,USD/INR,INR,83.00339,83.20255,82.96875,83.15618
2025-08-01,USD/INR,INR,83.15618,83.29886,83.00749,83.0995
2025-08-02,USD/INR,INR,83.0995,83.27934,83.03292,83.05435
2025-08-03,USD/INR,INR,83.05435,83.18042,82.72358,82.88582
2025-08-04,USD/INR,INR,82.88582,83.09034,82.70428,82.83766
2025-08-05,USD/INR,INR,82.83766,82.99384,82.79454,82.88498
2025-08-06,USD/INR,INR,82.88498,82.92154,82.54838,82.58037
2025-08-07,USD/INR,INR,82.58037,82.7371,82.38244,82.70017
2025-08-08,USD/INR,INR,82.70017,82.96748,82.66736,82.9326
2025-08-09,USD/INR,INR,82.9326,83.02487,82.89647,82.93899
2025-08-10,USD/INR,INR,82.93899,83.33604,82.84962,83.04589
2025-08-11,USD/INR,INR,83.04589,83.08844,82.80318,83.00127
2025-08-12,USD/INR,INR,83.00127,83.08393,82.7645,82.84943
2025-08-13,USD/INR,INR,82.84943,82.90696,82.56422,82.6917
2025-08-14,USD/INR,INR,82.6917,82.76245,82.20136,82.48211
2025-08-15,USD/INR,INR,82.48211,82.53646,82.09868,82.37461
2025-08-16,USD/INR,INR,82.37461,82.73726,81.99713,82.32625
2025-08-17,USD/INR,INR,82.32625,82.44257,82.26443,82.34149
2025-08-18,USD/INR,INR,82.34149,82.57572,82.25263,82.38422
2025-08-19,USD/INR,INR,82.38422,82.84631,82.23511,82.57677
2025-08-20,USD/INR,INR,82.57677,82.62216,82.20438,82.21198
2025-08-21,USD/INR,INR,82.21198,82.25383,82.05947,82.24365
2025-08-22,USD/INR,INR,82.24365,82.48997,81.98861,82.21276
2025-08-23,USD/INR,INR,82.21276,82.29315,81.89749,82.15858
2025-08-24,USD/INR,INR,82.15858,82.34353,81.73206,81.91164
2025-08-25,USD/INR,INR,81.91164,81.98235,81.78477,81.90594
2025-08-26,USD/INR,INR,81.90594,82.81167,81.80622,82.44078
2025-08-27,USD/INR,INR,82.44078,82.53747,82.23214,82.3342
2025-08-28,USD/INR,INR,82.3342,82.61159,82.01698,82.15537
2025-08-29,USD/INR,INR,82.15537,82.39038,81.90685,82.16835
2025-08-30,USD/INR,INR,82.16835,82.52627,81.78865,81.90322
2025-08-31,USD/INR,INR,81.90322,81.96137,81.87875,81.94452
2025-09-01,USD/INR,INR,81.94452,82.07614,81.6245,81.66364
2025-09-02,USD/INR,INR,81.66364,82.1312,81.61276,81.82147
2025-09-03,USD/INR,INR,81.82147,81.88648,81.49949,81.58669
2025-09-04,USD/INR,INR,81.58669,81.75242,81.58566,81.61342
2025-09-05,USD/INR,INR,81.61342,81.80118,81.27572,81.3091
2025-09-06,USD/INR,INR,81.3091,81.63047,81.22396,81.5446
2025-09-07,USD/INR,INR,81.5446,81.6875,81.28148,81.39697
2025-09-08,USD/INR,INR,81.39697,81.59865,81.07529,81.53628
2025-09-09,USD/INR,INR,81.53628,81.72856,81.42266,81.42818
2025-09-10,USD/INR,INR,81.42818,81.57898,81.1792,81.19399
2025-09-11,USD/INR,INR,81.19399,81.3005,81.00959,81.16606
2025-09-12,USD/INR,INR,81.16606,81.2953,80.87809,81.1701
2025-09-13,USD/INR,INR,81.1701,81.2703,81.02165,81.039
2025-09-14,USD/INR,INR,81.039,81.1505,80.8779,80.97718
2025-09-15,USD/INR,INR,80.97718,81.16893,80.91837,80.97373
2025-09-16,USD/INR,INR,80.97373,81.07121,80.86713,80.96967
2025-09-17,USD/INR,INR,80.96967,81.05728,80.68346,80.80558
2025-09-18,USD/INR,INR,80.80558,81.02372,80.48321,80.76884
2025-09-19,USD/INR,INR,80.76884,81.069,80.69746,80.84152
2025-09-20,USD/INR,INR,80.84152,81.14773,80.66236,80.87202
2025-09-21,USD/INR,INR,80.87202,81.30438,80.77034,81.07744
2025-09-22,USD/INR,INR,81.07744,81.24548,80.99633,81.0293
2025-09-23,USD/INR,INR,81.0293,81.13689,80.85263,81.02999
2025-09-24,USD/INR,INR,81.02999,81.34882,80.88311,80.88655
2025-09-25,USD/INR,INR,80.88655,80.99438,80.8337,80.95399
2025-09-26,USD/INR,INR,80.95399,81.2328,80.89219,80.98734
2025-09-27,USD/INR,INR,80.98734,81.06836,80.89235,80.91984
2025-09-28,USD/INR,INR,80.91984,81.28883,80.91664,81.25905
2025-09-29,USD/INR,INR,81.25905,81.43765,80.85103,81.16919
2025-09-30,USD/INR,INR,81.16919,81.2822,81.16322,81.26875
2025-10-01,USD/INR,INR,81.26875,81.38986,80.77077,80.79245
2025-10-02,USD/INR,INR,80.79245,81.00214,80.73033,80.88705
2025-10-03,USD/INR,INR,80.88705,81.05232,80.7508,80.81202
2025-10-04,USD/INR,INR,80.81202,81.31087,80.60584,81.24086
2025-10-05,USD/INR,INR,81.24086,81.34674,80.86641,81.22288
2025-10-06,USD/INR,INR,81.22288,81.67047,81.13626,81.55578
2025-10-07,USD/INR,INR,81.55578,81.8232,81.4769,81.59766
2025-10-08,USD/INR,INR,81.59766,81.94947,81.18449,81.77754
2025-10-09,USD/INR,INR,81.77754,81.80072,81.71713,81.73929
2025-10-10,USD/INR,INR,81.73929,82.00077,81.69698,81.89633
2025-10-11,USD/INR,INR,81.89633,82.39886,81.81369,82.1493
2025-10-12,USD/INR,INR,82.1493,82.49018,81.90238,82.28619
2025-10-13,USD/INR,INR,82.28619,82.39506,82.01719,82.14096
2025-10-14,USD/INR,INR,82.14096,82.28164,81.92264,82.02298
2025-10-15,USD/INR,INR,82.02298,82.26271,81.99357,82.26057
2025-10-16,USD/INR,INR,82.26057,82.47314,82.12294,82.24617
2025-10-17,USD/INR,INR,82.24617,82.55962,82.21978,82.52488
2025-10-18,USD/INR,INR,82.52488,83.22444,82.46651,83.0491
2025-10-19,USD/INR,INR,83.0491,83.2073,82.52179,82.80152
2025-10-20,USD/INR,INR,82.80152,83.35904,82.7688,83.15549
2025-10-21,USD/INR,INR,83.15549,83.43342,82.74956,83.08787
2025-10-22,USD/INR,INR,83.08787,83.27545,82.86718,83.1936
2025-10-23,USD/INR,INR,83.1936,83.26125,82.97094,82.9996
2025-10-24,USD/INR,INR,82.9996,83.15099,82.75874,83.14042
2025-10-25,USD/INR,INR,83.14042,83.3389,83.13556,83.16444
2025-10-26,USD/INR,INR,83.16444,83.50817,83.16008,83.33392
2025-10-27,USD/INR,INR,83.33392,83.45841,83.2069,83.21214
2025-10-28,USD/INR,INR,83.21214,83.54537,83.09704,83.36402
2025-10-29,USD/INR,INR,83.36402,83.59584,83.36355,83.42928
2025-10-30,USD/INR,INR,83.42928,83.48669,83.26401,83.32643
2025-10-31,USD/INR,INR,83.32643,83.65263,83.01954,83.13063
2025-11-01,USD/INR,INR,83.13063,83.40341,83.12802,83.17913
2025-11-02,USD/INR,INR,83.17913,83.75363,82.90571,83.58261
2025-11-03,USD/INR,INR,83.58261,83.86807,83.46158,83.67269
2025-11-04,USD/INR,INR,83.67269,84.13108,83.34808,83.54628
2025-11-05,USD/INR,INR,83.54628,83.96915,83.50384,83.87635
2025-11-06,USD/INR,INR,83.87635,83.94054,83.53829,83.72666
2025-11-07,USD/INR,INR,83.72666,83.79522,83.32411,83.37024
2025-11-08,USD/INR,INR,83.37024,83.47878,83.33886,83.40221
2025-11-09,USD/INR,INR,83.40221,83.43789,83.22713,83.38896
2025-11-10,USD/INR,INR,83.38896,83.52142,83.17699,83.48459
2025-11-11,USD/INR,INR,83.48459,83.63464,83.40764,83.41393
2025-11-12,USD/INR,INR,83.41393,83.85502,83.24066,83.55981
2025-11-13,USD/INR,INR,83.55981,83.67305,83.13306,83.58762
2025-11-14,USD/INR,INR,83.58762,83.64212,83.49556,83.56079
2025-11-15,USD/INR,INR,83.56079,83.61434,83.23971,83.537
2025-11-16,USD/INR,INR,83.537,83.61663,83.06301,83.34905
2025-11-17,USD/INR,INR,83.34905,83.40369,83.17831,83.33706
2025-11-18,USD/INR,INR,83.33706,83.3982,83.05327,83.17645
2025-11-19,USD/INR,INR,83.17645,83.38984,83.1268,83.3646
2025-11-20,USD/INR,INR,83.3646,83.48248,82.8629,83.20983
2025-11-21,USD/INR,INR,83.20983,83.26638,82.97003,83.00848
2025-11-22,USD/INR,INR,83.00848,83.27307,82.53815,83.17998
2025-11-23,USD/INR,INR,83.17998,83.5979,82.89003,83.47094
2025-11-24,USD/INR,INR,83.47094,83.73274,83.11115,83.3525
2025-11-25,USD/INR,INR,83.3525,83.58587,83.33867,83.55643
2025-11-26,USD/INR,INR,83.55643,83.74498,83.39111,83.53744
2025-11-27,USD/INR,INR,83.53744,83.70623,83.37011,83.37751
2025-11-28,USD/INR,INR,83.37751,83.78555,83.36837,83.67318
2025-11-29,USD/INR,INR,83.67318,83.67441,83.24171,83.48859
2025-11-30,USD/INR,INR,83.48859,83.72842,83.27942,83.39516
2025-12-01,USD/INR,INR,83.39516,83.84204,83.17268,83.5529
2025-12-02,USD/INR,INR,83.5529,84.09066,83.44577,84.08292
2025-12-03,USD/INR,INR,84.08292,84.90842,84.07954,84.68503
2025-12-04,USD/INR,INR,84.68503,84.95948,84.6241,84.73152
2025-12-05,USD/INR,INR,84.73152,84.89271,84.57651,84.63437
2025-12-06,USD/INR,INR,84.63437,84.64247,84.33451,84.42978
2025-12-07,USD/INR,INR,84.42978,84.64173,84.03914,84.12287
2025-12-08,USD/INR,INR,84.12287,84.15118,83.85312,83.86459
2025-12-09,USD/INR,INR,83.86459,83.92021,83.33192,83.50681
2025-12-10,USD/INR,INR,83.50681,83.96026,83.44002,83.87236
2025-12-11,USD/INR,INR,83.87236,83.88997,83.62189,83.7245
2025-12-12,USD/INR,INR,83.7245,83.7639,83.71473,83.72754
2025-12-13,USD/INR,INR,83.72754,83.78501,83.26073,83.60951
2025-12-14,USD/INR,INR,83.60951,83.8715,83.48018,83.82141
2025-12-15,USD/INR,INR,83.82141,84.24233,83.6477,84.22768
2025-12-16,USD/INR,INR,84.22768,84.4837,84.16121,84.4165
2025-12-17,USD/INR,INR,84.4165,84.49256,84.29094,84.33509
2025-12-18,USD/INR,INR,84.33509,84.78252,84.26191,84.46074
2025-12-19,USD/INR,INR,84.46074,84.96296,84.35874,84.83282
2025-12-20,USD/INR,INR,84.83282,85.03893,84.37201,84.7463
2025-12-21,USD/INR,INR,84.7463,84.76933,84.69702,84.70592
2025-12-22,USD/INR,INR,84.70592,84.71321,84.51047,84.68371
2025-12-23,USD/INR,INR,84.68371,84.78094,84.60426,84.65186
2025-12-24,USD/INR,INR,84.65186,85.02236,84.54551,84.78293
2025-12-25,USD/INR,INR,84.78293,84.86977,84.61462,84.81238
2025-12-26,USD/INR,INR,84.81238,85.07384,84.5123,84.82519
2025-12-27,USD/INR,INR,84.82519,84.97664,84.79087,84.91145
2025-12-28,USD/INR,INR,84.91145,85.08196,84.90376,84.91614
2025-12-29,USD/INR,INR,84.91614,85.15237,84.43325,84.66285
2025-12-30,USD/INR,INR,84.66285,84.83934,84.53333,84.62988
2025-12-31,USD/INR,INR,84.62988,84.71767,84.42391,84.56822
2026-01-01,USD/INR,INR,84.56822,84.6703,84.40224,84.5829
2026-01-02,USD/INR,INR,84.5829,84.60104,84.24055,84.2943
2026-01-03,USD/INR,INR,84.2943,84.44824,84.25973,84.43474
2026-01-04,USD/INR,INR,84.43474,84.75364,84.07288,84.10051
2026-01-05,USD/INR,INR,84.10051,84.39648,84.0487,84.25559
2026-01-06,USD/INR,INR,84.25559,84.33177,83.92979,83.98958
2026-01-07,USD/INR,INR,83.98958,84.12138,83.78254,84.00411
2026-01-08,USD/INR,INR,84.00411,84.08095,83.51681,83.86876
2026-01-09,USD/INR,INR,83.86876,83.96792,83.83026,83.8482
2026-01-10,USD/INR,INR,83.8482,84.55817,83.83233,84.26372
2026-01-11,USD/INR,INR,84.26372,84.68614,83.87978,83.92971
2026-01-12,USD/INR,INR,83.92971,84.0152,83.91188,83.96737
2026-01-13,USD/INR,INR,83.96737,84.66985,83.8817,84.62616
2026-01-14,USD/INR,INR,84.62616,84.67613,84.45698,84.49724
2026-01-15,USD/INR,INR,84.49724,84.80462,84.22021,84.41897
2026-01-16,USD/INR,INR,84.41897,84.84548,84.35802,84.45627
2026-01-17,USD/INR,INR,84.45627,85.07466,84.26992,85.03543
2026-01-18,USD/INR,INR,85.03543,85.38786,84.89226,85.35048
2026-01-19,USD/INR,INR,85.35048,85.46727,84.70113,84.83938
2026-01-20,USD/INR,INR,84.83938,85.0974,84.79437,84.88522
2026-01-21,USD/INR,INR,84.88522,84.94647,84.69596,84.90086
2026-01-22,USD/INR,INR,84.90086,85.26507,84.61654,85.1634
2026-01-23,USD/INR,INR,85.1634,85.16926,85.12136,85.14871
2026-01-24,USD/INR,INR,85.14871,85.48759,85.12834,85.44718
2026-01-25,USD/INR,INR,85.44718,85.58741,85.18865,85.22007
2026-01-26,USD/INR,INR,85.22007,85.5447,84.89315,85.1391
2026-01-27,USD/INR,INR,85.1391,85.23978,84.82547,84.88631
2026-01-28,USD/INR,INR,84.88631,85.13986,84.28132,84.64087
2026-01-29,USD/INR,INR,84.64087,84.89436,84.14533,84.80189
2026-01-30,USD/INR,INR,84.80189,84.95818,84.5039,84.59957
2026-01-31,USD/INR,INR,84.59957,84.73906,84.49596,84.65945
2026-02-01,USD/INR,INR,84.65945,84.89338,84.15704,84.4608
2026-02-02,USD/INR,INR,84.4608,84.54831,83.94917,83.99973
2026-02-03,USD/INR,INR,83.99973,84.20862,83.66953,83.87553
2026-02-04,USD/INR,INR,83.87553,84.17646,83.71872,83.81371
2026-02-05,USD/INR,INR,83.81371,83.92387,83.57962,83.69641
2026-02-06,USD/INR,INR,83.69641,83.76112,83.46183,83.56805
2026-02-07,USD/INR,INR,83.56805,83.6802,83.41585,83.61993
2026-02-08,USD/INR,INR,83.61993,84.05845,83.34937,83.89401
2026-02-09,USD/INR,INR,83.89401,84.11956,83.8401,83.98226
2026-02-10,USD/INR,INR,83.98226,84.21614,83.37374,83.48599
2026-02-11,USD/INR,INR,83.48599,83.73291,82.90297,83.18117
2026-02-12,USD/INR,INR,83.18117,83.31995,82.65982,83.03615
2026-02-13,USD/INR,INR,83.03615,83.07397,82.8529,82.97163
2026-02-14,USD/INR,INR,82.97163,83.22392,82.61514,82.68972
2026-02-15,USD/INR,INR,82.68972,83.16662,82.51086,82.90611
2026-02-16,USD/INR,INR,82.90611,83.10325,82.89446,82.92218
2026-02-17,USD/INR,INR,82.92218,82.94738,82.23286,82.40759
2026-02-18,USD/INR,INR,82.40759,82.47153,82.20273,82.2317
2026-02-19,USD/INR,INR,82.2317,82.50658,81.49666,81.64384
2026-02-20,USD/INR,INR,81.64384,81.76941,81.43849,81.75523
2026-02-21,USD/INR,INR,81.75523,81.88486,81.60913,81.8464
2026-02-22,USD/INR,INR,81.8464,82.32515,81.74067,82.01784
2026-02-23,USD/INR,INR,82.01784,82.22326,81.7743,81.80069
2026-02-24,USD/INR,INR,81.80069,81.95403,81.514,81.94059
2026-02-25,USD/INR,INR,81.94059,82.05078,81.74521,81.77247
2026-02-26,USD/INR,INR,81.77247,82.08823,81.61437,82.02207
2026-02-27,USD/INR,INR,82.02207,82.03896,81.48815,81.86704
2026-02-28,USD/INR,INR,81.86704,82.29036,81.66613,82.21772
2026-03-01,USD/INR,INR,82.21772,82.42238,81.53554,81.90106
2026-03-02,USD/INR,INR,81.90106,82.02742,81.63862,81.6388
2026-03-03,USD/INR,INR,81.6388,81.71928,81.19615,81.33175
2026-03-04,USD/INR,INR,81.33175,81.5214,80.94691,81.21766
2026-03-05,USD/INR,INR,81.21766,81.23984,80.91817,80.92228
2026-03-06,USD/INR,INR,80.92228,81.0533,80.69962,80.7854
2026-03-07,USD/INR,INR,80.7854,80.98673,80.68804,80.96679
2026-03-08,USD/INR,INR,80.96679,81.29937,80.75324,80.88468
2026-03-09,USD/INR,INR,80.88468,81.32416,80.66217,81.31849
2026-03-10,USD/INR,INR,81.31849,81.62529,81.18006,81.60474
2026-03-11,USD/INR,INR,81.60474,81.91792,81.50808,81.86258
2026-03-12,USD/INR,INR,81.86258,82.07058,81.75029,82.07046
2026-03-13,USD/INR,INR,82.07046,82.14383,81.53251,81.63677
2026-03-14,USD/INR,INR,81.63677,82.08453,81.59761,81.98236
2026-03-15,USD/INR,INR,81.98236,82.25416,81.7162,82.09023
2026-03-16,USD/INR,INR,82.09023,82.57196,81.82912,82.50712
2026-03-17,USD/INR,INR,82.50712,82.63866,82.39123,82.39797
2026-03-18,USD/INR,INR,82.39797,82.56081,82.30935,82.49581
2026-03-19,USD/INR,INR,82.49581,82.7321,82.41021,82.56725
2026-03-20,USD/INR,INR,82.56725,82.78213,82.37691,82.75375
2026-03-21,USD/INR,INR,82.75375,82.8312,82.31705,82.51017
2026-03-22,USD/INR,INR,82.51017,82.61428,82.13357,82.28861
2026-03-23,USD/INR,INR,82.28861,82.32385,82.0465,82.1841
2026-03-24,USD/INR,INR,82.1841,82.44473,81.93908,82.12634
2026-03-25,USD/INR,INR,82.12634,82.13598,81.88948,81.96268
2026-03-26,USD/INR,INR,81.96268,82.19125,81.88416,82.01178
2026-03-27,USD/INR,INR,82.01178,82.36912,81.81158,81.84339
2026-03-28,USD/INR,INR,81.84339,82.00117,81.7806,81.82142
2026-03-29,USD/INR,INR,81.82142,82.31955,81.7764,81.91127
2026-03-30,USD/INR,INR,81.91127,81.93037,81.67897,81.85439
2026-03-31,USD/INR,INR,81.85439,82.17617,81.45852,81.55429
2026-04-01,USD/INR,INR,81.55429,81.62358,81.14767,81.22931
2026-04-02,USD/INR,INR,81.22931,81.46111,81.0453,81.05654
2026-04-03,USD/INR,INR,81.05654,81.51483,80.92357,81.23944
2026-04-04,USD/INR,INR,81.23944,81.5689,81.04146,81.41355
2026-04-05,USD/INR,INR,81.41355,81.92819,81.39571,81.86988
2026-04-06,USD/INR,INR,81.86988,81.8702,81.54208,81.79283
2026-04-07,USD/INR,INR,81.79283,81.93369,81.30143,81.52598
2026-04-08,USD/INR,INR,81.52598,81.8014,81.38667,81.74203
2026-04-09,USD/INR,INR,81.74203,82.06544,81.72985,81.81993
2026-04-10,USD/INR,INR,81.81993,82.4714,81.72206,82.03791
2026-04-11,USD/INR,INR,82.03791,82.17479,81.97798,82.05623
2026-04-12,USD/INR,INR,82.05623,82.58404,82.01144,82.5543
2026-04-13,USD/INR,INR,82.5543,82.73547,82.24719,82.39009
2026-04-14,USD/INR,INR,82.39009,82.48507,82.04759,82.29588
2026-04-15,USD/INR,INR,82.29588,82.41673,82.01487,82.34217
2026-04-16,USD/INR,INR,82.34217,82.55269,82.04453,82.19172
2026-04-17,USD/INR,INR,82.19172,82.41145,81.67156,81.92531
2026-04-18,USD/INR,INR,81.92531,82.19937,81.90336,81.99908
2026-04-19,USD/INR,INR,81.99908,82.0537,81.93689,81.98779
2026-04-20,USD/INR,INR,81.98779,82.03112,81.67214,81.67873
2026-04-21,USD/INR,INR,81.67873,81.85441,81.65215,81.8391
2026-04-22,USD/INR,INR,81.8391,81.85091,81.54846,81.66904
2026-04-23,USD/INR,INR,81.66904,81.68333,81.40581,81.44377
2026-04-24,USD/INR,INR,81.44377,81.53952,81.26821,81.30571
2026-04-25,USD/INR,INR,81.30571,81.36261,80.93826,81.08346
2026-04-26,USD/INR,INR,81.08346,81.68718,80.94387,81.30701
2026-04-27,USD/INR,INR,81.30701,81.54208,81.13774,81.42373
2026-04-28,USD/INR,INR,81.42373,81.50199,81.03259,81.17432
2026-04-29,USD/INR,INR,81.17432,81.3417,81.00698,81.14043
2026-04-30,USD/INR,INR,81.14043,81.23,80.92303,80.97876
2026-05-01,USD/INR,INR,80.97876,81.00269,80.84033,80.96369
2026-05-02,USD/INR,INR,80.96369,81.26232,80.83769,81.01436
2026-05-03,USD/INR,INR,81.01436,81.50327,80.88212,81.2598
2026-05-04,USD/INR,INR,81.2598,81.30887,80.88368,80.97233
2026-05-05,USD/INR,INR,80.97233,81.36435,80.84242,81.35869
2026-05-06,USD/INR,INR,81.35869,81.53604,81.04081,81.1335
2026-05-07,USD/INR,INR,81.1335,81.30563,81.05492,81.1505
2026-05-08,USD/INR,INR,81.1505,81.15319,81.0384,81.1493
2026-05-09,USD/INR,INR,81.1493,81.31304,81.13897,81.27726
2026-05-10,USD/INR,INR,81.27726,81.51745,81.168,81.20984
2026-05-11,USD/INR,INR,81.20984,81.74635,81.08429,81.60213
2026-05-12,USD/INR,INR,81.60213,81.72038,81.35961,81.43265
2026-05-13,USD/INR,INR,81.43265,81.58217,81.39348,81.40852
2026-05-14,USD/INR,INR,81.40852,81.43187,80.95687,81.09823
2026-05-15,USD/INR,INR,81.09823,81.3468,80.59726,80.85266
2026-05-16,USD/INR,INR,80.85266,81.03635,80.71223,80.73709
2026-05-17,USD/INR,INR,80.73709,80.80788,80.56978,80.71248
2026-05-18,USD/INR,INR,80.71248,80.80889,80.49932,80.74728
2026-05-19,USD/INR,INR,80.74728,80.86605,80.72192,80.82348
2026-05-20,USD/INR,INR,80.82348,81.08073,80.44574,80.58704
2026-05-21,USD/INR,INR,80.58704,80.8387,80.30834,80.78935
2026-05-22,USD/INR,INR,80.78935,81.20179,80.66836,81.19186
2026-05-23,USD/INR,INR,81.19186,81.47432,81.18812,81.28459
2026-05-24,USD/INR,INR,81.28459,81.72918,81.1096,81.55254
2026-05-25,USD/INR,INR,81.55254,81.70872,80.98158,81.42332
2026-05-26,USD/INR,INR,81.42332,81.65632,81.32345,81.40104
2026-05-27,USD/INR,INR,81.40104,81.45936,81.25852,81.34837
2026-05-28,USD/INR,INR,81.34837,81.72125,80.83035,81.13337
2026-05-29,USD/INR,INR,81.13337,81.3901,80.84114,80.90578
2026-05-30,USD/INR,INR,80.90578,80.95025,80.79903,80.94
2026-05-31,USD/INR,INR,80.94,81.16761,80.86286,81.14718
2026-06-01,USD/INR,INR,81.14718,81.2922,80.62509,80.89063
2026-06-02,USD/INR,INR,80.89063,81.09482,80.84767,80.9012
2026-06-03,USD/INR,INR,80.9012,81.38113,80.89597,81.18639
2026-06-04,USD/INR,INR,81.18639,81.49163,81.09229,81.17684
2026-06-05,USD/INR,INR,81.17684,81.40836,81.05453,81.11843
2026-06-06,USD/INR,INR,81.11843,81.39742,81.07118,81.29472
2026-06-07,USD/INR,INR,81.29472,81.32465,80.8248,81.22896
2026-06-08,USD/INR,INR,81.22896,81.38644,81.08952,81.19205
2026-06-09,USD/INR,INR,81.19205,81.33361,81.13352,81.21083
2026-06-10,USD/INR,INR,81.21083,81.36338,80.95865,81.17499
2026-06-11,USD/INR,INR,81.17499,81.47007,81.09417,81.37162
2026-06-12,USD/INR,INR,81.37162,81.59376,81.09589,81.48908
2026-06-13,USD/INR,INR,81.48908,81.79539,81.43077,81.7023
2026-06-14,USD/INR,INR,81.7023,82.29893,81.63917,82.24927
2026-06-15,USD/INR,INR,82.24927,82.47789,81.58395,81.80404
2026-06-16,USD/INR,INR,81.80404,81.85825,81.37583,81.60701
2026-06-17,USD/INR,INR,81.60701,81.79874,81.55669,81.77292
2026-06-18,USD/INR,INR,81.77292,81.79576,81.64638,81.65836
2026-06-19,USD/INR,INR,81.65836,82.02265,81.57769,81.8643
2026-06-20,USD/INR,INR,81.8643,81.98575,81.78328,81.79832
2026-06-21,USD/INR,INR,81.79832,81.8643,81.57147,81.58526
2026-06-22,USD/INR,INR,81.58526,81.80908,81.38795,81.77907
2026-06-23,USD/INR,INR,81.77907,81.81741,81.74867,81.79885
2026-06-24,USD/INR,INR,81.79885,82.16223,81.70163,81.99514
2026-06-25,USD/INR,INR,81.99514,82.16572,81.7626,81.87703
2026-06-26,USD/INR,INR,81.87703,82.23357,81.8375,82.18178
2026-06-27,USD/INR,INR,82.18178,82.57477,82.11008,82.49136
2026-06-28,USD/INR,INR,82.49136,82.60334,82.10116,82.25401
2026-06-29,USD/INR,INR,82.25401,82.31105,81.93294,82.02904
2026-06-30,USD/INR,INR,82.02904,82.26544,81.83457,81.9918
2026-07-01,USD/INR,INR,81.9918,82.55141,81.83135,82.23115
2026-07-02,USD/INR,INR,82.23115,82.37209,82.06151,82.07275
2026-07-03,USD/INR,INR,82.07275,82.11725,81.87378,82.08686
2026-07-04,USD/INR,INR,82.08686,82.18665,81.66041,81.84068
2026-07-05,USD/INR,INR,81.84068,82.37666,81.7541,81.99543
2026-07-06,USD/INR,INR,81.99543,82.21731,81.79316,82.19987
2026-07-07,USD/INR,INR,82.19987,82.27028,81.98515,82.20651
2026-07-08,USD/INR,INR,82.20651,82.43878,82.02882,82.1137
2026-07-09,USD/INR,INR,82.1137,82.47798,82.09545,82.24899
2026-07-10,USD/INR,INR,82.24899,82.75244,82.17608,82.52827
2026-07-11,USD/INR,INR,82.52827,82.54718,82.46311,82.47698
2026-07-12,USD/INR,INR,82.47698,82.7012,82.45405,82.62769
2026-07-13,USD/INR,INR,82.62769,82.7807,82.60785,82.62663
2026-07-14,USD/INR,INR,82.62663,82.65391,82.59997,82.60522
2026-07-15,USD/INR,INR,82.60522,82.70055,82.39495,82.62911
2026-07-16,USD/INR,INR,82.62911,82.74825,81.93767,82.39579
2026-07-17,USD/INR,INR,82.39579,82.61887,82.06948,82.19021
2026-07-18,USD/INR,INR,82.19021,82.22889,81.4207,81.77163
2026-07-19,USD/INR,INR,81.77163,82.09577,81.21972,81.46398
2026-07-20,USD/INR,INR,81.46398,81.83877,81.38047,81.65509
2026-07-21,USD/INR,INR,81.65509,82.03017,81.36319,81.80272
2026-07-22,USD/INR,INR,81.80272,82.17925,81.62629,81.76052
2026-07-23,USD/INR,INR,81.76052,81.80287,81.65077,81.68146
2026-07-24,USD/INR,INR,81.68146,82.12691,81.65342,81.91811
2026-07-25,USD/INR,INR,81.91811,82.21003,81.90754,82.15127
2026-07-26,USD/INR,INR,82.15127,82.35757,81.81316,82.34567
2026-07-27,USD/INR,INR,82.34567,82.43051,82.03702,82.05778
2026-07-28,USD/INR,INR,82.05778,82.36448,82.05378,82.15614
2026-07-29,USD/INR,INR,82.15614,82.29458,81.74863,81.87225
2026-07-30,USD/INR,INR,81.87225,81.87287,81.22383,81.48297
2026-07-31,USD/INR,INR,81.48297,81.6301,81.22405,81.35573
2026-08-01,USD/INR,INR,81.35573,81.59689,81.21253,81.38762
2026-08-02,USD/INR,INR,81.38762,81.44136,80.97199,81.10403
2026-08-03,USD/INR,INR,81.10403,81.18582,80.95348,81.03799
2026-08-04,USD/INR,INR,81.03799,81.33034,80.98832,81.31696
2026-08-05,USD/INR,INR,81.31696,81.34656,81.1647,81.2361
2026-08-06,USD/INR,INR,81.2361,81.52916,81.17041,81.22426
2026-08-07,USD/INR,INR,81.22426,81.41702,81.01561,81.30641
2026-08-08,USD/INR,INR,81.30641,81.69476,81.26916,81.61454
2026-08-09,USD/INR,INR,81.61454,81.74868,81.17867,81.3907
2026-08-10,USD/INR,INR,81.3907,81.51652,81.30774,81.42685
2026-08-11,USD/INR,INR,81.42685,81.67127,81.04933,81.26921
2026-08-12,USD/INR,INR,81.26921,81.37139,80.75745,81.18254
2026-08-13,USD/INR,INR,81.18254,81.40003,80.86809,80.88996
2026-08-14,USD/INR,INR,80.88996,81.10761,80.78663,80.83208
2026-08-15,USD/INR,INR,80.83208,81.02773,80.52497,80.94228
2026-08-16,USD/INR,INR,80.94228,81.16622,80.77848,80.92442
2026-08-17,USD/INR,INR,80.92442,81.2368,80.80044,81.09116
2026-08-18,USD/INR,INR,81.09116,81.45652,80.95132,81.00575
2026-08-19,USD/INR,INR,81.00575,81.16293,80.78075,80.9586
2026-08-20,USD/INR,INR,80.9586,81.20253,80.67901,80.84139
2026-08-21,USD/INR,INR,80.84139,81.00242,80.49801,80.61059
2026-08-22,USD/INR,INR,80.61059,80.70509,80.40592,80.64367
2026-08-23,USD/INR,INR,80.64367,80.7403,80.42307,80.61781
2026-08-24,USD/INR,INR,80.61781,80.92624,80.53993,80.78894
2026-08-25,USD/INR,INR,80.78894,81.01155,80.78287,80.9042
2026-08-26,USD/INR,INR,80.9042,80.92514,80.46369,80.84864
2026-08-27,USD/INR,INR,80.84864,80.94825,80.31995,80.48691
2026-08-28,USD/INR,INR,80.48691,80.52619,80.26442,80.31175
2026-08-29,USD/INR,INR,80.31175,80.78526,80.16944,80.45897
2026-08-30,USD/INR,INR,80.45897,80.57212,79.99837,80.40012
2026-08-31,USD/INR,INR,80.40012,80.62636,80.29767,80.36233
2026-09-01,USD/INR,INR,80.36233,80.65318,80.21661,80.63576
2026-09-02,USD/INR,INR,80.63576,80.94422,80.47028,80.83695
2026-09-03,USD/INR,INR,80.83695,81.08351,80.64586,80.92211
2026-09-04,USD/INR,INR,80.92211,80.98007,80.71815,80.91676
2026-09-05,USD/INR,INR,80.91676,80.98774,80.45898,80.68005
2026-09-06,USD/INR,INR,80.68005,80.94476,80.47535,80.903
2026-09-07,USD/INR,INR,80.903,81.20867,80.67249,81.01048
2026-09-08,USD/INR,INR,81.01048,81.47627,80.88709,81.33275
2026-09-09,USD/INR,INR,81.33275,81.35641,81.16427,81.27866
2026-09-10,USD/INR,INR,81.27866,81.65423,80.83922,81.63067
2026-09-11,USD/INR,INR,81.63067,81.76498,81.61844,81.70809
2026-09-12,USD/INR,INR,81.70809,81.83997,81.45814,81.64096
2026-09-13,USD/INR,INR,81.64096,81.76235,81.63421,81.7069
2026-09-14,USD/INR,INR,81.7069,81.85022,81.61229,81.71907
2026-09-15,USD/INR,INR,81.71907,82.07331,81.5139,81.82123
2026-09-16,USD/INR,INR,81.82123,81.95547,81.53379,81.68915
2026-09-17,USD/INR,INR,81.68915,81.92401,81.52198,81.83945
2026-09-18,USD/INR,INR,81.83945,82.34305,81.55285,81.90493
2026-09-19,USD/INR,INR,81.90493,81.91843,81.8163,81.87678
2026-09-20,USD/INR,INR,81.87678,82.01071,81.49785,81.56167
2026-09-21,USD/INR,INR,81.56167,81.6911,81.37296,81.68845
2026-09-22,USD/INR,INR,81.68845,81.90003,81.64262,81.77778
2026-09-23,USD/INR,INR,81.77778,81.79546,81.31788,81.49915
2026-09-24,USD/INR,INR,81.49915,81.87586,81.44978,81.64692
2026-09-25,USD/INR,INR,81.64692,81.96152,81.40662,81.92985
2026-09-26,USD/INR,INR,81.92985,82.04946,81.68814,81.93357
2026-09-27,USD/INR,INR,81.93357,81.96935,81.69102,81.90214
2026-09-28,USD/INR,INR,81.90214,82.11851,81.53214,81.8831
2026-09-29,USD/INR,INR,81.8831,81.90909,81.60601,81.79512
2026-09-30,USD/INR,INR,81.79512,81.96,81.63742,81.67887
2024-09-30,USD/JPY,JPY,152.0,152.19255,150.3615,150.52379
2024-10-01,USD/JPY,JPY,150.52379,151.54602,149.26846,150.32288
2024-10-02,USD/JPY,JPY,150.32288,151.3783,150.15089,150.43103
2024-10-03,USD/JPY,JPY,150.43103,150.6092,149.58334,149.7255
2024-10-04,USD/JPY,JPY,149.7255,150.69378,148.37073,148.77808
2024-10-05,USD/JPY,JPY,148.77808,149.64753,146.96771,147.29455
2024-10-06,USD/JPY,JPY,147.29455,148.43869,145.69954,146.82423
2024-10-07,USD/JPY,JPY,146.82423,146.86199,145.21947,145.80496
2024-10-08,USD/JPY,JPY,145.80496,146.20338,144.71327,146.16501
2024-10-09,USD/JPY,JPY,146.16501,146.28579,145.03192,145.53599
2024-10-10,USD/JPY,JPY,145.53599,146.15772,144.91965,145.7206
2024-10-11,USD/JPY,JPY,145.7206,147.12903,144.27088,144.75972
2024-10-12,USD/JPY,JPY,144.75972,145.47414,143.25309,144.78007
2024-10-13,USD/JPY,JPY,144.78007,144.92357,142.15277,143.65615
2024-10-14,USD/JPY,JPY,143.65615,144.06115,143.6314,143.82991
2024-10-15,USD/JPY,JPY,143.82991,145.12695,143.09813,143.33371
2024-10-16,USD/JPY,JPY,143.33371,144.87836,143.05618,144.50258
2024-10-17,USD/JPY,JPY,144.50258,144.79328,143.02995,143.27795
2024-10-18,USD/JPY,JPY,143.27795,143.7573,142.4515,142.69864
2024-10-19,USD/JPY,JPY,142.69864,143.84592,142.4493,143.02019
2024-10-20,USD/JPY,JPY,143.02019,143.7118,141.87849,143.00902
2024-10-21,USD/JPY,JPY,143.00902,143.43026,141.74636,142.35916
2024-10-22,USD/JPY,JPY,142.35916,144.13848,141.77249,143.78868
2024-10-23,USD/JPY,JPY,143.78868,144.81286,143.62592,144.68509
2024-10-24,USD/JPY,JPY,144.68509,145.16218,144.21802,144.43267
2024-10-25,USD/JPY,JPY,144.43267,145.58723,143.21699,144.02133
2024-10-26,USD/JPY,JPY,144.02133,145.3309,143.8318,145.25975
2024-10-27,USD/JPY,JPY,145.25975,146.3519,144.70737,145.94717
2024-10-28,USD/JPY,JPY,145.94717,146.40953,143.21104,143.79569
2024-10-29,USD/JPY,JPY,143.79569,143.9317,142.58348,142.8259
2024-10-30,USD/JPY,JPY,142.8259,143.55127,142.40755,143.39929
2024-10-31,USD/JPY,JPY,143.39929,143.79043,142.80868,143.71184
2024-11-01,USD/JPY,JPY,143.71184,144.36686,143.14448,144.3475
2024-11-02,USD/JPY,JPY,144.3475,144.69669,143.65122,143.85077
2024-11-03,USD/JPY,JPY,143.85077,144.53782,143.81841,144.08442
2024-11-04,USD/JPY,JPY,144.08442,144.20969,143.75735,144.11881
2024-11-05,USD/JPY,JPY,144.11881,145.23198,142.96828,143.40691
2024-11-06,USD/JPY,JPY,143.40691,144.24636,143.25686,143.80161
2024-11-07,USD/JPY,JPY,143.80161,144.52244,143.11856,144.19209
2024-11-08,USD/JPY,JPY,144.19209,145.72371,143.47526,145.00444
2024-11-09,USD/JPY,JPY,145.00444,145.76438,144.27588,144.36916
2024-11-10,USD/JPY,JPY,144.36916,145.25827,142.47175,142.62825
2024-11-11,USD/JPY,JPY,142.62825,142.8877,141.71708,141.73729
2024-11-12,USD/JPY,JPY,141.73729,143.08108,141.0684,142.89845
2024-11-13,USD/JPY,JPY,142.89845,144.95186,142.71941,144.04281
2024-11-14,USD/JPY,JPY,144.04281,144.33488,141.85164,142.50903
2024-11-15,USD/JPY,JPY,142.50903,143.60295,141.92788,142.46687
2024-11-16,USD/JPY,JPY,142.46687,143.61675,142.25789,142.93352
2024-11-17,USD/JPY,JPY,142.93352,143.24743,140.25257,140.99527
2024-11-18,USD/JPY,JPY,140.99527,141.13391,139.74474,140.39016
2024-11-19,USD/JPY,JPY,140.39016,142.8377,139.84418,141.78866
2024-11-20,USD/JPY,JPY,141.78866,142.34975,141.40502,141.9248
2024-11-21,USD/JPY,JPY,141.9248,142.85232,141.71753,142.34394
2024-11-22,USD/JPY,JPY,142.34394,145.31769,141.27257,144.6634
2024-11-23,USD/JPY,JPY,144.6634,145.66145,143.42427,144.37233
2024-11-24,USD/JPY,JPY,144.37233,144.95814,142.99574,143.5989
2024-11-25,USD/JPY,JPY,143.5989,144.35051,143.48547,144.02972
2024-11-26,USD/JPY,JPY,144.02972,145.24781,143.86207,144.75971
2024-11-27,USD/JPY,JPY,144.75971,146.31197,143.24066,145.07263
2024-11-28,USD/JPY,JPY,145.07263,145.68527,143.755,145.37056
2024-11-29,USD/JPY,JPY,145.37056,146.04363,145.24553,145.51877
2024-11-30,USD/JPY,JPY,145.51877,146.8479,144.15881,145.77848
2024-12-01,USD/JPY,JPY,145.77848,147.50512,145.59758,146.13198
2024-12-02,USD/JPY,JPY,146.13198,147.88881,146.11137,147.48051
2024-12-03,USD/JPY,JPY,147.48051,148.96933,146.72246,147.52982
2024-12-04,USD/JPY,JPY,147.52982,148.06345,146.09912,146.66193
2024-12-05,USD/JPY,JPY,146.66193,147.47814,146.556,146.94531
2024-12-06,USD/JPY,JPY,146.94531,147.94448,146.9079,147.93875
2024-12-07,USD/JPY,JPY,147.93875,148.38428,147.47103,147.74484
2024-12-08,USD/JPY,JPY,147.74484,149.3005,147.03046,148.56045
2024-12-09,USD/JPY,JPY,148.56045,149.20252,148.26376,149.14442
2024-12-10,USD/JPY,JPY,149.14442,150.29742,149.01304,149.8969
2024-12-11,USD/JPY,JPY,149.8969,152.09605,148.85983,151.07295
2024-12-12,USD/JPY,JPY,151.07295,151.89103,150.23129,150.86119
2024-12-13,USD/JPY,JPY,150.86119,152.4214,149.02627,150.13133
2024-12-14,USD/JPY,JPY,150.13133,150.21492,148.84187,149.44045
2024-12-15,USD/JPY,JPY,149.44045,150.28221,148.58248,150.03423
2024-12-16,USD/JPY,JPY,150.03423,151.37011,149.48142,150.42119
2024-12-17,USD/JPY,JPY,150.42119,151.36364,148.58388,148.70069
2024-12-18,USD/JPY,JPY,148.70069,149.66978,147.11476,147.11629
2024-12-19,USD/JPY,JPY,147.11629,148.40576,145.51478,146.69851
2024-12-20,USD/JPY,JPY,146.69851,147.05813,145.53883,146.02024
2024-12-21,USD/JPY,JPY,146.02024,146.98111,145.55442,145.5623
2024-12-22,USD/JPY,JPY,145.5623,145.84139,145.16269,145.44575
2024-12-23,USD/JPY,JPY,145.44575,146.18299,144.79749,144.86702
2024-12-24,USD/JPY,JPY,144.86702,145.948,144.27544,145.19628
2024-12-25,USD/JPY,JPY,145.19628,145.56562,143.64094,143.80419
2024-12-26,USD/JPY,JPY,143.80419,144.16173,142.14262,143.32256
2024-12-27,USD/JPY,JPY,143.32256,144.86204,142.39891,142.67333
2024-12-28,USD/JPY,JPY,142.67333,143.06613,141.08513,142.76696
2024-12-29,USD/JPY,JPY,142.76696,143.47078,141.53652,142.00819
2024-12-30,USD/JPY,JPY,142.00819,143.13327,141.99423,142.0546
2024-12-31,USD/JPY,JPY,142.0546,143.49461,141.87166,143.39907
2025-01-01,USD/JPY,JPY,143.39907,143.966,142.41367,142.93304
2025-01-02,USD/JPY,JPY,142.93304,145.63442,142.77157,144.40599
2025-01-03,USD/JPY,JPY,144.40599,145.07343,143.71037,144.41851
2025-01-04,USD/JPY,JPY,144.41851,144.7531,142.9633,143.79997
2025-01-05,USD/JPY,JPY,143.79997,144.56787,142.94585,144.14507
2025-01-06,USD/JPY,JPY,144.14507,144.99955,143.2371,143.80581
2025-01-07,USD/JPY,JPY,143.80581,144.72878,143.61547,144.2632
2025-01-08,USD/JPY,JPY,144.2632,144.38189,142.9658,142.99365
2025-01-09,USD/JPY,JPY,142.99365,143.11258,142.3288,142.4418
2025-01-10,USD/JPY,JPY,142.4418,143.36704,140.69804,141.82478
2025-01-11,USD/JPY,JPY,141.82478,141.88516,140.72338,141.35207
2025-01-12,USD/JPY,JPY,141.35207,144.90604,141.0723,144.11689
2025-01-13,USD/JPY,JPY,144.11689,144.45855,143.12269,143.57767
2025-01-14,USD/JPY,JPY,143.57767,143.60376,141.78443,142.71031
2025-01-15,USD/JPY,JPY,142.71031,143.50959,142.44505,143.47487
2025-01-16,USD/JPY,JPY,143.47487,143.70668,142.94742,143.12851
2025-01-17,USD/JPY,JPY,143.12851,143.35396,141.69566,142.23363
2025-01-18,USD/JPY,JPY,142.23363,143.55403,140.72408,141.55829
2025-01-19,USD/JPY,JPY,141.55829,142.28291,140.38172,141.04501
2025-01-20,USD/JPY,JPY,141.04501,141.72047,138.49051,140.06855
2025-01-21,USD/JPY,JPY,140.06855,141.45805,139.90993,141.43844
2025-01-22,USD/JPY,JPY,141.43844,141.7075,140.52407,140.96891
2025-01-23,USD/JPY,JPY,140.96891,141.78862,139.40137,139.41431
2025-01-24,USD/JPY,JPY,139.41431,139.45558,137.91273,138.56794
2025-01-25,USD/JPY,JPY,138.56794,139.08812,137.84222,137.99248
2025-01-26,USD/JPY,JPY,137.99248,138.53957,137.70067,138.00584
2025-01-27,USD/JPY,JPY,138.00584,139.40603,137.74496,139.12453
2025-01-28,USD/JPY,JPY,139.12453,139.38713,137.56337,138.14981
2025-01-29,USD/JPY,JPY,138.14981,139.74629,137.0592,139.1583
2025-01-30,USD/JPY,JPY,139.1583,141.14077,138.60838,140.00818
2025-01-31,USD/JPY,JPY,140.00818,140.44096,138.92667,139.74597
2025-02-01,USD/JPY,JPY,139.74597,141.57382,139.33495,140.66709
2025-02-02,USD/JPY,JPY,140.66709,141.75288,139.8578,139.916
2025-02-03,USD/JPY,JPY,139.916,142.98522,139.85619,141.32684
2025-02-04,USD/JPY,JPY,141.32684,142.36127,141.01661,142.21603
2025-02-05,USD/JPY,JPY,142.21603,142.3381,141.63399,141.96974
2025-02-06,USD/JPY,JPY,141.96974,142.01815,141.50297,141.53935
2025-02-07,USD/JPY,JPY,141.53935,142.87093,141.50726,142.20391
2025-02-08,USD/JPY,JPY,142.20391,144.45678,141.35973,143.72066
2025-02-09,USD/JPY,JPY,143.72066,143.96458,143.08688,143.76153
2025-02-10,USD/JPY,JPY,143.76153,146.26204,142.92945,145.01677
2025-02-11,USD/JPY,JPY,145.01677,146.2609,144.58817,146.08293
2025-02-12,USD/JPY,JPY,146.08293,146.43967,144.20187,145.09718
2025-02-13,USD/JPY,JPY,145.09718,146.8022,145.06018,146.78771
2025-02-14,USD/JPY,JPY,146.78771,147.90815,146.17679,147.2845
2025-02-15,USD/JPY,JPY,147.2845,148.58759,147.09147,148.1763
2025-02-16,USD/JPY,JPY,148.1763,149.17061,148.17297,148.82526
2025-02-17,USD/JPY,JPY,148.82526,149.68936,147.66118,149.17399
2025-02-18,USD/JPY,JPY,149.17399,149.93682,148.70964,149.78278
2025-02-19,USD/JPY,JPY,149.78278,151.50966,148.8908,150.44529
2025-02-20,USD/JPY,JPY,150.44529,152.54495,150.25241,151.58208
2025-02-21,USD/JPY,JPY,151.58208,152.21397,151.09381,151.63165
2025-02-22,USD/JPY,JPY,151.63165,151.90174,151.37326,151.39664
2025-02-23,USD/JPY,JPY,151.39664,152.25627,150.67169,150.70829
2025-02-24,USD/JPY,JPY,150.70829,153.51926,150.33908,152.42906
2025-02-25,USD/JPY,JPY,152.42906,153.24237,152.16114,152.47929
2025-02-26,USD/JPY,JPY,152.47929,153.52023,151.70309,152.76254
2025-02-27,USD/JPY,JPY,152.76254,153.97507,152.40503,153.05642
2025-02-28,USD/JPY,JPY,153.05642,154.16452,151.97529,153.50105
2025-03-01,USD/JPY,JPY,153.50105,155.62604,152.87133,154.55739
2025-03-02,USD/JPY,JPY,154.55739,155.0896,152.12281,152.63752
2025-03-03,USD/JPY,JPY,152.63752,152.94699,151.29271,152.31295
2025-03-04,USD/JPY,JPY,152.31295,153.37798,152.30479,153.00427
2025-03-05,USD/JPY,JPY,153.00427,153.8603,152.17307,152.94907
2025-03-06,USD/JPY,JPY,152.94907,154.05612,152.24241,153.78614
2025-03-07,USD/JPY,JPY,153.78614,154.18075,152.61822,154.08381
2025-03-08,USD/JPY,JPY,154.08381,154.10238,152.55542,153.8778
2025-03-09,USD/JPY,JPY,153.8778,155.52636,153.47323,154.48227
2025-03-10,USD/JPY,JPY,154.48227,154.56188,153.74112,153.90108
2025-03-11,USD/JPY,JPY,153.90108,154.16137,152.99057,153.12921
2025-03-12,USD/JPY,JPY,153.12921,155.91898,152.31677,154.50445
2025-03-13,USD/JPY,JPY,154.50445,155.43722,152.93343,153.73156
2025-03-14,USD/JPY,JPY,153.73156,155.22558,153.18995,154.37346
2025-03-15,USD/JPY,JPY,154.37346,156.5294,154.26717,156.14554
2025-03-16,USD/JPY,JPY,156.14554,157.31952,155.61007,156.46346
2025-03-17,USD/JPY,JPY,156.46346,156.67616,154.48205,155.92595
2025-03-18,USD/JPY,JPY,155.92595,157.36295,155.88955,156.06775
2025-03-19,USD/JPY,JPY,156.06775,157.16298,154.91608,156.83391
2025-03-20,USD/JPY,JPY,156.83391,157.65596,155.1354,155.59762
2025-03-21,USD/JPY,JPY,155.59762,157.45351,154.10917,154.1524
2025-03-22,USD/JPY,JPY,154.1524,155.10679,153.28303,153.43156
2025-03-23,USD/JPY,JPY,153.43156,153.50086,153.14613,153.34706
2025-03-24,USD/JPY,JPY,153.34706,154.16662,152.04149,153.90413
2025-03-25,USD/JPY,JPY,153.90413,155.50733,153.56138,153.80079
2025-03-26,USD/JPY,JPY,153.80079,153.91134,152.11085,152.99546
2025-03-27,USD/JPY,JPY,152.99546,153.70988,151.92979,152.22006
2025-03-28,USD/JPY,JPY,152.22006,153.95765,151.65713,153.71069
2025-03-29,USD/JPY,JPY,153.71069,154.61064,153.14159,154.31474
2025-03-30,USD/JPY,JPY,154.31474,154.34503,153.02327,153.93233
2025-03-31,USD/JPY,JPY,153.93233,153.94796,151.89916,152.31797
2025-04-01,USD/JPY,JPY,152.31797,153.38181,152.26814,152.50288
2025-04-02,USD/JPY,JPY,152.50288,152.90034,152.30438,152.37096
2025-04-03,USD/JPY,JPY,152.37096,152.717,151.63003,152.06664
2025-04-04,USD/JPY,JPY,152.06664,152.41991,150.67586,151.57828
2025-04-05,USD/JPY,JPY,151.57828,151.84212,148.89326,148.91572
2025-04-06,USD/JPY,JPY,148.91572,149.11866,147.25247,147.56136
2025-04-07,USD/JPY,JPY,147.56136,149.78963,146.6742,148.06204
2025-04-08,USD/JPY,JPY,148.06204,148.50932,147.00257,147.48348
2025-04-09,USD/JPY,JPY,147.48348,147.91207,146.54547,146.79446
2025-04-10,USD/JPY,JPY,146.79446,147.5487,144.64914,145.14411
2025-04-11,USD/JPY,JPY,145.14411,145.40152,144.31068,144.48375
2025-04-12,USD/JPY,JPY,144.48375,144.83217,143.6085,144.45991
2025-04-13,USD/JPY,JPY,144.45991,144.53364,142.69013,143.89173
2025-04-14,USD/JPY,JPY,143.89173,144.57881,143.79884,143.82324
2025-04-15,USD/JPY,JPY,143.82324,143.97937,143.35592,143.46223
2025-04-16,USD/JPY,JPY,143.46223,144.83076,143.23519,143.96005
2025-04-17,USD/JPY,JPY,143.96005,145.53675,143.69741,144.92155
2025-04-18,USD/JPY,JPY,144.92155,145.12205,144.13795,144.36597
2025-04-19,USD/JPY,JPY,144.36597,145.56092,144.33863,144.96707
2025-04-20,USD/JPY,JPY,144.96707,146.859,143.61378,145.53646
2025-04-21,USD/JPY,JPY,145.53646,146.83322,145.23055,145.33164
2025-04-22,USD/JPY,JPY,145.33164,145.43256,144.69782,145.38017
2025-04-23,USD/JPY,JPY,145.38017,146.19099,145.09222,145.99963
2025-04-24,USD/JPY,JPY,145.99963,147.1402,144.9879,145.93773
2025-04-25,USD/JPY,JPY,145.93773,146.11351,145.4155,146.07172
2025-04-26,USD/JPY,JPY,146.07172,147.1924,145.31534,145.41568
2025-04-27,USD/JPY,JPY,145.41568,146.61712,144.60286,145.66242
2025-04-28,USD/JPY,JPY,145.66242,148.13651,145.4203,146.60934
2025-04-29,USD/JPY,JPY,146.60934,146.87187,145.58141,145.59038
2025-04-30,USD/JPY,JPY,145.59038,146.44375,144.59412,146.06367
2025-05-01,USD/JPY,JPY,146.06367,147.18142,144.48321,145.19022
2025-05-02,USD/JPY,JPY,145.19022,145.32062,141.42853,143.39561
2025-05-03,USD/JPY,JPY,143.39561,144.11481,143.35939,143.40762
2025-05-04,USD/JPY,JPY,143.40762,143.50899,142.97123,143.38906
2025-05-05,USD/JPY,JPY,143.38906,144.45375,142.4373,142.59108
2025-05-06,USD/JPY,JPY,142.59108,143.5782,141.78401,143.18246
2025-05-07,USD/JPY,JPY,143.18246,143.35732,142.41439,143.00151
2025-05-08,USD/JPY,JPY,143.00151,143.43453,141.96123,142.23886
2025-05-09,USD/JPY,JPY,142.23886,142.6414,141.15679,141.59224
2025-05-10,USD/JPY,JPY,141.59224,141.66554,141.11428,141.12361
2025-05-11,USD/JPY,JPY,141.12361,142.0371,139.44994,139.65657
2025-05-12,USD/JPY,JPY,139.65657,140.30592,138.51963,139.1114
2025-05-13,USD/JPY,JPY,139.1114,140.80095,139.06054,139.68251
2025-05-14,USD/JPY,JPY,139.68251,140.56248,138.17528,140.20197
2025-05-15,USD/JPY,JPY,140.20197,141.76001,139.96349,141.7526
2025-05-16,USD/JPY,JPY,141.7526,142.9261,141.34306,142.83363
2025-05-17,USD/JPY,JPY,142.83363,143.59119,142.71862,143.54165
2025-05-18,USD/JPY,JPY,143.54165,144.6265,142.75606,142.90454
2025-05-19,USD/JPY,JPY,142.90454,143.77996,142.00134,143.63725
2025-05-20,USD/JPY,JPY,143.63725,144.30383,143.06037,143.1027
2025-05-21,USD/JPY,JPY,143.1027,143.58751,142.57135,143.05916
2025-05-22,USD/JPY,JPY,143.05916,145.40467,143.03452,144.15707
2025-05-23,USD/JPY,JPY,144.15707,145.84438,143.47507,145.16954
2025-05-24,USD/JPY,JPY,145.16954,146.58228,145.1596,146.0275
2025-05-25,USD/JPY,JPY,146.0275,146.43982,143.281,143.67669
2025-05-26,USD/JPY,JPY,143.67669,143.75397,142.66173,142.92521
2025-05-27,USD/JPY,JPY,142.92521,143.59106,141.85044,142.29843
2025-05-28,USD/JPY,JPY,142.29843,143.614,141.97602,143.1975
2025-05-29,USD/JPY,JPY,143.1975,143.41109,142.57251,142.8593
2025-05-30,USD/JPY,JPY,142.8593,143.50148,139.60057,140.48846
2025-05-31,USD/JPY,JPY,140.48846,141.08948,139.42131,139.69807
2025-06-01,USD/JPY,JPY,139.69807,139.83571,137.94648,139.13815
2025-06-02,USD/JPY,JPY,139.13815,140.08046,137.73866,138.30352
2025-06-03,USD/JPY,JPY,138.30352,139.48785,137.20252,139.2701
2025-06-04,USD/JPY,JPY,139.2701,139.85001,138.991,139.77765
2025-06-05,USD/JPY,JPY,139.77765,140.27928,139.34246,139.98693
2025-06-06,USD/JPY,JPY,139.98693,141.16815,139.13962,140.9151
2025-06-07,USD/JPY,JPY,140.9151,142.73987,140.12104,140.56914
2025-06-08,USD/JPY,JPY,140.56914,143.29646,140.41959,142.422
2025-06-09,USD/JPY,JPY,142.422,142.70242,141.33299,142.67946
2025-06-10,USD/JPY,JPY,142.67946,143.47526,142.30301,142.71502
2025-06-11,USD/JPY,JPY,142.71502,143.59583,142.14379,143.05979
2025-06-12,USD/JPY,JPY,143.05979,143.70052,142.20983,142.72615
2025-06-13,USD/JPY,JPY,142.72615,143.29162,140.85156,141.73679
2025-06-14,USD/JPY,JPY,141.73679,141.81566,140.73231,141.04439
2025-06-15,USD/JPY,JPY,141.04439,142.79915,140.50815,141.98005
2025-06-16,USD/JPY,JPY,141.98005,142.38501,141.23547,142.2404
2025-06-17,USD/JPY,JPY,142.2404,144.2628,141.82505,143.7822
2025-06-18,USD/JPY,JPY,143.7822,144.99507,143.12551,144.64168
2025-06-19,USD/JPY,JPY,144.64168,146.37583,144.34297,145.27133
2025-06-20,USD/JPY,JPY,145.27133,145.59443,144.13315,144.26572
2025-06-21,USD/JPY,JPY,144.26572,144.58341,143.05382,144.33355
2025-06-22,USD/JPY,JPY,144.33355,145.98469,144.03872,144.72869
2025-06-23,USD/JPY,JPY,144.72869,145.60109,144.47585,145.23527
2025-06-24,USD/JPY,JPY,145.23527,146.25526,145.03546,146.00127
2025-06-25,USD/JPY,JPY,146.00127,146.16121,145.18304,145.38398
2025-06-26,USD/JPY,JPY,145.38398,145.58506,144.87257,145.15305
2025-06-27,USD/JPY,JPY,145.15305,146.66315,145.10323,145.83998
2025-06-28,USD/JPY,JPY,145.83998,146.06143,144.78479,144.81286
2025-06-29,USD/JPY,JPY,144.81286,145.69769,143.28263,143.37245
2025-06-30,USD/JPY,JPY,143.37245,144.55803,142.97493,143.69467
2025-07-01,USD/JPY,JPY,143.69467,144.2396,143.57828,144.1699
2025-07-02,USD/JPY,JPY,144.1699,145.22647,143.34201,143.57923
2025-07-03,USD/JPY,JPY,143.57923,145.34239,142.83377,144.15312
2025-07-04,USD/JPY,JPY,144.15312,145.07115,144.00918,145.00898
2025-07-05,USD/JPY,JPY,145.00898,146.81353,143.88397,145.34976
2025-07-06,USD/JPY,JPY,145.34976,146.58234,145.33702,145.99673
2025-07-07,USD/JPY,JPY,145.99673,146.27188,145.81287,145.81959
2025-07-08,USD/JPY,JPY,145.81959,146.47991,143.78772,144.93184
2025-07-09,USD/JPY,JPY,144.93184,145.59273,144.18515,145.38384
2025-07-10,USD/JPY,JPY,145.38384,146.5647,145.35844,145.56748
2025-07-11,USD/JPY,JPY,145.56748,145.86292,143.86263,144.45013
2025-07-12,USD/JPY,JPY,144.45013,144.63696,143.62363,144.11349
2025-07-13,USD/JPY,JPY,144.11349,145.07341,143.6892,144.08917
2025-07-14,USD/JPY,JPY,144.08917,147.29715,144.03137,145.50946
2025-07-15,USD/JPY,JPY,145.50946,147.30723,144.54734,146.16209
2025-07-16,USD/JPY,JPY,146.16209,147.12061,145.36644,146.80801
2025-07-17,USD/JPY,JPY,146.80801,147.10388,146.3179,146.62456
2025-07-18,USD/JPY,JPY,146.62456,147.28366,145.11164,145.78903
2025-07-19,USD/JPY,JPY,145.78903,146.37257,144.48446,144.96892
2025-07-20,USD/JPY,JPY,144.96892,145.82876,144.1138,144.49889
2025-07-21,USD/JPY,JPY,144.49889,145.24975,143.76289,144.4951
2025-07-22,USD/JPY,JPY,144.4951,146.74824,144.28972,146.19467
2025-07-23,USD/JPY,JPY,146.19467,146.46571,145.52238,145.92132
2025-07-24,USD/JPY,JPY,145.92132,146.90165,145.12743,146.70415
2025-07-25,USD/JPY,JPY,146.70415,147.81645,145.58723,147.75447
2025-07-26,USD/JPY,JPY,147.75447,147.8815,144.71965,145.95176
2025-07-27,USD/JPY,JPY,145.95176,146.09657,145.50064,145.69007
2025-07-28,USD/JPY,JPY,145.69007,145.89012,145.04825,145.26417
2025-07-29,USD/JPY,JPY,145.26417,146.04961,144.49095,144.78468
2025-07-30,USD/JPY,JPY,144.78468,145.52186,144.61627,145.00597
2025-07-31,USD/JPY,JPY,145.00597,145.39046,144.40914,144.41027
2025-08-01,USD/JPY,JPY,144.41027,144.72814,143.26457,143.59065
2025-08-02,USD/JPY,JPY,143.59065,147.06328,143.47716,145.29005
2025-08-03,USD/JPY,JPY,145.29005,146.76948,144.80841,146.69084
2025-08-04,USD/JPY,JPY,146.69084,147.22441,145.24382,146.79338
2025-08-05,USD/JPY,JPY,146.79338,147.48288,146.27645,146.98128
2025-08-06,USD/JPY,JPY,146.98128,148.10971,145.04873,146.59995
2025-08-07,USD/JPY,JPY,146.59995,147.09727,145.84059,146.79707
2025-08-08,USD/JPY,JPY,146.79707,148.35211,146.63731,147.19738
2025-08-09,USD/JPY,JPY,147.19738,147.63135,144.6635,145.29346
2025-08-10,USD/JPY,JPY,145.29346,145.40628,143.76199,144.04798
2025-08-11,USD/JPY,JPY,144.04798,144.54918,143.36792,144.01167
2025-08-12,USD/JPY,JPY,144.01167,144.95276,142.4178,143.71377
2025-08-13,USD/JPY,JPY,143.71377,145.12464,143.65814,144.73193
2025-08-14,USD/JPY,JPY,144.73193,145.06881,143.71968,144.40317
2025-08-15,USD/JPY,JPY,144.40317,145.75022,143.61553,144.08216
2025-08-16,USD/JPY,JPY,144.08216,144.4688,143.8321,143.85737
2025-08-17,USD/JPY,JPY,143.85737,145.36573,143.18758,144.50791
2025-08-18,USD/JPY,JPY,144.50791,144.91111,143.88429,144.90354
2025-08-19,USD/JPY,JPY,144.90354,146.59048,144.68542,145.51499
2025-08-20,USD/JPY,JPY,145.51499,148.05848,144.77602,147.07126
2025-08-21,USD/JPY,JPY,147.07126,147.95694,146.2211,147.78509
2025-08-22,USD/JPY,JPY,147.78509,148.35912,147.6462,147.79468
2025-08-23,USD/JPY,JPY,147.79468,148.5286,145.94384,146.57098
2025-08-24,USD/JPY,JPY,146.57098,147.53182,145.46103,147.29655
2025-08-25,USD/JPY,JPY,147.29655,148.09048,146.26716,147.02829
2025-08-26,USD/JPY,JPY,147.02829,147.73069,146.5591,146.57832
2025-08-27,USD/JPY,JPY,146.57832,147.53525,145.61191,146.08422
2025-08-28,USD/JPY,JPY,146.08422,147.46805,144.96227,144.98191
2025-08-29,USD/JPY,JPY,144.98191,145.89343,143.79917,144.55557
2025-08-30,USD/JPY,JPY,144.55557,145.12577,143.6878,145.10775
2025-08-31,USD/JPY,JPY,145.10775,146.18565,144.44424,145.65828
2025-09-01,USD/JPY,JPY,145.65828,146.59064,145.54949,146.33543
2025-09-02,USD/JPY,JPY,146.33543,146.72688,145.19183,145.67608
2025-09-03,USD/JPY,JPY,145.67608,146.60354,145.19282,145.61622
2025-09-04,USD/JPY,JPY,145.61622,146.2906,143.74663,144.37827
2025-09-05,USD/JPY,JPY,144.37827,144.68421,144.05486,144.60221
2025-09-06,USD/JPY,JPY,144.60221,145.55168,144.40773,145.00991
2025-09-07,USD/JPY,JPY,145.00991,145.58266,144.04328,144.44845
2025-09-08,USD/JPY,JPY,144.44845,144.47948,144.0225,144.17187
2025-09-09,USD/JPY,JPY,144.17187,144.6842,141.02543,141.26882
2025-09-10,USD/JPY,JPY,141.26882,143.13638,141.16763,142.45941
2025-09-11,USD/JPY,JPY,142.45941,144.48206,142.21246,143.65218
2025-09-12,USD/JPY,JPY,143.65218,143.97114,142.5344,143.03986
2025-09-13,USD/JPY,JPY,143.03986,144.75296,141.95613,142.48555
2025-09-14,USD/JPY,JPY,142.48555,143.68068,141.47853,143.37032
2025-09-15,USD/JPY,JPY,143.37032,144.38167,142.83197,143.70327
2025-09-16,USD/JPY,JPY,143.70327,144.93556,142.53223,144.48778
2025-09-17,USD/JPY,JPY,144.48778,145.18559,143.94804,144.17745
2025-09-18,USD/JPY,JPY,144.17745,146.50669,142.86531,145.33745
2025-09-19,USD/JPY,JPY,145.33745,145.71392,145.33251,145.43071
2025-09-20,USD/JPY,JPY,145.43071,146.56413,144.23218,146.20865
2025-09-21,USD/JPY,JPY,146.20865,148.52349,145.52735,147.87465
2025-09-22,USD/JPY,JPY,147.87465,149.04622,147.8334,148.7945
2025-09-23,USD/JPY,JPY,148.7945,149.92332,148.57618,149.21192
2025-09-24,USD/JPY,JPY,149.21192,151.89582,148.71309,150.48167
2025-09-25,USD/JPY,JPY,150.48167,151.39028,149.71578,149.80941
2025-09-26,USD/JPY,JPY,149.80941,150.24633,148.69077,149.27744
2025-09-27,USD/JPY,JPY,149.27744,150.50566,148.95953,149.82684
2025-09-28,USD/JPY,JPY,149.82684,149.87316,149.33258,149.84596
2025-09-29,USD/JPY,JPY,149.84596,150.06639,148.01875,148.20785
2025-09-30,USD/JPY,JPY,148.20785,148.69204,147.4073,147.54658
2025-10-01,USD/JPY,JPY,147.54658,148.00186,144.089,144.64641
2025-10-02,USD/JPY,JPY,144.64641,145.60622,144.5095,145.09197
2025-10-03,USD/JPY,JPY,145.09197,146.98476,144.51595,146.34448
2025-10-04,USD/JPY,JPY,146.34448,146.69414,145.81386,145.96408
2025-10-05,USD/JPY,JPY,145.96408,146.2272,145.4455,145.82855
2025-10-06,USD/JPY,JPY,145.82855,147.15151,145.43179,147.0479
2025-10-07,USD/JPY,JPY,147.0479,148.92013,146.13632,148.2472
2025-10-08,USD/JPY,JPY,148.2472,149.18854,147.66544,148.63218
2025-10-09,USD/JPY,JPY,148.63218,149.06187,147.09785,147.74438
2025-10-10,USD/JPY,JPY,147.74438,147.93921,146.12725,147.14754
2025-10-11,USD/JPY,JPY,147.14754,147.61809,146.56278,147.13093
2025-10-12,USD/JPY,JPY,147.13093,148.287,146.97081,147.42225
2025-10-13,USD/JPY,JPY,147.42225,148.55892,146.98923,147.71455
2025-10-14,USD/JPY,JPY,147.71455,148.48046,146.96265,147.15658
2025-10-15,USD/JPY,JPY,147.15658,147.26797,145.25351,146.17852
2025-10-16,USD/JPY,JPY,146.17852,146.34136,145.12549,146.3333
2025-10-17,USD/JPY,JPY,146.3333,147.16105,144.17089,145.20325
2025-10-18,USD/JPY,JPY,145.20325,145.62924,144.2176,145.52263
2025-10-19,USD/JPY,JPY,145.52263,145.9985,145.52148,145.73933
2025-10-20,USD/JPY,JPY,145.73933,146.92842,144.00132,145.85554
2025-10-21,USD/JPY,JPY,145.85554,146.42964,145.46075,146.29446
2025-10-22,USD/JPY,JPY,146.29446,146.97805,145.88814,146.88721
2025-10-23,USD/JPY,JPY,146.88721,147.64368,146.36378,147.39353
2025-10-24,USD/JPY,JPY,147.39353,148.75776,146.92022,148.566
2025-10-25,USD/JPY,JPY,148.566,149.74006,148.35881,149.72564
2025-10-26,USD/JPY,JPY,149.72564,150.89488,149.69003,150.41515
2025-10-27,USD/JPY,JPY,150.41515,151.17486,148.88128,150.54158
2025-10-28,USD/JPY,JPY,150.54158,151.40142,148.53504,149.39895
2025-10-29,USD/JPY,JPY,149.39895,150.68462,148.99975,150.00745
2025-10-30,USD/JPY,JPY,150.00745,151.26112,148.29214,151.24099
2025-10-31,USD/JPY,JPY,151.24099,151.7027,149.06052,149.82955
2025-11-01,USD/JPY,JPY,149.82955,150.72195,149.63808,150.58655
2025-11-02,USD/JPY,JPY,150.58655,151.5189,150.18736,150.97699
2025-11-03,USD/JPY,JPY,150.97699,152.54408,150.82568,151.86327
2025-11-04,USD/JPY,JPY,151.86327,152.12127,150.42594,151.10091
2025-11-05,USD/JPY,JPY,151.10091,152.94776,150.97232,151.21331
2025-11-06,USD/JPY,JPY,151.21331,151.35632,150.78895,151.28564
2025-11-07,USD/JPY,JPY,151.28564,152.03636,151.18435,151.26021
2025-11-08,USD/JPY,JPY,151.26021,151.87589,150.32443,150.62279
2025-11-09,USD/JPY,JPY,150.62279,151.49805,149.7344,150.70658
2025-11-10,USD/JPY,JPY,150.70658,150.80227,149.25009,150.46408
2025-11-11,USD/JPY,JPY,150.46408,150.9142,149.27218,149.79681
2025-11-12,USD/JPY,JPY,149.79681,150.08332,149.43081,149.97737
2025-11-13,USD/JPY,JPY,149.97737,151.49279,148.89562,150.35288
2025-11-14,USD/JPY,JPY,150.35288,150.73465,148.66887,148.78542
2025-11-15,USD/JPY,JPY,148.78542,149.1957,148.70844,148.9347
2025-11-16,USD/JPY,JPY,148.9347,149.46083,148.3473,149.08107
2025-11-17,USD/JPY,JPY,149.08107,149.23473,148.34352,148.73552
2025-11-18,USD/JPY,JPY,148.73552,149.78089,148.54976,149.45591
2025-11-19,USD/JPY,JPY,149.45591,151.04019,149.41722,150.26951
2025-11-20,USD/JPY,JPY,150.26951,150.39588,149.3501,150.10946
2025-11-21,USD/JPY,JPY,150.10946,150.60124,149.54852,149.97213
2025-11-22,USD/JPY,JPY,149.97213,150.1158,149.22825,149.7717
2025-11-23,USD/JPY,JPY,149.7717,150.42515,149.58984,150.37366
2025-11-24,USD/JPY,JPY,150.37366,150.41527,149.80126,150.09705
2025-11-25,USD/JPY,JPY,150.09705,150.92492,149.04501,150.66288
2025-11-26,USD/JPY,JPY,150.66288,152.49549,150.61668,151.89962
2025-11-27,USD/JPY,JPY,151.89962,152.11794,150.04507,151.37882
2025-11-28,USD/JPY,JPY,151.37882,151.61875,150.78545,151.14545
2025-11-29,USD/JPY,JPY,151.14545,151.71412,149.53854,150.3363
2025-11-30,USD/JPY,JPY,150.3363,152.22153,149.26775,149.62628
2025-12-01,USD/JPY,JPY,149.62628,151.43765,148.69387,151.33921
2025-12-02,USD/JPY,JPY,151.33921,151.64478,150.15158,150.82689
2025-12-03,USD/JPY,JPY,150.82689,152.10342,150.06009,151.56308
2025-12-04,USD/JPY,JPY,151.56308,153.21265,150.2943,152.19024
2025-12-05,USD/JPY,JPY,152.19024,155.225,150.29903,154.61138
2025-12-06,USD/JPY,JPY,154.61138,155.01443,154.11126,154.33337
2025-12-07,USD/JPY,JPY,154.33337,154.60434,152.96876,153.86244
2025-12-08,USD/JPY,JPY,153.86244,154.73278,153.64489,153.68348
2025-12-09,USD/JPY,JPY,153.68348,154.14789,152.89187,153.82622
2025-12-10,USD/JPY,JPY,153.82622,154.22184,152.26904,152.4489
2025-12-11,USD/JPY,JPY,152.4489,153.32323,151.64787,152.61149
2025-12-12,USD/JPY,JPY,152.61149,153.91111,151.41765,151.7844
2025-12-13,USD/JPY,JPY,151.7844,152.99897,150.8894,152.91783
2025-12-14,USD/JPY,JPY,152.91783,153.91892,151.77713,152.53229
2025-12-15,USD/JPY,JPY,152.53229,153.671,151.78556,152.88136
2025-12-16,USD/JPY,JPY,152.88136,152.93894,152.65728,152.84449
2025-12-17,USD/JPY,JPY,152.84449,154.04612,152.61916,153.51711
2025-12-18,USD/JPY,JPY,153.51711,154.16074,153.15087,154.01701
2025-12-19,USD/JPY,JPY,154.01701,154.01853,153.5681,153.7539
2025-12-20,USD/JPY,JPY,153.7539,154.2201,153.07467,153.39032
2025-12-21,USD/JPY,JPY,153.39032,155.31523,152.54224,154.51902
2025-12-22,USD/JPY,JPY,154.51902,155.85571,154.11059,155.63783
2025-12-23,USD/JPY,JPY,155.63783,155.73506,154.67165,154.88545
2025-12-24,USD/JPY,JPY,154.88545,155.29998,152.73409,153.64399
2025-12-25,USD/JPY,JPY,153.64399,154.56351,153.39132,153.51945
2025-12-26,USD/JPY,JPY,153.51945,155.76567,151.8856,154.25983
2025-12-27,USD/JPY,JPY,154.25983,155.74657,152.92129,155.55176
2025-12-28,USD/JPY,JPY,155.55176,156.81149,155.24729,155.82151
2025-12-29,USD/JPY,JPY,155.82151,156.8446,155.05296,156.19761
2025-12-30,USD/JPY,JPY,156.19761,157.58682,156.19152,156.91309
2025-12-31,USD/JPY,JPY,156.91309,157.58823,155.52976,155.715
2026-01-01,USD/JPY,JPY,155.715,156.64135,153.12049,154.54811
2026-01-02,USD/JPY,JPY,154.54811,156.01634,154.47414,154.53623
2026-01-03,USD/JPY,JPY,154.53623,154.96491,153.12505,154.23604
2026-01-04,USD/JPY,JPY,154.23604,154.73502,153.21948,153.59738
2026-01-05,USD/JPY,JPY,153.59738,154.29365,152.97533,153.23156
2026-01-06,USD/JPY,JPY,153.23156,153.99532,151.83864,152.91339
2026-01-07,USD/JPY,JPY,152.91339,153.9207,152.56985,153.47853
2026-01-08,USD/JPY,JPY,153.47853,153.78586,152.81142,153.56901
2026-01-09,USD/JPY,JPY,153.56901,154.26077,152.4097,154.20275
2026-01-10,USD/JPY,JPY,154.20275,154.54479,153.38885,153.43804
2026-01-11,USD/JPY,JPY,153.43804,155.21793,152.87041,155.05544
2026-01-12,USD/JPY,JPY,155.05544,155.50739,154.83387,155.26685
2026-01-13,USD/JPY,JPY,155.26685,156.6148,155.25026,155.78592
2026-01-14,USD/JPY,JPY,155.78592,157.84171,155.301,157.21359
2026-01-15,USD/JPY,JPY,157.21359,159.37696,156.6359,159.14798
2026-01-16,USD/JPY,JPY,159.14798,162.08708,159.12485,160.61867
2026-01-17,USD/JPY,JPY,160.61867,160.74049,159.69404,160.19784
2026-01-18,USD/JPY,JPY,160.19784,161.75278,160.12613,161.34777
2026-01-19,USD/JPY,JPY,161.34777,162.92528,160.61589,162.70133
2026-01-20,USD/JPY,JPY,162.70133,163.00989,162.38678,162.46796
2026-01-21,USD/JPY,JPY,162.46796,162.73774,161.48119,162.44242
2026-01-22,USD/JPY,JPY,162.44242,162.9715,160.30188,161.81197
2026-01-23,USD/JPY,JPY,161.81197,164.41401,161.40952,162.70649
2026-01-24,USD/JPY,JPY,162.70649,163.3871,158.88454,161.10937
2026-01-25,USD/JPY,JPY,161.10937,161.91887,160.96971,161.01215
2026-01-26,USD/JPY,JPY,161.01215,161.07089,159.30578,159.59715
2026-01-27,USD/JPY,JPY,159.59715,161.93891,159.04566,160.93948
2026-01-28,USD/JPY,JPY,160.93948,162.34539,159.57657,160.67451
2026-01-29,USD/JPY,JPY,160.67451,160.73374,157.8768,159.45827
2026-01-30,USD/JPY,JPY,159.45827,159.58684,158.29404,159.30474
2026-01-31,USD/JPY,JPY,159.30474,160.82913,158.75164,160.15743
2026-02-01,USD/JPY,JPY,160.15743,160.65545,158.71896,159.6272
2026-02-02,USD/JPY,JPY,159.6272,160.48408,158.80023,159.72478
2026-02-03,USD/JPY,JPY,159.72478,160.06855,158.99927,159.37653
2026-02-04,USD/JPY,JPY,159.37653,159.86489,159.17446,159.80931
2026-02-05,USD/JPY,JPY,159.80931,160.69215,159.73528,159.99414
2026-02-06,USD/JPY,JPY,159.99414,161.20981,159.2932,160.15066
2026-02-07,USD/JPY,JPY,160.15066,160.2143,158.58163,159.3983
2026-02-08,USD/JPY,JPY,159.3983,160.25794,159.14406,160.23374
2026-02-09,USD/JPY,JPY,160.23374,161.57103,159.79777,161.0928
2026-02-10,USD/JPY,JPY,161.0928,162.5617,160.30396,160.41268
2026-02-11,USD/JPY,JPY,160.41268,161.21462,160.11043,160.36378
2026-02-12,USD/JPY,JPY,160.36378,162.06037,159.5607,161.56463
2026-02-13,USD/JPY,JPY,161.56463,162.11741,160.08472,161.11886
2026-02-14,USD/JPY,JPY,161.11886,162.76042,160.92948,161.3514
2026-02-15,USD/JPY,JPY,161.3514,162.1372,160.60564,161.76638
2026-02-16,USD/JPY,JPY,161.76638,162.61745,161.41792,162.54345
2026-02-17,USD/JPY,JPY,162.54345,164.49173,161.71848,162.60529
2026-02-18,USD/JPY,JPY,162.60529,163.98306,162.48618,163.6694
2026-02-19,USD/JPY,JPY,163.6694,164.15837,161.19547,161.53705
2026-02-20,USD/JPY,JPY,161.53705,162.35969,158.50192,159.89552
2026-02-21,USD/JPY,JPY,159.89552,160.47156,159.10719,159.8858
2026-02-22,USD/JPY,JPY,159.8858,160.95393,158.5266,160.27453
2026-02-23,USD/JPY,JPY,160.27453,161.16943,158.12901,158.74988
2026-02-24,USD/JPY,JPY,158.74988,159.45827,158.39761,158.63421
2026-02-25,USD/JPY,JPY,158.63421,158.64157,157.66036,158.45535
2026-02-26,USD/JPY,JPY,158.45535,158.74727,157.44086,157.45054
2026-02-27,USD/JPY,JPY,157.45054,158.06383,156.57743,157.18537
2026-02-28,USD/JPY,JPY,157.18537,157.31135,156.19718,156.39069
2026-03-01,USD/JPY,JPY,156.39069,156.79325,155.98609,156.17932
2026-03-02,USD/JPY,JPY,156.17932,158.83924,156.09518,157.77689
2026-03-03,USD/JPY,JPY,157.77689,158.19627,155.89495,157.01218
2026-03-04,USD/JPY,JPY,157.01218,157.77096,156.50498,157.3348
2026-03-05,USD/JPY,JPY,157.3348,157.65676,155.36177,156.10668
2026-03-06,USD/JPY,JPY,156.10668,156.53961,154.96329,156.10847
2026-03-07,USD/JPY,JPY,156.10847,156.74279,155.78753,156.35835
2026-03-08,USD/JPY,JPY,156.35835,156.70538,154.87105,155.91372
2026-03-09,USD/JPY,JPY,155.91372,156.99759,155.7888,156.7314
2026-03-10,USD/JPY,JPY,156.7314,157.03204,155.33935,155.86189
2026-03-11,USD/JPY,JPY,155.86189,156.46389,155.22183,155.76379
2026-03-12,USD/JPY,JPY,155.76379,156.98012,153.71263,155.76828
2026-03-13,USD/JPY,JPY,155.76828,157.7875,155.25205,157.28737
2026-03-14,USD/JPY,JPY,157.28737,157.66345,156.33844,157.21269
2026-03-15,USD/JPY,JPY,157.21269,158.00655,156.88705,157.46325
2026-03-16,USD/JPY,JPY,157.46325,159.57349,156.40437,158.45788
2026-03-17,USD/JPY,JPY,158.45788,159.3183,156.19784,159.14141
2026-03-18,USD/JPY,JPY,159.14141,159.42666,159.04339,159.42538
2026-03-19,USD/JPY,JPY,159.42538,160.4273,159.03437,159.49655
2026-03-20,USD/JPY,JPY,159.49655,160.55567,158.83226,160.07508
2026-03-21,USD/JPY,JPY,160.07508,160.9207,160.02519,160.6309
2026-03-22,USD/JPY,JPY,160.6309,160.81167,159.92539,160.7355
2026-03-23,USD/JPY,JPY,160.7355,162.80324,159.17501,161.32865
2026-03-24,USD/JPY,JPY,161.32865,164.14856,160.45069,161.42352
2026-03-25,USD/JPY,JPY,161.42352,161.99278,160.68577,160.96797
2026-03-26,USD/JPY,JPY,160.96797,161.40162,159.49476,160.59669
2026-03-27,USD/JPY,JPY,160.59669,160.83918,159.23121,159.66885
2026-03-28,USD/JPY,JPY,159.66885,160.81115,158.98158,160.25619
2026-03-29,USD/JPY,JPY,160.25619,160.42533,158.78899,159.83368
2026-03-30,USD/JPY,JPY,159.83368,159.98891,157.13096,158.05778
2026-03-31,USD/JPY,JPY,158.05778,158.73025,156.26979,156.64516
2026-04-01,USD/JPY,JPY,156.64516,157.69234,156.31452,157.05587
2026-04-02,USD/JPY,JPY,157.05587,158.56631,156.5357,156.70571
2026-04-03,USD/JPY,JPY,156.70571,157.36723,155.43133,157.36281
2026-04-04,USD/JPY,JPY,157.36281,157.7637,154.89367,155.6168
2026-04-05,USD/JPY,JPY,155.6168,156.94353,154.94096,156.31484
2026-04-06,USD/JPY,JPY,156.31484,158.39714,156.16846,157.7275
2026-04-07,USD/JPY,JPY,157.7275,157.86286,156.79852,157.74218
2026-04-08,USD/JPY,JPY,157.74218,158.67889,157.14027,157.1541
2026-04-09,USD/JPY,JPY,157.1541,159.48949,156.36525,156.83208
2026-04-10,USD/JPY,JPY,156.83208,157.56087,155.20773,156.50252
2026-04-11,USD/JPY,JPY,156.50252,156.58167,154.66605,155.64352
2026-04-12,USD/JPY,JPY,155.64352,156.78496,155.42221,156.62708
2026-04-13,USD/JPY,JPY,156.62708,157.24015,155.44286,156.88214
2026-04-14,USD/JPY,JPY,156.88214,156.94174,155.21425,156.74243
2026-04-15,USD/JPY,JPY,156.74243,157.31933,155.86177,156.59746
2026-04-16,USD/JPY,JPY,156.59746,157.14366,154.96096,155.97437
2026-04-17,USD/JPY,JPY,155.97437,157.27259,155.7077,156.90521
2026-04-18,USD/JPY,JPY,156.90521,157.1662,154.27085,155.95886
2026-04-19,USD/JPY,JPY,155.95886,157.24833,155.17958,156.6526
2026-04-20,USD/JPY,JPY,156.6526,157.6,155.84812,156.40325
2026-04-21,USD/JPY,JPY,156.40325,157.09423,153.25549,153.89497
2026-04-22,USD/JPY,JPY,153.89497,154.74033,153.46594,154.04642
2026-04-23,USD/JPY,JPY,154.04642,154.10632,150.97153,152.45446
2026-04-24,USD/JPY,JPY,152.45446,154.62832,151.86255,153.15226
2026-04-25,USD/JPY,JPY,153.15226,155.37871,152.89804,154.04072
2026-04-26,USD/JPY,JPY,154.04072,154.74063,152.92069,153.9052
2026-04-27,USD/JPY,JPY,153.9052,154.39384,153.42821,153.52201
2026-04-28,USD/JPY,JPY,153.52201,154.78878,152.55999,154.24713
2026-04-29,USD/JPY,JPY,154.24713,156.33179,154.06723,155.892
2026-04-30,USD/JPY,JPY,155.892,157.74285,154.9762,155.14144
2026-05-01,USD/JPY,JPY,155.14144,155.73117,153.91594,154.43859
2026-05-02,USD/JPY,JPY,154.43859,155.00981,153.74198,154.3023
2026-05-03,USD/JPY,JPY,154.3023,155.6671,153.01056,153.90712
2026-05-04,USD/JPY,JPY,153.90712,156.58313,153.86257,155.46035
2026-05-05,USD/JPY,JPY,155.46035,157.01604,155.29385,156.90553
2026-05-06,USD/JPY,JPY,156.90553,157.06412,156.75696,156.97783
2026-05-07,USD/JPY,JPY,156.97783,158.09293,156.48572,157.98856
2026-05-08,USD/JPY,JPY,157.98856,159.17988,157.31408,158.90847
2026-05-09,USD/JPY,JPY,158.90847,159.01249,157.63103,157.7499
2026-05-10,USD/JPY,JPY,157.7499,157.86054,155.95665,157.84939
2026-05-11,USD/JPY,JPY,157.84939,159.23148,156.48901,156.7182
2026-05-12,USD/JPY,JPY,156.7182,156.93615,156.0154,156.41725
2026-05-13,USD/JPY,JPY,156.41725,158.59023,156.0341,157.54542
2026-05-14,USD/JPY,JPY,157.54542,158.476,156.02492,157.94058
2026-05-15,USD/JPY,JPY,157.94058,158.83414,157.32178,158.79446
2026-05-16,USD/JPY,JPY,158.79446,159.20858,157.86899,158.32545
2026-05-17,USD/JPY,JPY,158.32545,159.49652,158.02178,158.57299
2026-05-18,USD/JPY,JPY,158.57299,159.60871,158.17623,159.36213
2026-05-19,USD/JPY,JPY,159.36213,160.86467,159.19661,159.72166
2026-05-20,USD/JPY,JPY,159.72166,160.36523,159.23143,159.40651
2026-05-21,USD/JPY,JPY,159.40651,159.53577,157.14811,157.29057
2026-05-22,USD/JPY,JPY,157.29057,157.933,155.57753,156.13376
2026-05-23,USD/JPY,JPY,156.13376,156.42533,155.9233,156.3553
2026-05-24,USD/JPY,JPY,156.3553,157.31402,156.27038,156.45841
2026-05-25,USD/JPY,JPY,156.45841,157.58062,154.97411,155.22705
2026-05-26,USD/JPY,JPY,155.22705,156.08313,154.47769,154.74726
2026-05-27,USD/JPY,JPY,154.74726,155.81908,154.43534,154.67075
2026-05-28,USD/JPY,JPY,154.67075,155.28038,153.3547,153.9816
2026-05-29,USD/JPY,JPY,153.9816,154.60626,153.95606,154.14753
2026-05-30,USD/JPY,JPY,154.14753,155.16021,153.7234,154.36892
2026-05-31,USD/JPY,JPY,154.36892,155.28748,152.64335,154.24836
2026-06-01,USD/JPY,JPY,154.24836,157.18347,153.82275,156.0124
2026-06-02,USD/JPY,JPY,156.0124,156.11296,155.30989,156.0007
2026-06-03,USD/JPY,JPY,156.0007,156.17969,154.72183,155.11647
2026-06-04,USD/JPY,JPY,155.11647,155.43582,155.05304,155.39153
2026-06-05,USD/JPY,JPY,155.39153,155.74028,154.749,154.94485
2026-06-06,USD/JPY,JPY,154.94485,156.18238,154.35256,155.77232
2026-06-07,USD/JPY,JPY,155.77232,156.34362,155.2031,156.32127
2026-06-08,USD/JPY,JPY,156.32127,157.54519,155.2011,155.56594
2026-06-09,USD/JPY,JPY,155.56594,155.61987,154.49943,154.93357
2026-06-10,USD/JPY,JPY,154.93357,155.78552,154.83099,155.58826
2026-06-11,USD/JPY,JPY,155.58826,155.88009,155.57174,155.74649
2026-06-12,USD/JPY,JPY,155.74649,156.7541,154.78749,156.20724
2026-06-13,USD/JPY,JPY,156.20724,157.10868,155.89833,156.02745
2026-06-14,USD/JPY,JPY,156.02745,156.48422,153.81035,155.32041
2026-06-15,USD/JPY,JPY,155.32041,155.54756,153.47705,154.67177
2026-06-16,USD/JPY,JPY,154.67177,155.68548,154.24654,155.08111
2026-06-17,USD/JPY,JPY,155.08111,155.5807,153.48175,154.16503
2026-06-18,USD/JPY,JPY,154.16503,154.79451,153.08682,154.20798
2026-06-19,USD/JPY,JPY,154.20798,155.67496,153.28487,153.59466
2026-06-20,USD/JPY,JPY,153.59466,154.26278,152.42837,152.68442
2026-06-21,USD/JPY,JPY,152.68442,154.15911,151.87229,153.2143
2026-06-22,USD/JPY,JPY,153.2143,153.26531,151.72692,152.76038
2026-06-23,USD/JPY,JPY,152.76038,153.15997,151.90986,152.23013
2026-06-24,USD/JPY,JPY,152.23013,152.33229,150.73357,151.76967
2026-06-25,USD/JPY,JPY,151.76967,154.55189,151.55481,153.64081
2026-06-26,USD/JPY,JPY,153.64081,154.93382,152.74081,153.63641
2026-06-27,USD/JPY,JPY,153.63641,155.8532,153.35445,155.33568
2026-06-28,USD/JPY,JPY,155.33568,155.72605,154.02588,154.51777
2026-06-29,USD/JPY,JPY,154.51777,156.28232,154.44083,155.61741
2026-06-30,USD/JPY,JPY,155.61741,156.29359,154.65938,155.1655
2026-07-01,USD/JPY,JPY,155.1655,156.47372,153.95033,155.64574
2026-07-02,USD/JPY,JPY,155.64574,158.30621,155.33644,156.58007
2026-07-03,USD/JPY,JPY,156.58007,158.41887,155.63455,158.23564
2026-07-04,USD/JPY,JPY,158.23564,158.96544,157.41071,157.99339
2026-07-05,USD/JPY,JPY,157.99339,158.406,157.49329,157.49542
2026-07-06,USD/JPY,JPY,157.49542,158.19082,157.16304,158.02545
2026-07-07,USD/JPY,JPY,158.02545,158.18658,157.03005,157.67343
2026-07-08,USD/JPY,JPY,157.67343,159.25763,156.89028,158.81441
2026-07-09,USD/JPY,JPY,158.81441,158.95557,158.2887,158.63418
2026-07-10,USD/JPY,JPY,158.63418,159.85201,157.03894,157.77154
2026-07-11,USD/JPY,JPY,157.77154,157.91862,156.81388,157.51413
2026-07-12,USD/JPY,JPY,157.51413,158.12539,156.154,157.15159
2026-07-13,USD/JPY,JPY,157.15159,158.5492,156.27596,157.59009
2026-07-14,USD/JPY,JPY,157.59009,158.67362,156.41297,158.22906
2026-07-15,USD/JPY,JPY,158.22906,158.99253,158.00573,158.5418
2026-07-16,USD/JPY,JPY,158.5418,159.01884,157.37156,157.3779
2026-07-17,USD/JPY,JPY,157.3779,158.78865,157.32162,157.45412
2026-07-18,USD/JPY,JPY,157.45412,158.80204,157.2382,158.49862
2026-07-19,USD/JPY,JPY,158.49862,159.01631,156.99896,157.36384
2026-07-20,USD/JPY,JPY,157.36384,158.047,157.23834,157.39399
2026-07-21,USD/JPY,JPY,157.39399,158.88176,157.04757,157.11249
2026-07-22,USD/JPY,JPY,157.11249,158.4202,156.62195,158.14103
2026-07-23,USD/JPY,JPY,158.14103,159.11775,156.50273,158.97191
2026-07-24,USD/JPY,JPY,158.97191,159.87261,158.60295,159.01172
2026-07-25,USD/JPY,JPY,159.01172,160.6336,158.50765,159.42549
2026-07-26,USD/JPY,JPY,159.42549,160.09866,158.57343,159.81009
2026-07-27,USD/JPY,JPY,159.81009,160.09546,159.69523,159.70673
2026-07-28,USD/JPY,JPY,159.70673,161.2919,158.5625,158.86377
2026-07-29,USD/JPY,JPY,158.86377,159.47217,157.73197,159.03959
2026-07-30,USD/JPY,JPY,159.03959,159.80105,158.6499,159.61429
2026-07-31,USD/JPY,JPY,159.61429,162.79422,159.12296,161.27464
2026-08-01,USD/JPY,JPY,161.27464,162.307,159.95307,161.11311
2026-08-02,USD/JPY,JPY,161.11311,162.95004,161.04506,162.85269
2026-08-03,USD/JPY,JPY,162.85269,163.16529,161.94939,162.69972
2026-08-04,USD/JPY,JPY,162.69972,162.94699,161.4945,161.76796
2026-08-05,USD/JPY,JPY,161.76796,163.6086,160.81707,161.11413
2026-08-06,USD/JPY,JPY,161.11413,162.49115,160.10654,161.68173
2026-08-07,USD/JPY,JPY,161.68173,165.06655,161.13483,163.26421
2026-08-08,USD/JPY,JPY,163.26421,163.6821,162.71976,162.87651
2026-08-09,USD/JPY,JPY,162.87651,162.88511,162.05114,162.75151
2026-08-10,USD/JPY,JPY,162.75151,163.27177,160.94294,161.4357
2026-08-11,USD/JPY,JPY,161.4357,163.43292,160.94358,162.86678
2026-08-12,USD/JPY,JPY,162.86678,163.71989,161.90575,162.63707
2026-08-13,USD/JPY,JPY,162.63707,163.09368,161.94943,162.8504
2026-08-14,USD/JPY,JPY,162.8504,163.94649,161.89897,163.45424
2026-08-15,USD/JPY,JPY,163.45424,164.54412,162.396,163.21937
2026-08-16,USD/JPY,JPY,163.21937,164.05801,161.33534,162.24531
2026-08-17,USD/JPY,JPY,162.24531,162.60888,160.81914,161.25626
2026-08-18,USD/JPY,JPY,161.25626,163.2662,160.44501,162.71462
2026-08-19,USD/JPY,JPY,162.71462,163.08523,161.30399,162.90446
2026-08-20,USD/JPY,JPY,162.90446,163.06256,160.78029,160.95515
2026-08-21,USD/JPY,JPY,160.95515,161.72616,159.58797,159.9832
2026-08-22,USD/JPY,JPY,159.9832,160.59974,159.434,160.50246
2026-08-23,USD/JPY,JPY,160.50246,160.75383,158.33359,159.48999
2026-08-24,USD/JPY,JPY,159.48999,159.66254,157.87178,159.57385
2026-08-25,USD/JPY,JPY,159.57385,160.13304,157.21013,158.36964
2026-08-26,USD/JPY,JPY,158.36964,158.96866,157.42726,158.11044
2026-08-27,USD/JPY,JPY,158.11044,158.37825,156.98343,157.53697
2026-08-28,USD/JPY,JPY,157.53697,159.62672,157.49022,158.53184
2026-08-29,USD/JPY,JPY,158.53184,159.83673,157.90259,159.59636
2026-08-30,USD/JPY,JPY,159.59636,160.11579,159.29896,159.80243
2026-08-31,USD/JPY,JPY,159.80243,160.59283,158.34452,158.416
2026-09-01,USD/JPY,JPY,158.416,158.99538,156.3677,156.96966
2026-09-02,USD/JPY,JPY,156.96966,158.0515,156.01644,157.27566
2026-09-03,USD/JPY,JPY,157.27566,159.1644,156.92236,159.06147
2026-09-04,USD/JPY,JPY,159.06147,159.63347,158.97779,159.26182
2026-09-05,USD/JPY,JPY,159.26182,159.8965,157.6118,159.25543
2026-09-06,USD/JPY,JPY,159.25543,159.32817,157.23206,158.05299
2026-09-07,USD/JPY,JPY,158.05299,159.873,157.04934,159.46063
2026-09-08,USD/JPY,JPY,159.46063,161.2726,158.99503,160.04426
2026-09-09,USD/JPY,JPY,160.04426,160.53702,159.04794,160.24854
2026-09-10,USD/JPY,JPY,160.24854,160.3274,159.18438,159.50209
2026-09-11,USD/JPY,JPY,159.50209,159.73254,157.72896,158.50149
2026-09-12,USD/JPY,JPY,158.50149,159.47002,158.39934,159.0192
2026-09-13,USD/JPY,JPY,159.0192,160.06262,158.80264,159.50076
2026-09-14,USD/JPY,JPY,159.50076,159.88812,159.27605,159.69312
2026-09-15,USD/JPY,JPY,159.69312,159.95832,157.37812,159.59557
2026-09-16,USD/JPY,JPY,159.59557,160.70708,159.43181,160.41547
2026-09-17,USD/JPY,JPY,160.41547,160.50779,159.83522,160.04143
2026-09-18,USD/JPY,JPY,160.04143,161.14656,157.96631,158.41022
2026-09-19,USD/JPY,JPY,158.41022,158.78144,157.37996,158.61445
2026-09-20,USD/JPY,JPY,158.61445,159.13882,156.29265,157.34503
2026-09-21,USD/JPY,JPY,157.34503,158.09523,155.92492,157.48211
2026-09-22,USD/JPY,JPY,157.48211,157.55092,156.71671,156.90479
2026-09-23,USD/JPY,JPY,156.90479,157.11908,154.63974,155.24156
2026-09-24,USD/JPY,JPY,155.24156,156.15061,154.98506,155.72641
2026-09-25,USD/JPY,JPY,155.72641,156.5961,154.84825,155.18783
2026-09-26,USD/JPY,JPY,155.18783,155.57384,154.18973,155.46212
2026-09-27,USD/JPY,JPY,155.46212,157.2069,154.64979,156.31603
2026-09-28,USD/JPY,JPY,156.31603,156.88159,156.00297,156.83719
2026-09-29,USD/JPY,JPY,156.83719,157.86691,156.80099,157.7368
2026-09-30,USD/JPY,JPY,157.7368,158.6985,156.64818,158.437
2024-09-30,USD/AED,AED,3.6725,3.67289,3.67108,3.67192
2024-10-01,USD/AED,AED,3.67192,3.67212,3.67024,3.67091
2024-10-02,USD/AED,AED,3.67091,3.67186,3.67048,3.67176
2024-10-03,USD/AED,AED,3.67176,3.67316,3.67108,3.67246
2024-10-04,USD/AED,AED,3.67246,3.67259,3.67121,3.67158
2024-10-05,USD/AED,AED,3.67158,3.67198,3.67094,3.67136
2024-10-06,USD/AED,AED,3.67136,3.67161,3.66977,3.6698
2024-10-07,USD/AED,AED,3.6698,3.67048,3.66854,3.6696
2024-10-08,USD/AED,AED,3.6696,3.67013,3.66849,3.66922
2024-10-09,USD/AED,AED,3.66922,3.67058,3.66855,3.6701
2024-10-10,USD/AED,AED,3.6701,3.67083,3.66986,3.67046
2024-10-11,USD/AED,AED,3.67046,3.67097,3.66897,3.66898
2024-10-12,USD/AED,AED,3.66898,3.66979,3.6689,3.66934
2024-10-13,USD/AED,AED,3.66934,3.66963,3.66894,3.66958
2024-10-14,USD/AED,AED,3.66958,3.66985,3.66943,3.66981
2024-10-15,USD/AED,AED,3.66981,3.67016,3.66966,3.66987
2024-10-16,USD/AED,AED,3.66987,3.67094,3.66972,3.67015
2024-10-17,USD/AED,AED,3.67015,3.67067,3.66887,3.66968
2024-10-18,USD/AED,AED,3.66968,3.66987,3.66858,3.66888
2024-10-19,USD/AED,AED,3.66888,3.66911,3.66761,3.66797
2024-10-20,USD/AED,AED,3.66797,3.66852,3.6672,3.66761
2024-10-21,USD/AED,AED,3.66761,3.66793,3.6668,3.6676
2024-10-22,USD/AED,AED,3.6676,3.66899,3.66718,3.66864
2024-10-23,USD/AED,AED,3.66864,3.66921,3.66847,3.66917
2024-10-24,USD/AED,AED,3.66917,3.66992,3.66896,3.66949
2024-10-25,USD/AED,AED,3.66949,3.66987,3.66909,3.66958
2024-10-26,USD/AED,AED,3.66958,3.67139,3.6686,3.67095
2024-10-27,USD/AED,AED,3.67095,3.67104,3.66909,3.66948
2024-10-28,USD/AED,AED,3.66948,3.66971,3.66854,3.66963
2024-10-29,USD/AED,AED,3.66963,3.6698,3.66822,3.6683
2024-10-30,USD/AED,AED,3.6683,3.66927,3.66771,3.66799
2024-10-31,USD/AED,AED,3.66799,3.66908,3.66749,3.66892
2024-11-01,USD/AED,AED,3.66892,3.66975,3.6683,3.66895
2024-11-02,USD/AED,AED,3.66895,3.67005,3.66877,3.66901
2024-11-03,USD/AED,AED,3.66901,3.66955,3.66885,3.66935
2024-11-04,USD/AED,AED,3.66935,3.66968,3.66807,3.66845
2024-11-05,USD/AED,AED,3.66845,3.66867,3.66629,3.66687
2024-11-06,USD/AED,AED,3.66687,3.66789,3.66634,3.66659
2024-11-07,USD/AED,AED,3.66659,3.66691,3.66655,3.66684
2024-11-08,USD/AED,AED,3.66684,3.66701,3.66633,3.66664
2024-11-09,USD/AED,AED,3.66664,3.66727,3.6653,3.66596
2024-11-10,USD/AED,AED,3.66596,3.66777,3.66578,3.66746
2024-11-11,USD/AED,AED,3.66746,3.66782,3.66661,3.66668
2024-11-12,USD/AED,AED,3.66668,3.66741,3.66659,3.66684
2024-11-13,USD/AED,AED,3.66684,3.66729,3.6661,3.66653
2024-11-14,USD/AED,AED,3.66653,3.66686,3.665,3.6654
2024-11-15,USD/AED,AED,3.6654,3.66588,3.66462,3.66475
2024-11-16,USD/AED,AED,3.66475,3.66505,3.6645,3.66496
2024-11-17,USD/AED,AED,3.66496,3.66655,3.66395,3.66625
2024-11-18,USD/AED,AED,3.66625,3.66785,3.66602,3.66686
2024-11-19,USD/AED,AED,3.66686,3.66693,3.6654,3.66606
2024-11-20,USD/AED,AED,3.66606,3.66732,3.66588,3.66653
2024-11-21,USD/AED,AED,3.66653,3.66661,3.66558,3.6658
2024-11-22,USD/AED,AED,3.6658,3.66594,3.66522,3.66592
2024-11-23,USD/AED,AED,3.66592,3.66641,3.66535,3.66638
2024-11-24,USD/AED,AED,3.66638,3.66831,3.66629,3.66803
2024-11-25,USD/AED,AED,3.66803,3.67015,3.66794,3.66907
2024-11-26,USD/AED,AED,3.66907,3.6699,3.66898,3.66932
2024-11-27,USD/AED,AED,3.66932,3.66943,3.66898,3.66917
2024-11-28,USD/AED,AED,3.66917,3.66973,3.66846,3.66959
2024-11-29,USD/AED,AED,3.66959,3.66991,3.66873,3.6689
2024-11-30,USD/AED,AED,3.6689,3.67035,3.66869,3.66967
2024-12-01,USD/AED,AED,3.66967,3.67054,3.6694,3.67037
2024-12-02,USD/AED,AED,3.67037,3.67052,3.67013,3.67026
2024-12-03,USD/AED,AED,3.67026,3.67166,3.67005,3.67075
2024-12-04,USD/AED,AED,3.67075,3.67129,3.66988,3.67097
2024-12-05,USD/AED,AED,3.67097,3.67184,3.6703,3.67069
2024-12-06,USD/AED,AED,3.67069,3.67214,3.67015,3.67166
2024-12-07,USD/AED,AED,3.67166,3.67192,3.67129,3.67189
2024-12-08,USD/AED,AED,3.67189,3.67207,3.67092,3.67172
2024-12-09,USD/AED,AED,3.67172,3.67221,3.67152,3.67165
2024-12-10,USD/AED,AED,3.67165,3.67327,3.67129,3.67287
2024-12-11,USD/AED,AED,3.67287,3.67425,3.67193,3.67399
2024-12-12,USD/AED,AED,3.67399,3.67474,3.67293,3.67465
2024-12-13,USD/AED,AED,3.67465,3.67471,3.67395,3.67463
2024-12-14,USD/AED,AED,3.67463,3.6762,3.67416,3.6758
2024-12-15,USD/AED,AED,3.6758,3.677,3.67551,3.67636
2024-12-16,USD/AED,AED,3.67636,3.67646,3.67426,3.67494
2024-12-17,USD/AED,AED,3.67494,3.67551,3.67461,3.67479
2024-12-18,USD/AED,AED,3.67479,3.67583,3.67402,3.67563
2024-12-19,USD/AED,AED,3.67563,3.67572,3.67365,3.67378
2024-12-20,USD/AED,AED,3.67378,3.67478,3.67263,3.67306
2024-12-21,USD/AED,AED,3.67306,3.67345,3.67281,3.67292
2024-12-22,USD/AED,AED,3.67292,3.67471,3.6724,3.6741
2024-12-23,USD/AED,AED,3.6741,3.67454,3.67384,3.67413
2024-12-24,USD/AED,AED,3.67413,3.67509,3.67373,3.67492
2024-12-25,USD/AED,AED,3.67492,3.67506,3.67462,3.67491
2024-12-26,USD/AED,AED,3.67491,3.67493,3.67381,3.67404
2024-12-27,USD/AED,AED,3.67404,3.67486,3.67359,3.67407
2024-12-28,USD/AED,AED,3.67407,3.6742,3.67389,3.67406
2024-12-29,USD/AED,AED,3.67406,3.67543,3.67389,3.67436
2024-12-30,USD/AED,AED,3.67436,3.67511,3.67323,3.67327
2024-12-31,USD/AED,AED,3.67327,3.6738,3.67288,3.67313
2025-01-01,USD/AED,AED,3.67313,3.67317,3.6721,3.6723
2025-01-02,USD/AED,AED,3.6723,3.6727,3.67091,3.67102
2025-01-03,USD/AED,AED,3.67102,3.67189,3.67026,3.67093
2025-01-04,USD/AED,AED,3.67093,3.67095,3.67062,3.67086
2025-01-05,USD/AED,AED,3.67086,3.67113,3.67006,3.67028
2025-01-06,USD/AED,AED,3.67028,3.67062,3.66874,3.66962
2025-01-07,USD/AED,AED,3.66962,3.67069,3.66931,3.67015
2025-01-08,USD/AED,AED,3.67015,3.67103,3.66777,3.66898
2025-01-09,USD/AED,AED,3.66898,3.67031,3.6683,3.67011
2025-01-10,USD/AED,AED,3.67011,3.6711,3.66927,3.66933
2025-01-11,USD/AED,AED,3.66933,3.67059,3.66915,3.67051
2025-01-12,USD/AED,AED,3.67051,3.67176,3.66931,3.67152
2025-01-13,USD/AED,AED,3.67152,3.67306,3.67118,3.67298
2025-01-14,USD/AED,AED,3.67298,3.6737,3.6723,3.67349
2025-01-15,USD/AED,AED,3.67349,3.67515,3.6734,3.67443
2025-01-16,USD/AED,AED,3.67443,3.67516,3.67344,3.67351
2025-01-17,USD/AED,AED,3.67351,3.67371,3.67254,3.67314
2025-01-18,USD/AED,AED,3.67314,3.67449,3.67256,3.67368
2025-01-19,USD/AED,AED,3.67368,3.67412,3.67316,3.67343
2025-01-20,USD/AED,AED,3.67343,3.6748,3.67234,3.67455
2025-01-21,USD/AED,AED,3.67455,3.67557,3.67436,3.67495
2025-01-22,USD/AED,AED,3.67495,3.67549,3.674,3.67496
2025-01-23,USD/AED,AED,3.67496,3.67554,3.67415,3.67549
2025-01-24,USD/AED,AED,3.67549,3.67633,3.67348,3.67388
2025-01-25,USD/AED,AED,3.67388,3.67425,3.67385,3.67389
2025-01-26,USD/AED,AED,3.67389,3.67479,3.67356,3.67431
2025-01-27,USD/AED,AED,3.67431,3.67576,3.67313,3.67504
2025-01-28,USD/AED,AED,3.67504,3.67538,3.67415,3.67522
2025-01-29,USD/AED,AED,3.67522,3.67534,3.67422,3.67483
2025-01-30,USD/AED,AED,3.67483,3.6753,3.67438,3.67438
2025-01-31,USD/AED,AED,3.67438,3.67453,3.67402,3.67425
2025-02-01,USD/AED,AED,3.67425,3.67526,3.67379,3.67394
2025-02-02,USD/AED,AED,3.67394,3.67424,3.67334,3.67359
2025-02-03,USD/AED,AED,3.67359,3.67421,3.673,3.67407
2025-02-04,USD/AED,AED,3.67407,3.67467,3.6738,3.67449
2025-02-05,USD/AED,AED,3.67449,3.67506,3.67367,3.67472
2025-02-06,USD/AED,AED,3.67472,3.67592,3.67466,3.6756
2025-02-07,USD/AED,AED,3.6756,3.67672,3.67505,3.67609
2025-02-08,USD/AED,AED,3.67609,3.67683,3.67546,3.67604
2025-02-09,USD/AED,AED,3.67604,3.67645,3.6754,3.67624
2025-02-10,USD/AED,AED,3.67624,3.67665,3.67557,3.67628
2025-02-11,USD/AED,AED,3.67628,3.67731,3.67554,3.67709
2025-02-12,USD/AED,AED,3.67709,3.67769,3.67643,3.6767
2025-02-13,USD/AED,AED,3.6767,3.67693,3.6765,3.67663
2025-02-14,USD/AED,AED,3.67663,3.67697,3.67659,3.67687
2025-02-15,USD/AED,AED,3.67687,3.6771,3.67556,3.67562
2025-02-16,USD/AED,AED,3.67562,3.67735,3.67455,3.6768
2025-02-17,USD/AED,AED,3.6768,3.67746,3.67621,3.67725
2025-02-18,USD/AED,AED,3.67725,3.67816,3.6753,3.67613
2025-02-19,USD/AED,AED,3.67613,3.6764,3.67332,3.6743
2025-02-20,USD/AED,AED,3.6743,3.67459,3.67378,3.67395
2025-02-21,USD/AED,AED,3.67395,3.67495,3.67251,3.67313
2025-02-22,USD/AED,AED,3.67313,3.67327,3.67125,3.67177
2025-02-23,USD/AED,AED,3.67177,3.67232,3.66999,3.67071
2025-02-24,USD/AED,AED,3.67071,3.67146,3.67,3.6711
2025-02-25,USD/AED,AED,3.6711,3.67214,3.67057,3.67198
2025-02-26,USD/AED,AED,3.67198,3.67215,3.67157,3.67168
2025-02-27,USD/AED,AED,3.67168,3.67327,3.6708,3.67237
2025-02-28,USD/AED,AED,3.67237,3.67279,3.672,3.6725
2025-03-01,USD/AED,AED,3.6725,3.67251,3.67117,3.6712
2025-03-02,USD/AED,AED,3.6712,3.67172,3.67113,3.67168
2025-03-03,USD/AED,AED,3.67168,3.67332,3.67137,3.67255
2025-03-04,USD/AED,AED,3.67255,3.67304,3.67061,3.67132
2025-03-05,USD/AED,AED,3.67132,3.67193,3.67131,3.6719
2025-03-06,USD/AED,AED,3.6719,3.67207,3.67063,3.67108
2025-03-07,USD/AED,AED,3.67108,3.67195,3.6703,3.67136
2025-03-08,USD/AED,AED,3.67136,3.67184,3.66915,3.67013
2025-03-09,USD/AED,AED,3.67013,3.67091,3.66969,3.66981
2025-03-10,USD/AED,AED,3.66981,3.67031,3.66882,3.66947
2025-03-11,USD/AED,AED,3.66947,3.67164,3.66833,3.6715
2025-03-12,USD/AED,AED,3.6715,3.67295,3.67105,3.67259
2025-03-13,USD/AED,AED,3.67259,3.67299,3.67176,3.67191
2025-03-14,USD/AED,AED,3.67191,3.67296,3.67024,3.67049
2025-03-15,USD/AED,AED,3.67049,3.67234,3.66991,3.67159
2025-03-16,USD/AED,AED,3.67159,3.67273,3.6705,3.67235
2025-03-17,USD/AED,AED,3.67235,3.67258,3.67177,3.67204
2025-03-18,USD/AED,AED,3.67204,3.67271,3.67175,3.67181
2025-03-19,USD/AED,AED,3.67181,3.67223,3.67108,3.67119
2025-03-20,USD/AED,AED,3.67119,3.67145,3.66911,3.66934
2025-03-21,USD/AED,AED,3.66934,3.66988,3.66895,3.66936
2025-03-22,USD/AED,AED,3.66936,3.67052,3.66912,3.6696
2025-03-23,USD/AED,AED,3.6696,3.67162,3.66916,3.67104
2025-03-24,USD/AED,AED,3.67104,3.67111,3.66989,3.67052
2025-03-25,USD/AED,AED,3.67052,3.67132,3.6702,3.67083
2025-03-26,USD/AED,AED,3.67083,3.67141,3.66898,3.66953
2025-03-27,USD/AED,AED,3.66953,3.67036,3.6694,3.67014
2025-03-28,USD/AED,AED,3.67014,3.67202,3.66958,3.67089
2025-03-29,USD/AED,AED,3.67089,3.67174,3.67082,3.67169
2025-03-30,USD/AED,AED,3.67169,3.67185,3.66997,3.67056
2025-03-31,USD/AED,AED,3.67056,3.6712,3.66995,3.67022
2025-04-01,USD/AED,AED,3.67022,3.67027,3.66897,3.66992
2025-04-02,USD/AED,AED,3.66992,3.67013,3.66839,3.66886
2025-04-03,USD/AED,AED,3.66886,3.66978,3.6685,3.66965
2025-04-04,USD/AED,AED,3.66965,3.67086,3.66931,3.67068
2025-04-05,USD/AED,AED,3.67068,3.67162,3.67057,3.67132
2025-04-06,USD/AED,AED,3.67132,3.67247,3.6713,3.67234
2025-04-07,USD/AED,AED,3.67234,3.67291,3.6723,3.67236
2025-04-08,USD/AED,AED,3.67236,3.67365,3.67234,3.67338
2025-04-09,USD/AED,AED,3.67338,3.67358,3.67283,3.67327
2025-04-10,USD/AED,AED,3.67327,3.67391,3.67308,3.67371
2025-04-11,USD/AED,AED,3.67371,3.67466,3.67361,3.67407
2025-04-12,USD/AED,AED,3.67407,3.67435,3.67209,3.67248
2025-04-13,USD/AED,AED,3.67248,3.67326,3.6723,3.67303
2025-04-14,USD/AED,AED,3.67303,3.6749,3.67301,3.67407
2025-04-15,USD/AED,AED,3.67407,3.67483,3.67319,3.67418
2025-04-16,USD/AED,AED,3.67418,3.67496,3.67337,3.67394
2025-04-17,USD/AED,AED,3.67394,3.67509,3.67391,3.67421
2025-04-18,USD/AED,AED,3.67421,3.6744,3.6733,3.67378
2025-04-19,USD/AED,AED,3.67378,3.67499,3.6723,3.67302
2025-04-20,USD/AED,AED,3.67302,3.67311,3.67273,3.67273
2025-04-21,USD/AED,AED,3.67273,3.67347,3.67135,3.67194
2025-04-22,USD/AED,AED,3.67194,3.67216,3.67095,3.67141
2025-04-23,USD/AED,AED,3.67141,3.6733,3.67094,3.6727
2025-04-24,USD/AED,AED,3.6727,3.67359,3.67248,3.67261
2025-04-25,USD/AED,AED,3.67261,3.67271,3.67217,3.67259
2025-04-26,USD/AED,AED,3.67259,3.67333,3.67227,3.67305
2025-04-27,USD/AED,AED,3.67305,3.67394,3.67282,3.67352
2025-04-28,USD/AED,AED,3.67352,3.67364,3.67199,3.67236
2025-04-29,USD/AED,AED,3.67236,3.67439,3.67211,3.67368
2025-04-30,USD/AED,AED,3.67368,3.67448,3.67338,3.6734
2025-05-01,USD/AED,AED,3.6734,3.67373,3.67249,3.67273
2025-05-02,USD/AED,AED,3.67273,3.67325,3.67081,3.67183
2025-05-03,USD/AED,AED,3.67183,3.67218,3.67168,3.67211
2025-05-04,USD/AED,AED,3.67211,3.67249,3.67194,3.67233
2025-05-05,USD/AED,AED,3.67233,3.67292,3.67231,3.67241
2025-05-06,USD/AED,AED,3.67241,3.67277,3.67053,3.67169
2025-05-07,USD/AED,AED,3.67169,3.67369,3.67121,3.67318
2025-05-08,USD/AED,AED,3.67318,3.67356,3.67207,3.67298
2025-05-09,USD/AED,AED,3.67298,3.67304,3.67187,3.67193
2025-05-10,USD/AED,AED,3.67193,3.6726,3.6709,3.67254
2025-05-11,USD/AED,AED,3.67254,3.67311,3.67231,3.67235
2025-05-12,USD/AED,AED,3.67235,3.67443,3.67188,3.67341
2025-05-13,USD/AED,AED,3.67341,3.67363,3.67257,3.673
2025-05-14,USD/AED,AED,3.673,3.67325,3.67251,3.67287
2025-05-15,USD/AED,AED,3.67287,3.6735,3.67244,3.67304
2025-05-16,USD/AED,AED,3.67304,3.67365,3.67243,3.67362
2025-05-17,USD/AED,AED,3.67362,3.67384,3.67345,3.67347
2025-05-18,USD/AED,AED,3.67347,3.67362,3.67308,3.6734
2025-05-19,USD/AED,AED,3.6734,3.67424,3.67139,3.67248
2025-05-20,USD/AED,AED,3.67248,3.67254,3.67174,3.67198
2025-05-21,USD/AED,AED,3.67198,3.67423,3.67168,3.67314
2025-05-22,USD/AED,AED,3.67314,3.67315,3.67141,3.67157
2025-05-23,USD/AED,AED,3.67157,3.67281,3.67096,3.67274
2025-05-24,USD/AED,AED,3.67274,3.67343,3.67191,3.67317
2025-05-25,USD/AED,AED,3.67317,3.67425,3.67241,3.67337
2025-05-26,USD/AED,AED,3.67337,3.67407,3.67297,3.67325
2025-05-27,USD/AED,AED,3.67325,3.67357,3.67323,3.67345
2025-05-28,USD/AED,AED,3.67345,3.67368,3.67259,3.67313
2025-05-29,USD/AED,AED,3.67313,3.67386,3.67182,3.67224
2025-05-30,USD/AED,AED,3.67224,3.67327,3.67209,3.67229
2025-05-31,USD/AED,AED,3.67229,3.67337,3.67169,3.67326
2025-06-01,USD/AED,AED,3.67326,3.6752,3.67319,3.67462
2025-06-02,USD/AED,AED,3.67462,3.67539,3.67413,3.67516
2025-06-03,USD/AED,AED,3.67516,3.67576,3.67282,3.6734
2025-06-04,USD/AED,AED,3.6734,3.67352,3.67242,3.67321
2025-06-05,USD/AED,AED,3.67321,3.67527,3.6731,3.67457
2025-06-06,USD/AED,AED,3.67457,3.67518,3.67311,3.67428
2025-06-07,USD/AED,AED,3.67428,3.67625,3.67373,3.67498
2025-06-08,USD/AED,AED,3.67498,3.67568,3.67411,3.67437
2025-06-09,USD/AED,AED,3.67437,3.67459,3.6739,3.6745
2025-06-10,USD/AED,AED,3.6745,3.67631,3.67415,3.67541
2025-06-11,USD/AED,AED,3.67541,3.67629,3.67494,3.67601
2025-06-12,USD/AED,AED,3.67601,3.67752,3.67583,3.67676
2025-06-13,USD/AED,AED,3.67676,3.67734,3.6763,3.677
2025-06-14,USD/AED,AED,3.677,3.67783,3.67651,3.67658
2025-06-15,USD/AED,AED,3.67658,3.67752,3.67621,3.67708
2025-06-16,USD/AED,AED,3.67708,3.67729,3.67552,3.67557
2025-06-17,USD/AED,AED,3.67557,3.67611,3.67531,3.67598
2025-06-18,USD/AED,AED,3.67598,3.67832,3.67554,3.67745
2025-06-19,USD/AED,AED,3.67745,3.67765,3.67684,3.67703
2025-06-20,USD/AED,AED,3.67703,3.67737,3.67562,3.67644
2025-06-21,USD/AED,AED,3.67644,3.67685,3.67586,3.67678
2025-06-22,USD/AED,AED,3.67678,3.67843,3.67656,3.67716
2025-06-23,USD/AED,AED,3.67716,3.67749,3.6766,3.67689
2025-06-24,USD/AED,AED,3.67689,3.67713,3.67437,3.67487
2025-06-25,USD/AED,AED,3.67487,3.67531,3.67305,3.67369
2025-06-26,USD/AED,AED,3.67369,3.67455,3.67261,3.67344
2025-06-27,USD/AED,AED,3.67344,3.67359,3.67164,3.67231
2025-06-28,USD/AED,AED,3.67231,3.67255,3.67081,3.67115
2025-06-29,USD/AED,AED,3.67115,3.67162,3.66913,3.66964
2025-06-30,USD/AED,AED,3.66964,3.67038,3.66875,3.66941
2025-07-01,USD/AED,AED,3.66941,3.66975,3.66884,3.66949
2025-07-02,USD/AED,AED,3.66949,3.66982,3.66927,3.66946
2025-07-03,USD/AED,AED,3.66946,3.67021,3.66774,3.66785
2025-07-04,USD/AED,AED,3.66785,3.66835,3.66668,3.66757
2025-07-05,USD/AED,AED,3.66757,3.66783,3.66468,3.66552
2025-07-06,USD/AED,AED,3.66552,3.66596,3.66514,3.66588
2025-07-07,USD/AED,AED,3.66588,3.66698,3.66525,3.66552
2025-07-08,USD/AED,AED,3.66552,3.66641,3.66483,3.66581
2025-07-09,USD/AED,AED,3.66581,3.66695,3.6656,3.66657
2025-07-10,USD/AED,AED,3.66657,3.66667,3.66567,3.66619
2025-07-11,USD/AED,AED,3.66619,3.66659,3.66518,3.66529
2025-07-12,USD/AED,AED,3.66529,3.66756,3.6641,3.66705
2025-07-13,USD/AED,AED,3.66705,3.66858,3.66688,3.66852
2025-07-14,USD/AED,AED,3.66852,3.66856,3.66719,3.66802
2025-07-15,USD/AED,AED,3.66802,3.66889,3.6676,3.66796
2025-07-16,USD/AED,AED,3.66796,3.66896,3.66756,3.66778
2025-07-17,USD/AED,AED,3.66778,3.66801,3.66766,3.66798
2025-07-18,USD/AED,AED,3.66798,3.66827,3.66775,3.66776
2025-07-19,USD/AED,AED,3.66776,3.66812,3.6671,3.66799
2025-07-20,USD/AED,AED,3.66799,3.6686,3.6671,3.66849
2025-07-21,USD/AED,AED,3.66849,3.66956,3.66813,3.6688
2025-07-22,USD/AED,AED,3.6688,3.66956,3.66737,3.66745
2025-07-23,USD/AED,AED,3.66745,3.66761,3.66721,3.66741
2025-07-24,USD/AED,AED,3.66741,3.66792,3.66666,3.66758
2025-07-25,USD/AED,AED,3.66758,3.6678,3.66695,3.66749
2025-07-26,USD/AED,AED,3.66749,3.6678,3.66726,3.66769
2025-07-27,USD/AED,AED,3.66769,3.66863,3.66657,3.66694
2025-07-28,USD/AED,AED,3.66694,3.66863,3.666,3.66802
2025-07-29,USD/AED,AED,3.66802,3.66824,3.66779,3.66823
2025-07-30,USD/AED,AED,3.66823,3.66881,3.66676,3.66722
2025-07-31,USD/AED,AED,3.66722,3.6678,3.66554,3.66664
2025-08-01,USD/AED,AED,3.66664,3.66666,3.66536,3.66553
2025-08-02,USD/AED,AED,3.66553,3.66606,3.66404,3.66588
2025-08-03,USD/AED,AED,3.66588,3.66602,3.66525,3.66572
2025-08-04,USD/AED,AED,3.66572,3.66617,3.66501,3.66581
2025-08-05,USD/AED,AED,3.66581,3.66595,3.66445,3.66471
2025-08-06,USD/AED,AED,3.66471,3.66515,3.6644,3.66515
2025-08-07,USD/AED,AED,3.66515,3.66606,3.66397,3.66455
2025-08-08,USD/AED,AED,3.66455,3.66518,3.66295,3.66357
2025-08-09,USD/AED,AED,3.66357,3.66482,3.66337,3.66406
2025-08-10,USD/AED,AED,3.66406,3.66444,3.66391,3.6644
2025-08-11,USD/AED,AED,3.6644,3.66475,3.66326,3.66362
2025-08-12,USD/AED,AED,3.66362,3.66375,3.66332,3.66338
2025-08-13,USD/AED,AED,3.66338,3.66383,3.6632,3.6634
2025-08-14,USD/AED,AED,3.6634,3.6642,3.66312,3.6634
2025-08-15,USD/AED,AED,3.6634,3.66443,3.66272,3.66368
2025-08-16,USD/AED,AED,3.66368,3.66534,3.66288,3.66461
2025-08-17,USD/AED,AED,3.66461,3.66486,3.66421,3.66451
2025-08-18,USD/AED,AED,3.66451,3.66542,3.66403,3.66518
2025-08-19,USD/AED,AED,3.66518,3.66604,3.66422,3.66433
2025-08-20,USD/AED,AED,3.66433,3.66513,3.66426,3.66475
2025-08-21,USD/AED,AED,3.66475,3.66515,3.66322,3.6639
2025-08-22,USD/AED,AED,3.6639,3.66398,3.66291,3.66354
2025-08-23,USD/AED,AED,3.66354,3.66406,3.66293,3.66379
2025-08-24,USD/AED,AED,3.66379,3.66465,3.66372,3.66436
2025-08-25,USD/AED,AED,3.66436,3.66519,3.66345,3.66395
2025-08-26,USD/AED,AED,3.66395,3.66429,3.66387,3.6641
2025-08-27,USD/AED,AED,3.6641,3.66465,3.66384,3.66388
2025-08-28,USD/AED,AED,3.66388,3.66543,3.66158,3.66439
2025-08-29,USD/AED,AED,3.66439,3.66544,3.66427,3.6646
2025-08-30,USD/AED,AED,3.6646,3.66553,3.66415,3.66438
2025-08-31,USD/AED,AED,3.66438,3.66499,3.66416,3.6645
2025-09-01,USD/AED,AED,3.6645,3.66513,3.66352,3.66417
2025-09-02,USD/AED,AED,3.66417,3.66531,3.66405,3.6644
2025-09-03,USD/AED,AED,3.6644,3.66553,3.66349,3.66454
2025-09-04,USD/AED,AED,3.66454,3.66503,3.66391,3.6641
2025-09-05,USD/AED,AED,3.6641,3.6648,3.66376,3.66424
2025-09-06,USD/AED,AED,3.66424,3.66518,3.66402,3.66515
2025-09-07,USD/AED,AED,3.66515,3.66584,3.66452,3.66506
2025-09-08,USD/AED,AED,3.66506,3.66679,3.66447,3.66543
2025-09-09,USD/AED,AED,3.66543,3.66681,3.66534,3.66604
2025-09-10,USD/AED,AED,3.66604,3.66797,3.66592,3.66675
2025-09-11,USD/AED,AED,3.66675,3.66716,3.66611,3.66634
2025-09-12,USD/AED,AED,3.66634,3.66724,3.66622,3.66716
2025-09-13,USD/AED,AED,3.66716,3.66725,3.66652,3.66724
2025-09-14,USD/AED,AED,3.66724,3.66823,3.66701,3.66806
2025-09-15,USD/AED,AED,3.66806,3.66833,3.66736,3.66747
2025-09-16,USD/AED,AED,3.66747,3.66846,3.66599,3.66634
2025-09-17,USD/AED,AED,3.66634,3.66711,3.66574,3.66672
2025-09-18,USD/AED,AED,3.66672,3.66699,3.66592,3.66613
2025-09-19,USD/AED,AED,3.66613,3.66833,3.66553,3.66771
2025-09-20,USD/AED,AED,3.66771,3.66916,3.667,3.66857
2025-09-21,USD/AED,AED,3.66857,3.66935,3.66744,3.66776
2025-09-22,USD/AED,AED,3.66776,3.66801,3.6667,3.66684
2025-09-23,USD/AED,AED,3.66684,3.66719,3.66636,3.66704
2025-09-24,USD/AED,AED,3.66704,3.66792,3.66695,3.66754
2025-09-25,USD/AED,AED,3.66754,3.66842,3.66721,3.66804
2025-09-26,USD/AED,AED,3.66804,3.66898,3.66782,3.66848
2025-09-27,USD/AED,AED,3.66848,3.67009,3.66812,3.66889
2025-09-28,USD/AED,AED,3.66889,3.66955,3.66826,3.66923
2025-09-29,USD/AED,AED,3.66923,3.66934,3.66904,3.66932
2025-09-30,USD/AED,AED,3.66932,3.66963,3.66914,3.6694
2025-10-01,USD/AED,AED,3.6694,3.67017,3.66922,3.66945
2025-10-02,USD/AED,AED,3.66945,3.67065,3.66943,3.67047
2025-10-03,USD/AED,AED,3.67047,3.67266,3.66982,3.67186
2025-10-04,USD/AED,AED,3.67186,3.67314,3.67172,3.67312
2025-10-05,USD/AED,AED,3.67312,3.67338,3.67192,3.67224
2025-10-06,USD/AED,AED,3.67224,3.67232,3.67124,3.67143
2025-10-07,USD/AED,AED,3.67143,3.67228,3.6707,3.67162
2025-10-08,USD/AED,AED,3.67162,3.67251,3.67149,3.67229
2025-10-09,USD/AED,AED,3.67229,3.67275,3.67193,3.67219
2025-10-10,USD/AED,AED,3.67219,3.67314,3.67144,3.67199
2025-10-11,USD/AED,AED,3.67199,3.6729,3.67134,3.67268
2025-10-12,USD/AED,AED,3.67268,3.67325,3.67191,3.67265
2025-10-13,USD/AED,AED,3.67265,3.67448,3.67203,3.67312
2025-10-14,USD/AED,AED,3.67312,3.67428,3.67255,3.67416
2025-10-15,USD/AED,AED,3.67416,3.67462,3.67324,3.67363
2025-10-16,USD/AED,AED,3.67363,3.67462,3.67331,3.67384
2025-10-17,USD/AED,AED,3.67384,3.6739,3.6731,3.6737
2025-10-18,USD/AED,AED,3.6737,3.67488,3.67309,3.67387
2025-10-19,USD/AED,AED,3.67387,3.67421,3.67338,3.67391
2025-10-20,USD/AED,AED,3.67391,3.67431,3.67341,3.67373
2025-10-21,USD/AED,AED,3.67373,3.67423,3.67283,3.67321
2025-10-22,USD/AED,AED,3.67321,3.67325,3.67261,3.67268
2025-10-23,USD/AED,AED,3.67268,3.67342,3.67194,3.67291
2025-10-24,USD/AED,AED,3.67291,3.67325,3.67045,3.67151
2025-10-25,USD/AED,AED,3.67151,3.67407,3.6714,3.67299
2025-10-26,USD/AED,AED,3.67299,3.67437,3.67132,3.67169
2025-10-27,USD/AED,AED,3.67169,3.67245,3.67103,3.67154
2025-10-28,USD/AED,AED,3.67154,3.67223,3.67098,3.67171
2025-10-29,USD/AED,AED,3.67171,3.6723,3.67148,3.67189
2025-10-30,USD/AED,AED,3.67189,3.67228,3.67088,3.67113
2025-10-31,USD/AED,AED,3.67113,3.67159,3.66994,3.67035
2025-11-01,USD/AED,AED,3.67035,3.67128,3.66988,3.67018
2025-11-02,USD/AED,AED,3.67018,3.67018,3.66978,3.66982
2025-11-03,USD/AED,AED,3.66982,3.67035,3.66887,3.66928
2025-11-04,USD/AED,AED,3.66928,3.67026,3.66839,3.6699
2025-11-05,USD/AED,AED,3.6699,3.67089,3.66898,3.66951
2025-11-06,USD/AED,AED,3.66951,3.67054,3.6685,3.66876
2025-11-07,USD/AED,AED,3.66876,3.66907,3.66825,3.66839
2025-11-08,USD/AED,AED,3.66839,3.66862,3.6673,3.66752
2025-11-09,USD/AED,AED,3.66752,3.66809,3.66576,3.66622
2025-11-10,USD/AED,AED,3.66622,3.66738,3.66583,3.66727
2025-11-11,USD/AED,AED,3.66727,3.66797,3.6654,3.66617
2025-11-12,USD/AED,AED,3.66617,3.66658,3.66441,3.6647
2025-11-13,USD/AED,AED,3.6647,3.66557,3.66452,3.66517
2025-11-14,USD/AED,AED,3.66517,3.66524,3.66403,3.66474
2025-11-15,USD/AED,AED,3.66474,3.66532,3.66371,3.66417
2025-11-16,USD/AED,AED,3.66417,3.66465,3.66301,3.66355
2025-11-17,USD/AED,AED,3.66355,3.66495,3.66328,3.66417
2025-11-18,USD/AED,AED,3.66417,3.6648,3.66354,3.66478
2025-11-19,USD/AED,AED,3.66478,3.66553,3.66372,3.66511
2025-11-20,USD/AED,AED,3.66511,3.6666,3.66431,3.66625
2025-11-21,USD/AED,AED,3.66625,3.66674,3.66538,3.66629
2025-11-22,USD/AED,AED,3.66629,3.66662,3.66529,3.66647
2025-11-23,USD/AED,AED,3.66647,3.66696,3.66586,3.66641
2025-11-24,USD/AED,AED,3.66641,3.6671,3.66525,3.66678
2025-11-25,USD/AED,AED,3.66678,3.66696,3.66624,3.66642
2025-11-26,USD/AED,AED,3.66642,3.66804,3.66635,3.66687
2025-11-27,USD/AED,AED,3.66687,3.66702,3.66664,3.66671
2025-11-28,USD/AED,AED,3.66671,3.66678,3.66584,3.66611
2025-11-29,USD/AED,AED,3.66611,3.66653,3.66585,3.66626
2025-11-30,USD/AED,AED,3.66626,3.66663,3.66457,3.66496
2025-12-01,USD/AED,AED,3.66496,3.66561,3.6639,3.66416
2025-12-02,USD/AED,AED,3.66416,3.66514,3.66371,3.66399
2025-12-03,USD/AED,AED,3.66399,3.66408,3.6628,3.66294
2025-12-04,USD/AED,AED,3.66294,3.66463,3.66214,3.66359
2025-12-05,USD/AED,AED,3.66359,3.66375,3.6633,3.66355
2025-12-06,USD/AED,AED,3.66355,3.66391,3.66329,3.66371
2025-12-07,USD/AED,AED,3.66371,3.66429,3.66262,3.66289
2025-12-08,USD/AED,AED,3.66289,3.66374,3.6625,3.66356
2025-12-09,USD/AED,AED,3.66356,3.66377,3.66216,3.66277
2025-12-10,USD/AED,AED,3.66277,3.66489,3.66261,3.66413
2025-12-11,USD/AED,AED,3.66413,3.66563,3.66402,3.66527
2025-12-12,USD/AED,AED,3.66527,3.66608,3.66411,3.66456
2025-12-13,USD/AED,AED,3.66456,3.66593,3.6639,3.66567
2025-12-14,USD/AED,AED,3.66567,3.66624,3.6638,3.66387
2025-12-15,USD/AED,AED,3.66387,3.66543,3.66369,3.66504
2025-12-16,USD/AED,AED,3.66504,3.66538,3.66392,3.66474
2025-12-17,USD/AED,AED,3.66474,3.66612,3.66435,3.66489
2025-12-18,USD/AED,AED,3.66489,3.66521,3.66393,3.66426
2025-12-19,USD/AED,AED,3.66426,3.66431,3.66341,3.66418
2025-12-20,USD/AED,AED,3.66418,3.66528,3.66328,3.66367
2025-12-21,USD/AED,AED,3.66367,3.6639,3.6636,3.66374
2025-12-22,USD/AED,AED,3.66374,3.66432,3.6633,3.66406
2025-12-23,USD/AED,AED,3.66406,3.66553,3.66296,3.66324
2025-12-24,USD/AED,AED,3.66324,3.6647,3.66308,3.66375
2025-12-25,USD/AED,AED,3.66375,3.66403,3.66206,3.66366
2025-12-26,USD/AED,AED,3.66366,3.66446,3.66347,3.66378
2025-12-27,USD/AED,AED,3.66378,3.66428,3.66286,3.66302
2025-12-28,USD/AED,AED,3.66302,3.6633,3.66155,3.66225
2025-12-29,USD/AED,AED,3.66225,3.66285,3.66015,3.66091
2025-12-30,USD/AED,AED,3.66091,3.66135,3.66042,3.66078
2025-12-31,USD/AED,AED,3.66078,3.66091,3.65952,3.66017
2026-01-01,USD/AED,AED,3.66017,3.66026,3.6583,3.65932
2026-01-02,USD/AED,AED,3.65932,3.65934,3.65853,3.65903
2026-01-03,USD/AED,AED,3.65903,3.65986,3.65865,3.6587
2026-01-04,USD/AED,AED,3.6587,3.66011,3.65833,3.65947
2026-01-05,USD/AED,AED,3.65947,3.66055,3.65859,3.65984
2026-01-06,USD/AED,AED,3.65984,3.66,3.65965,3.65971
2026-01-07,USD/AED,AED,3.65971,3.66001,3.65701,3.6579
2026-01-08,USD/AED,AED,3.6579,3.65859,3.6576,3.65799
2026-01-09,USD/AED,AED,3.65799,3.65981,3.65761,3.65928
2026-01-10,USD/AED,AED,3.65928,3.65993,3.65916,3.65954
2026-01-11,USD/AED,AED,3.65954,3.65986,3.6586,3.65948
2026-01-12,USD/AED,AED,3.65948,3.66113,3.65935,3.6603
2026-01-13,USD/AED,AED,3.6603,3.6612,3.65993,3.66084
2026-01-14,USD/AED,AED,3.66084,3.66372,3.66021,3.66298
2026-01-15,USD/AED,AED,3.66298,3.66439,3.66249,3.66315
2026-01-16,USD/AED,AED,3.66315,3.66378,3.66294,3.66295
2026-01-17,USD/AED,AED,3.66295,3.66328,3.66255,3.66271
2026-01-18,USD/AED,AED,3.66271,3.66422,3.66253,3.66346
2026-01-19,USD/AED,AED,3.66346,3.6638,3.66317,3.66368
2026-01-20,USD/AED,AED,3.66368,3.66372,3.66297,3.66372
2026-01-21,USD/AED,AED,3.66372,3.66571,3.66371,3.66483
2026-01-22,USD/AED,AED,3.66483,3.66501,3.66409,3.66432
2026-01-23,USD/AED,AED,3.66432,3.66488,3.6632,3.66481
2026-01-24,USD/AED,AED,3.66481,3.66534,3.6625,3.66411
2026-01-25,USD/AED,AED,3.66411,3.66528,3.66333,3.66498
2026-01-26,USD/AED,AED,3.66498,3.66618,3.66458,3.66483
2026-01-27,USD/AED,AED,3.66483,3.66631,3.66444,3.66576
2026-01-28,USD/AED,AED,3.66576,3.66614,3.66528,3.66583
2026-01-29,USD/AED,AED,3.66583,3.66723,3.6653,3.66653
2026-01-30,USD/AED,AED,3.66653,3.6674,3.66563,3.66572
2026-01-31,USD/AED,AED,3.66572,3.66668,3.66484,3.66657
2026-02-01,USD/AED,AED,3.66657,3.66818,3.66619,3.66719
2026-02-02,USD/AED,AED,3.66719,3.66749,3.66588,3.66684
2026-02-03,USD/AED,AED,3.66684,3.66762,3.66608,3.66645
2026-02-04,USD/AED,AED,3.66645,3.66704,3.66613,3.66704
2026-02-05,USD/AED,AED,3.66704,3.66808,3.66659,3.66777
2026-02-06,USD/AED,AED,3.66777,3.6686,3.66737,3.66781
2026-02-07,USD/AED,AED,3.66781,3.66806,3.66759,3.66761
2026-02-08,USD/AED,AED,3.66761,3.66817,3.66727,3.66764
2026-02-09,USD/AED,AED,3.66764,3.66809,3.66729,3.66753
2026-02-10,USD/AED,AED,3.66753,3.6676,3.66713,3.66721
2026-02-11,USD/AED,AED,3.66721,3.6678,3.66699,3.66759
2026-02-12,USD/AED,AED,3.66759,3.66958,3.66714,3.66903
2026-02-13,USD/AED,AED,3.66903,3.66952,3.6688,3.66945
2026-02-14,USD/AED,AED,3.66945,3.67025,3.66925,3.66955
2026-02-15,USD/AED,AED,3.66955,3.67016,3.66937,3.6695
2026-02-16,USD/AED,AED,3.6695,3.66978,3.66945,3.66959
2026-02-17,USD/AED,AED,3.66959,3.66994,3.66915,3.6696
2026-02-18,USD/AED,AED,3.6696,3.67042,3.66835,3.66887
2026-02-19,USD/AED,AED,3.66887,3.66893,3.66858,3.66874
2026-02-20,USD/AED,AED,3.66874,3.66966,3.66637,3.66701
2026-02-21,USD/AED,AED,3.66701,3.66846,3.66644,3.66734
2026-02-22,USD/AED,AED,3.66734,3.66929,3.6672,3.66872
2026-02-23,USD/AED,AED,3.66872,3.66873,3.66756,3.66779
2026-02-24,USD/AED,AED,3.66779,3.66821,3.66762,3.66767
2026-02-25,USD/AED,AED,3.66767,3.66801,3.66681,3.66729
2026-02-26,USD/AED,AED,3.66729,3.66783,3.66609,3.66681
2026-02-27,USD/AED,AED,3.66681,3.66748,3.66438,3.66559
2026-02-28,USD/AED,AED,3.66559,3.66612,3.66498,3.66577
2026-03-01,USD/AED,AED,3.66577,3.66588,3.6648,3.66557
2026-03-02,USD/AED,AED,3.66557,3.66596,3.66527,3.66567
2026-03-03,USD/AED,AED,3.66567,3.66691,3.66536,3.66645
2026-03-04,USD/AED,AED,3.66645,3.66793,3.66634,3.66784
2026-03-05,USD/AED,AED,3.66784,3.66832,3.66684,3.66779
2026-03-06,USD/AED,AED,3.66779,3.66845,3.66714,3.66741
2026-03-07,USD/AED,AED,3.66741,3.66779,3.66537,3.66594
2026-03-08,USD/AED,AED,3.66594,3.66679,3.66542,3.66639
2026-03-09,USD/AED,AED,3.66639,3.66787,3.66626,3.66742
2026-03-10,USD/AED,AED,3.66742,3.66841,3.66734,3.66752
2026-03-11,USD/AED,AED,3.66752,3.66793,3.66538,3.66689
2026-03-12,USD/AED,AED,3.66689,3.66842,3.66668,3.66726
2026-03-13,USD/AED,AED,3.66726,3.6674,3.66683,3.66735
2026-03-14,USD/AED,AED,3.66735,3.66825,3.66679,3.66752
2026-03-15,USD/AED,AED,3.66752,3.66859,3.66721,3.668
2026-03-16,USD/AED,AED,3.668,3.66903,3.66654,3.66699
2026-03-17,USD/AED,AED,3.66699,3.66719,3.6665,3.66683
2026-03-18,USD/AED,AED,3.66683,3.66727,3.66627,3.66694
2026-03-19,USD/AED,AED,3.66694,3.66762,3.66685,3.66752
2026-03-20,USD/AED,AED,3.66752,3.6698,3.66697,3.66924
2026-03-21,USD/AED,AED,3.66924,3.66951,3.66916,3.66931
2026-03-22,USD/AED,AED,3.66931,3.66955,3.66735,3.66841
2026-03-23,USD/AED,AED,3.66841,3.6703,3.6677,3.66883
2026-03-24,USD/AED,AED,3.66883,3.66985,3.66841,3.66963
2026-03-25,USD/AED,AED,3.66963,3.66991,3.66812,3.669
2026-03-26,USD/AED,AED,3.669,3.6701,3.66877,3.6688
2026-03-27,USD/AED,AED,3.6688,3.66951,3.66874,3.66875
2026-03-28,USD/AED,AED,3.66875,3.66936,3.66837,3.66844
2026-03-29,USD/AED,AED,3.66844,3.66911,3.66777,3.66789
2026-03-30,USD/AED,AED,3.66789,3.66799,3.66726,3.66789
2026-03-31,USD/AED,AED,3.66789,3.66789,3.66739,3.6675
2026-04-01,USD/AED,AED,3.6675,3.66856,3.667,3.66844
2026-04-02,USD/AED,AED,3.66844,3.66906,3.6682,3.66844
2026-04-03,USD/AED,AED,3.66844,3.66846,3.66788,3.66845
2026-04-04,USD/AED,AED,3.66845,3.66885,3.66816,3.66882
2026-04-05,USD/AED,AED,3.66882,3.67037,3.66858,3.66964
2026-04-06,USD/AED,AED,3.66964,3.67058,3.66961,3.67039
2026-04-07,USD/AED,AED,3.67039,3.67068,3.6695,3.67057
2026-04-08,USD/AED,AED,3.67057,3.67152,3.66993,3.67032
2026-04-09,USD/AED,AED,3.67032,3.67064,3.67003,3.67008
2026-04-10,USD/AED,AED,3.67008,3.67037,3.66954,3.66966
2026-04-11,USD/AED,AED,3.66966,3.67084,3.66946,3.67022
2026-04-12,USD/AED,AED,3.67022,3.67049,3.66959,3.67006
2026-04-13,USD/AED,AED,3.67006,3.67143,3.66948,3.67073
2026-04-14,USD/AED,AED,3.67073,3.67104,3.66882,3.67037
2026-04-15,USD/AED,AED,3.67037,3.67136,3.66931,3.67005
2026-04-16,USD/AED,AED,3.67005,3.67046,3.66883,3.66933
2026-04-17,USD/AED,AED,3.66933,3.66974,3.66865,3.66913
2026-04-18,USD/AED,AED,3.66913,3.6707,3.66857,3.66998
2026-04-19,USD/AED,AED,3.66998,3.67042,3.66969,3.67037
2026-04-20,USD/AED,AED,3.67037,3.67058,3.66898,3.66967
2026-04-21,USD/AED,AED,3.66967,3.67034,3.66782,3.66894
2026-04-22,USD/AED,AED,3.66894,3.66988,3.66879,3.66923
2026-04-23,USD/AED,AED,3.66923,3.66958,3.66791,3.66824
2026-04-24,USD/AED,AED,3.66824,3.66844,3.66768,3.6683
2026-04-25,USD/AED,AED,3.6683,3.66875,3.66698,3.66757
2026-04-26,USD/AED,AED,3.66757,3.66827,3.66717,3.66764
2026-04-27,USD/AED,AED,3.66764,3.66779,3.66625,3.66712
2026-04-28,USD/AED,AED,3.66712,3.66791,3.66704,3.66718
2026-04-29,USD/AED,AED,3.66718,3.6691,3.66673,3.66831
2026-04-30,USD/AED,AED,3.66831,3.66838,3.66786,3.66837
2026-05-01,USD/AED,AED,3.66837,3.66947,3.66779,3.66808
2026-05-02,USD/AED,AED,3.66808,3.66864,3.66725,3.66725
2026-05-03,USD/AED,AED,3.66725,3.66808,3.66708,3.66718
2026-05-04,USD/AED,AED,3.66718,3.66855,3.66643,3.66789
2026-05-05,USD/AED,AED,3.66789,3.66913,3.6665,3.66674
2026-05-06,USD/AED,AED,3.66674,3.66796,3.66671,3.66685
2026-05-07,USD/AED,AED,3.66685,3.66707,3.66652,3.66702
2026-05-08,USD/AED,AED,3.66702,3.66768,3.66631,3.66632
2026-05-09,USD/AED,AED,3.66632,3.66776,3.66607,3.66745
2026-05-10,USD/AED,AED,3.66745,3.669,3.66674,3.66805
2026-05-11,USD/AED,AED,3.66805,3.66955,3.66698,3.66886
2026-05-12,USD/AED,AED,3.66886,3.67105,3.66875,3.67023
2026-05-13,USD/AED,AED,3.67023,3.67193,3.67007,3.67028
2026-05-14,USD/AED,AED,3.67028,3.67082,3.66975,3.67061
2026-05-15,USD/AED,AED,3.67061,3.67103,3.66992,3.67032
2026-05-16,USD/AED,AED,3.67032,3.67109,3.66843,3.66929
2026-05-17,USD/AED,AED,3.66929,3.67092,3.66913,3.67003
2026-05-18,USD/AED,AED,3.67003,3.67009,3.66903,3.66983
2026-05-19,USD/AED,AED,3.66983,3.67019,3.66949,3.66951
2026-05-20,USD/AED,AED,3.66951,3.67086,3.66855,3.6694
2026-05-21,USD/AED,AED,3.6694,3.67073,3.66912,3.67035
2026-05-22,USD/AED,AED,3.67035,3.67263,3.67004,3.67154
2026-05-23,USD/AED,AED,3.67154,3.67179,3.67,3.67066
2026-05-24,USD/AED,AED,3.67066,3.67108,3.67037,3.67097
2026-05-25,USD/AED,AED,3.67097,3.67142,3.67033,3.67126
2026-05-26,USD/AED,AED,3.67126,3.6736,3.66996,3.67332
2026-05-27,USD/AED,AED,3.67332,3.67406,3.67221,3.6727
2026-05-28,USD/AED,AED,3.6727,3.67317,3.67248,3.67293
2026-05-29,USD/AED,AED,3.67293,3.67315,3.67268,3.67273
2026-05-30,USD/AED,AED,3.67273,3.67354,3.67243,3.67334
2026-05-31,USD/AED,AED,3.67334,3.67423,3.67317,3.67371
2026-06-01,USD/AED,AED,3.67371,3.67467,3.67332,3.67397
2026-06-02,USD/AED,AED,3.67397,3.67467,3.67324,3.67334
2026-06-03,USD/AED,AED,3.67334,3.67362,3.67192,3.67198
2026-06-04,USD/AED,AED,3.67198,3.67321,3.67186,3.67282
2026-06-05,USD/AED,AED,3.67282,3.67445,3.67242,3.67364
2026-06-06,USD/AED,AED,3.67364,3.67395,3.67342,3.67377
2026-06-07,USD/AED,AED,3.67377,3.67453,3.67247,3.67358
2026-06-08,USD/AED,AED,3.67358,3.67384,3.673,3.67327
2026-06-09,USD/AED,AED,3.67327,3.67497,3.6731,3.67426
2026-06-10,USD/AED,AED,3.67426,3.67564,3.67372,3.67522
2026-06-11,USD/AED,AED,3.67522,3.67727,3.67516,3.67655
2026-06-12,USD/AED,AED,3.67655,3.67745,3.67612,3.67631
2026-06-13,USD/AED,AED,3.67631,3.67677,3.67479,3.67549
2026-06-14,USD/AED,AED,3.67549,3.6755,3.67499,3.67515
2026-06-15,USD/AED,AED,3.67515,3.67578,3.67458,3.67471
2026-06-16,USD/AED,AED,3.67471,3.67484,3.67297,3.67413
2026-06-17,USD/AED,AED,3.67413,3.67459,3.67323,3.67437
2026-06-18,USD/AED,AED,3.67437,3.67451,3.67399,3.67421
2026-06-19,USD/AED,AED,3.67421,3.67471,3.67213,3.67299
2026-06-20,USD/AED,AED,3.67299,3.67456,3.67259,3.67404
2026-06-21,USD/AED,AED,3.67404,3.67487,3.67303,3.67318
2026-06-22,USD/AED,AED,3.67318,3.67488,3.67278,3.67387
2026-06-23,USD/AED,AED,3.67387,3.67437,3.67333,3.67387
2026-06-24,USD/AED,AED,3.67387,3.67427,3.67341,3.67392
2026-06-25,USD/AED,AED,3.67392,3.67443,3.67333,3.67387
2026-06-26,USD/AED,AED,3.67387,3.67417,3.67214,3.67279
2026-06-27,USD/AED,AED,3.67279,3.67323,3.67231,3.67292
2026-06-28,USD/AED,AED,3.67292,3.67297,3.6722,3.67231
2026-06-29,USD/AED,AED,3.67231,3.67381,3.67181,3.67288
2026-06-30,USD/AED,AED,3.67288,3.67303,3.67096,3.67168
2026-07-01,USD/AED,AED,3.67168,3.67198,3.67079,3.6713
2026-07-02,USD/AED,AED,3.6713,3.67214,3.6709,3.67209
2026-07-03,USD/AED,AED,3.67209,3.6729,3.67004,3.6713
2026-07-04,USD/AED,AED,3.6713,3.6729,3.67097,3.67168
2026-07-05,USD/AED,AED,3.67168,3.67238,3.67093,3.67213
2026-07-06,USD/AED,AED,3.67213,3.67298,3.67211,3.67256
2026-07-07,USD/AED,AED,3.67256,3.67267,3.67158,3.67191
2026-07-08,USD/AED,AED,3.67191,3.67401,3.67106,3.67277
2026-07-09,USD/AED,AED,3.67277,3.67291,3.67046,3.67136
2026-07-10,USD/AED,AED,3.67136,3.67183,3.67048,3.67139
2026-07-11,USD/AED,AED,3.67139,3.67165,3.67023,3.67154
2026-07-12,USD/AED,AED,3.67154,3.6716,3.67116,3.67156
2026-07-13,USD/AED,AED,3.67156,3.67181,3.67017,3.67104
2026-07-14,USD/AED,AED,3.67104,3.67169,3.66843,3.66935
2026-07-15,USD/AED,AED,3.66935,3.66991,3.66904,3.6696
2026-07-16,USD/AED,AED,3.6696,3.6715,3.66799,3.66888
2026-07-17,USD/AED,AED,3.66888,3.66912,3.66729,3.66814
2026-07-18,USD/AED,AED,3.66814,3.66894,3.66766,3.66886
2026-07-19,USD/AED,AED,3.66886,3.66984,3.66853,3.66857
2026-07-20,USD/AED,AED,3.66857,3.66912,3.66732,3.66844
2026-07-21,USD/AED,AED,3.66844,3.66863,3.66767,3.66832
2026-07-22,USD/AED,AED,3.66832,3.66898,3.66633,3.66667
2026-07-23,USD/AED,AED,3.66667,3.66675,3.6666,3.66667
2026-07-24,USD/AED,AED,3.66667,3.6675,3.66612,3.66697
2026-07-25,USD/AED,AED,3.66697,3.66747,3.66603,3.66728
2026-07-26,USD/AED,AED,3.66728,3.66897,3.66551,3.66843
2026-07-27,USD/AED,AED,3.66843,3.67005,3.66725,3.66958
2026-07-28,USD/AED,AED,3.66958,3.67142,3.66907,3.67049
2026-07-29,USD/AED,AED,3.67049,3.67265,3.67037,3.67148
2026-07-30,USD/AED,AED,3.67148,3.67166,3.6701,3.67033
2026-07-31,USD/AED,AED,3.67033,3.67112,3.66937,3.67038
2026-08-01,USD/AED,AED,3.67038,3.67086,3.66891,3.66984
2026-08-02,USD/AED,AED,3.66984,3.67113,3.66979,3.67051
2026-08-03,USD/AED,AED,3.67051,3.67078,3.66908,3.66923
2026-08-04,USD/AED,AED,3.66923,3.66927,3.66861,3.66887
2026-08-05,USD/AED,AED,3.66887,3.66966,3.66775,3.66949
2026-08-06,USD/AED,AED,3.66949,3.66952,3.66842,3.66914
2026-08-07,USD/AED,AED,3.66914,3.66944,3.66855,3.66872
2026-08-08,USD/AED,AED,3.66872,3.6693,3.66834,3.66876
2026-08-09,USD/AED,AED,3.66876,3.66876,3.66796,3.66833
2026-08-10,USD/AED,AED,3.66833,3.66912,3.6682,3.66871
2026-08-11,USD/AED,AED,3.66871,3.66883,3.66836,3.66863
2026-08-12,USD/AED,AED,3.66863,3.66869,3.66827,3.66838
2026-08-13,USD/AED,AED,3.66838,3.66938,3.6678,3.66838
2026-08-14,USD/AED,AED,3.66838,3.6693,3.66812,3.66833
2026-08-15,USD/AED,AED,3.66833,3.6685,3.6673,3.66752
2026-08-16,USD/AED,AED,3.66752,3.66805,3.66717,3.66772
2026-08-17,USD/AED,AED,3.66772,3.66894,3.66739,3.66877
2026-08-18,USD/AED,AED,3.66877,3.66974,3.66845,3.66859
2026-08-19,USD/AED,AED,3.66859,3.66899,3.66776,3.66808
2026-08-20,USD/AED,AED,3.66808,3.66884,3.66699,3.66765
2026-08-21,USD/AED,AED,3.66765,3.668,3.66682,3.66704
2026-08-22,USD/AED,AED,3.66704,3.66779,3.66613,3.66689
2026-08-23,USD/AED,AED,3.66689,3.66726,3.66617,3.66668
2026-08-24,USD/AED,AED,3.66668,3.66731,3.66645,3.66719
2026-08-25,USD/AED,AED,3.66719,3.66764,3.6664,3.66659
2026-08-26,USD/AED,AED,3.66659,3.66718,3.66532,3.66563
2026-08-27,USD/AED,AED,3.66563,3.66641,3.66551,3.66552
2026-08-28,USD/AED,AED,3.66552,3.66555,3.66441,3.66528
2026-08-29,USD/AED,AED,3.66528,3.66587,3.66486,3.66541
2026-08-30,USD/AED,AED,3.66541,3.66661,3.66524,3.66584
2026-08-31,USD/AED,AED,3.66584,3.66671,3.66501,3.66635
2026-09-01,USD/AED,AED,3.66635,3.66674,3.66434,3.66492
2026-09-02,USD/AED,AED,3.66492,3.66544,3.66344,3.66394
2026-09-03,USD/AED,AED,3.66394,3.66422,3.66326,3.6634
2026-09-04,USD/AED,AED,3.6634,3.66467,3.66291,3.66404
2026-09-05,USD/AED,AED,3.66404,3.66481,3.66304,3.66342
2026-09-06,USD/AED,AED,3.66342,3.66376,3.6634,3.66348
2026-09-07,USD/AED,AED,3.66348,3.66406,3.66332,3.66386
2026-09-08,USD/AED,AED,3.66386,3.66427,3.66236,3.66276
2026-09-09,USD/AED,AED,3.66276,3.6633,3.66217,3.66248
2026-09-10,USD/AED,AED,3.66248,3.66281,3.66133,3.66137
2026-09-11,USD/AED,AED,3.66137,3.66186,3.65993,3.66013
2026-09-12,USD/AED,AED,3.66013,3.66053,3.65968,3.65973
2026-09-13,USD/AED,AED,3.65973,3.66082,3.65941,3.65998
2026-09-14,USD/AED,AED,3.65998,3.65999,3.65937,3.65939
2026-09-15,USD/AED,AED,3.65939,3.65999,3.65884,3.65901
2026-09-16,USD/AED,AED,3.65901,3.66099,3.65802,3.6602
2026-09-17,USD/AED,AED,3.6602,3.66022,3.65937,3.66001
2026-09-18,USD/AED,AED,3.66001,3.6603,3.65883,3.65944
2026-09-19,USD/AED,AED,3.65944,3.65968,3.65821,3.65929
2026-09-20,USD/AED,AED,3.65929,3.65935,3.65829,3.65844
2026-09-21,USD/AED,AED,3.65844,3.65884,3.65742,3.65765
2026-09-22,USD/AED,AED,3.65765,3.65804,3.65518,3.65583
2026-09-23,USD/AED,AED,3.65583,3.65623,3.65486,3.65506
2026-09-24,USD/AED,AED,3.65506,3.65644,3.65469,3.65573
2026-09-25,USD/AED,AED,3.65573,3.65676,3.65443,3.65631
2026-09-26,USD/AED,AED,3.65631,3.65692,3.65531,3.65581
2026-09-27,USD/AED,AED,3.65581,3.65643,3.65572,3.65604
2026-09-28,USD/AED,AED,3.65604,3.65617,3.65426,3.65446
2026-09-29,USD/AED,AED,3.65446,3.6563,3.65372,3.65456
2026-09-30,USD/AED,AED,3.65456,3.65473,3.65385,3.65402
2024-09-30,USD/SGD,SGD,1.345,1.34691,1.34124,1.34433
2024-10-01,USD/SGD,SGD,1.34433,1.34803,1.3432,1.3466
2024-10-02,USD/SGD,SGD,1.3466,1.35212,1.3444,1.34589
2024-10-03,USD/SGD,SGD,1.34589,1.34664,1.33995,1.34221
2024-10-04,USD/SGD,SGD,1.34221,1.34549,1.33883,1.33998
2024-10-05,USD/SGD,SGD,1.33998,1.34088,1.32995,1.33116
2024-10-06,USD/SGD,SGD,1.33116,1.33596,1.33058,1.33314
2024-10-07,USD/SGD,SGD,1.33314,1.33986,1.33127,1.33933
2024-10-08,USD/SGD,SGD,1.33933,1.34261,1.33699,1.34232
2024-10-09,USD/SGD,SGD,1.34232,1.34359,1.33612,1.34005
2024-10-10,USD/SGD,SGD,1.34005,1.34191,1.33652,1.34093
2024-10-11,USD/SGD,SGD,1.34093,1.34473,1.3374,1.34388
2024-10-12,USD/SGD,SGD,1.34388,1.34883,1.3416,1.34548
2024-10-13,USD/SGD,SGD,1.34548,1.35018,1.34407,1.34954
2024-10-14,USD/SGD,SGD,1.34954,1.34971,1.34649,1.34673
2024-10-15,USD/SGD,SGD,1.34673,1.34787,1.34632,1.34748
2024-10-16,USD/SGD,SGD,1.34748,1.35032,1.34429,1.34452
2024-10-17,USD/SGD,SGD,1.34452,1.34677,1.33983,1.34384
2024-10-18,USD/SGD,SGD,1.34384,1.35041,1.33895,1.34873
2024-10-19,USD/SGD,SGD,1.34873,1.35438,1.34836,1.35159
2024-10-20,USD/SGD,SGD,1.35159,1.35827,1.3473,1.35761
2024-10-21,USD/SGD,SGD,1.35761,1.35972,1.35577,1.35897
2024-10-22,USD/SGD,SGD,1.35897,1.36621,1.35595,1.36112
2024-10-23,USD/SGD,SGD,1.36112,1.36413,1.3574,1.35775
2024-10-24,USD/SGD,SGD,1.35775,1.35987,1.35549,1.35937
2024-10-25,USD/SGD,SGD,1.35937,1.36282,1.35673,1.35742
2024-10-26,USD/SGD,SGD,1.35742,1.36149,1.3548,1.36148
2024-10-27,USD/SGD,SGD,1.36148,1.3688,1.36091,1.367
2024-10-28,USD/SGD,SGD,1.367,1.37973,1.36188,1.37528
2024-10-29,USD/SGD,SGD,1.37528,1.37674,1.37273,1.37674
2024-10-30,USD/SGD,SGD,1.37674,1.37933,1.37176,1.37384
2024-10-31,USD/SGD,SGD,1.37384,1.37635,1.36799,1.37162
2024-11-01,USD/SGD,SGD,1.37162,1.37711,1.36611,1.3692
2024-11-02,USD/SGD,SGD,1.3692,1.37505,1.36828,1.37404
2024-11-03,USD/SGD,SGD,1.37404,1.3803,1.37278,1.37576
2024-11-04,USD/SGD,SGD,1.37576,1.38075,1.36961,1.37304
2024-11-05,USD/SGD,SGD,1.37304,1.37531,1.37244,1.3733
2024-11-06,USD/SGD,SGD,1.3733,1.37655,1.36753,1.37114
2024-11-07,USD/SGD,SGD,1.37114,1.37986,1.36583,1.37712
2024-11-08,USD/SGD,SGD,1.37712,1.3805,1.37303,1.37917
2024-11-09,USD/SGD,SGD,1.37917,1.37985,1.37888,1.37901
2024-11-10,USD/SGD,SGD,1.37901,1.38397,1.3661,1.36761
2024-11-11,USD/SGD,SGD,1.36761,1.36903,1.36711,1.36884
2024-11-12,USD/SGD,SGD,1.36884,1.37073,1.36253,1.36653
2024-11-13,USD/SGD,SGD,1.36653,1.36893,1.36592,1.36721
2024-11-14,USD/SGD,SGD,1.36721,1.37164,1.36425,1.3686
2024-11-15,USD/SGD,SGD,1.3686,1.37157,1.36286,1.36948
2024-11-16,USD/SGD,SGD,1.36948,1.37313,1.36889,1.37146
2024-11-17,USD/SGD,SGD,1.37146,1.37407,1.36333,1.36629
2024-11-18,USD/SGD,SGD,1.36629,1.36756,1.36593,1.36639
2024-11-19,USD/SGD,SGD,1.36639,1.36958,1.36616,1.36823
2024-11-20,USD/SGD,SGD,1.36823,1.37537,1.36696,1.37239
2024-11-21,USD/SGD,SGD,1.37239,1.37459,1.37142,1.37257
2024-11-22,USD/SGD,SGD,1.37257,1.3794,1.36944,1.37662
2024-11-23,USD/SGD,SGD,1.37662,1.37878,1.36941,1.37241
2024-11-24,USD/SGD,SGD,1.37241,1.37362,1.36521,1.36632
2024-11-25,USD/SGD,SGD,1.36632,1.3713,1.36221,1.37074
2024-11-26,USD/SGD,SGD,1.37074,1.37437,1.36539,1.36703
2024-11-27,USD/SGD,SGD,1.36703,1.3706,1.36181,1.36631
2024-11-28,USD/SGD,SGD,1.36631,1.37043,1.3576,1.36121
2024-11-29,USD/SGD,SGD,1.36121,1.36673,1.36017,1.36461
2024-11-30,USD/SGD,SGD,1.36461,1.36739,1.35947,1.3597
2024-12-01,USD/SGD,SGD,1.3597,1.36343,1.35058,1.35811
2024-12-02,USD/SGD,SGD,1.35811,1.3615,1.35291,1.35414
2024-12-03,USD/SGD,SGD,1.35414,1.35612,1.34799,1.35347
2024-12-04,USD/SGD,SGD,1.35347,1.36142,1.34758,1.35846
2024-12-05,USD/SGD,SGD,1.35846,1.37436,1.35789,1.36741
2024-12-06,USD/SGD,SGD,1.36741,1.37036,1.36219,1.36252
2024-12-07,USD/SGD,SGD,1.36252,1.36525,1.36104,1.36206
2024-12-08,USD/SGD,SGD,1.36206,1.36305,1.3555,1.35751
2024-12-09,USD/SGD,SGD,1.35751,1.36022,1.35467,1.35942
2024-12-10,USD/SGD,SGD,1.35942,1.35997,1.34775,1.35802
2024-12-11,USD/SGD,SGD,1.35802,1.36034,1.3551,1.35628
2024-12-12,USD/SGD,SGD,1.35628,1.35945,1.35144,1.35448
2024-12-13,USD/SGD,SGD,1.35448,1.35904,1.34925,1.35654
2024-12-14,USD/SGD,SGD,1.35654,1.35739,1.35505,1.3559
2024-12-15,USD/SGD,SGD,1.3559,1.35695,1.35096,1.35353
2024-12-16,USD/SGD,SGD,1.35353,1.35892,1.3448,1.34626
2024-12-17,USD/SGD,SGD,1.34626,1.34899,1.34169,1.34607
2024-12-18,USD/SGD,SGD,1.34607,1.34644,1.33943,1.34354
2024-12-19,USD/SGD,SGD,1.34354,1.34489,1.34156,1.34334
2024-12-20,USD/SGD,SGD,1.34334,1.35019,1.34034,1.34514
2024-12-21,USD/SGD,SGD,1.34514,1.34718,1.34307,1.34481
2024-12-22,USD/SGD,SGD,1.34481,1.35004,1.34148,1.34669
2024-12-23,USD/SGD,SGD,1.34669,1.34862,1.34503,1.34618
2024-12-24,USD/SGD,SGD,1.34618,1.34699,1.34245,1.34268
2024-12-25,USD/SGD,SGD,1.34268,1.34526,1.32812,1.3364
2024-12-26,USD/SGD,SGD,1.3364,1.35106,1.33562,1.34653
2024-12-27,USD/SGD,SGD,1.34653,1.34746,1.34476,1.34654
2024-12-28,USD/SGD,SGD,1.34654,1.34768,1.34626,1.34724
2024-12-29,USD/SGD,SGD,1.34724,1.35187,1.34712,1.3479
2024-12-30,USD/SGD,SGD,1.3479,1.34888,1.34725,1.34849
2024-12-31,USD/SGD,SGD,1.34849,1.35383,1.3478,1.35276
2025-01-01,USD/SGD,SGD,1.35276,1.35789,1.35211,1.35765
2025-01-02,USD/SGD,SGD,1.35765,1.36141,1.35647,1.35725
2025-01-03,USD/SGD,SGD,1.35725,1.36242,1.35464,1.3621
2025-01-04,USD/SGD,SGD,1.3621,1.3656,1.36021,1.36467
2025-01-05,USD/SGD,SGD,1.36467,1.36468,1.35281,1.35421
2025-01-06,USD/SGD,SGD,1.35421,1.35589,1.34842,1.35015
2025-01-07,USD/SGD,SGD,1.35015,1.35429,1.34899,1.34994
2025-01-08,USD/SGD,SGD,1.34994,1.35593,1.3475,1.35508
2025-01-09,USD/SGD,SGD,1.35508,1.36297,1.3494,1.3592
2025-01-10,USD/SGD,SGD,1.3592,1.36139,1.3549,1.35728
2025-01-11,USD/SGD,SGD,1.35728,1.36231,1.35153,1.35994
2025-01-12,USD/SGD,SGD,1.35994,1.36126,1.35696,1.35996
2025-01-13,USD/SGD,SGD,1.35996,1.36909,1.35902,1.36806
2025-01-14,USD/SGD,SGD,1.36806,1.37004,1.36447,1.36671
2025-01-15,USD/SGD,SGD,1.36671,1.37089,1.36227,1.36468
2025-01-16,USD/SGD,SGD,1.36468,1.37436,1.36184,1.3721
2025-01-17,USD/SGD,SGD,1.3721,1.38225,1.36665,1.37659
2025-01-18,USD/SGD,SGD,1.37659,1.37907,1.37038,1.37182
2025-01-19,USD/SGD,SGD,1.37182,1.3732,1.36997,1.37064
2025-01-20,USD/SGD,SGD,1.37064,1.37297,1.36396,1.37075
2025-01-21,USD/SGD,SGD,1.37075,1.37243,1.36615,1.36691
2025-01-22,USD/SGD,SGD,1.36691,1.36841,1.35911,1.36256
2025-01-23,USD/SGD,SGD,1.36256,1.36583,1.35946,1.36205
2025-01-24,USD/SGD,SGD,1.36205,1.36252,1.3544,1.35703
2025-01-25,USD/SGD,SGD,1.35703,1.36169,1.35682,1.36045
2025-01-26,USD/SGD,SGD,1.36045,1.36161,1.35529,1.35739
2025-01-27,USD/SGD,SGD,1.35739,1.36278,1.35599,1.3579
2025-01-28,USD/SGD,SGD,1.3579,1.36176,1.35585,1.36135
2025-01-29,USD/SGD,SGD,1.36135,1.36275,1.35722,1.35828
2025-01-30,USD/SGD,SGD,1.35828,1.3611,1.35494,1.35956
2025-01-31,USD/SGD,SGD,1.35956,1.36253,1.35341,1.35411
2025-02-01,USD/SGD,SGD,1.35411,1.36435,1.34977,1.35133
2025-02-02,USD/SGD,SGD,1.35133,1.35289,1.34956,1.35101
2025-02-03,USD/SGD,SGD,1.35101,1.35144,1.34963,1.3511
2025-02-04,USD/SGD,SGD,1.3511,1.35517,1.34585,1.35004
2025-02-05,USD/SGD,SGD,1.35004,1.35502,1.34841,1.35096
2025-02-06,USD/SGD,SGD,1.35096,1.36098,1.34874,1.35681
2025-02-07,USD/SGD,SGD,1.35681,1.36235,1.35491,1.36219
2025-02-08,USD/SGD,SGD,1.36219,1.36308,1.35552,1.35957
2025-02-09,USD/SGD,SGD,1.35957,1.36219,1.357,1.3573
2025-02-10,USD/SGD,SGD,1.3573,1.35927,1.35503,1.35641
2025-02-11,USD/SGD,SGD,1.35641,1.36684,1.3526,1.36291
2025-02-12,USD/SGD,SGD,1.36291,1.36839,1.35924,1.35996
2025-02-13,USD/SGD,SGD,1.35996,1.36334,1.35385,1.35896
2025-02-14,USD/SGD,SGD,1.35896,1.36193,1.35712,1.35891
2025-02-15,USD/SGD,SGD,1.35891,1.36055,1.35882,1.35909
2025-02-16,USD/SGD,SGD,1.35909,1.36342,1.35301,1.35363
2025-02-17,USD/SGD,SGD,1.35363,1.35621,1.35069,1.35299
2025-02-18,USD/SGD,SGD,1.35299,1.35611,1.34881,1.35526
2025-02-19,USD/SGD,SGD,1.35526,1.35839,1.348,1.35679
2025-02-20,USD/SGD,SGD,1.35679,1.35889,1.35324,1.3536
2025-02-21,USD/SGD,SGD,1.3536,1.35371,1.34989,1.35052
2025-02-22,USD/SGD,SGD,1.35052,1.35269,1.34796,1.34989
2025-02-23,USD/SGD,SGD,1.34989,1.35104,1.34406,1.34578
2025-02-24,USD/SGD,SGD,1.34578,1.35037,1.34191,1.34285
2025-02-25,USD/SGD,SGD,1.34285,1.35052,1.33676,1.34858
2025-02-26,USD/SGD,SGD,1.34858,1.35082,1.34848,1.35007
2025-02-27,USD/SGD,SGD,1.35007,1.35018,1.34607,1.34762
2025-02-28,USD/SGD,SGD,1.34762,1.35016,1.34589,1.34645
2025-03-01,USD/SGD,SGD,1.34645,1.34942,1.34542,1.34872
2025-03-02,USD/SGD,SGD,1.34872,1.34984,1.33434,1.34434
2025-03-03,USD/SGD,SGD,1.34434,1.34459,1.3404,1.34209
2025-03-04,USD/SGD,SGD,1.34209,1.34314,1.33451,1.34105
2025-03-05,USD/SGD,SGD,1.34105,1.3461,1.33718,1.34081
2025-03-06,USD/SGD,SGD,1.34081,1.34465,1.33897,1.34008
2025-03-07,USD/SGD,SGD,1.34008,1.34018,1.33794,1.34013
2025-03-08,USD/SGD,SGD,1.34013,1.34141,1.33391,1.33806
2025-03-09,USD/SGD,SGD,1.33806,1.34142,1.33558,1.34025
2025-03-10,USD/SGD,SGD,1.34025,1.34887,1.33851,1.34383
2025-03-11,USD/SGD,SGD,1.34383,1.34929,1.33749,1.34059
2025-03-12,USD/SGD,SGD,1.34059,1.35157,1.33483,1.34972
2025-03-13,USD/SGD,SGD,1.34972,1.35508,1.34857,1.35283
2025-03-14,USD/SGD,SGD,1.35283,1.35636,1.35108,1.35503
2025-03-15,USD/SGD,SGD,1.35503,1.36501,1.34885,1.34928
2025-03-16,USD/SGD,SGD,1.34928,1.34962,1.34729,1.34802
2025-03-17,USD/SGD,SGD,1.34802,1.35234,1.34764,1.34845
2025-03-18,USD/SGD,SGD,1.34845,1.34894,1.34264,1.34404
2025-03-19,USD/SGD,SGD,1.34404,1.35291,1.34371,1.34937
2025-03-20,USD/SGD,SGD,1.34937,1.35307,1.34447,1.34451
2025-03-21,USD/SGD,SGD,1.34451,1.34688,1.34306,1.34575
2025-03-22,USD/SGD,SGD,1.34575,1.34582,1.33632,1.34349
2025-03-23,USD/SGD,SGD,1.34349,1.34538,1.3357,1.33932
2025-03-24,USD/SGD,SGD,1.33932,1.33986,1.33556,1.33624
2025-03-25,USD/SGD,SGD,1.33624,1.34486,1.33607,1.34107
2025-03-26,USD/SGD,SGD,1.34107,1.34306,1.33853,1.33926
2025-03-27,USD/SGD,SGD,1.33926,1.34092,1.33634,1.3376
2025-03-28,USD/SGD,SGD,1.3376,1.34357,1.33202,1.33979
2025-03-29,USD/SGD,SGD,1.33979,1.34354,1.33874,1.34023
2025-03-30,USD/SGD,SGD,1.34023,1.34785,1.33721,1.34465
2025-03-31,USD/SGD,SGD,1.34465,1.347,1.34045,1.34498
2025-04-01,USD/SGD,SGD,1.34498,1.3496,1.34387,1.3448
2025-04-02,USD/SGD,SGD,1.3448,1.35028,1.34395,1.34773
2025-04-03,USD/SGD,SGD,1.34773,1.36149,1.34404,1.35267
2025-04-04,USD/SGD,SGD,1.35267,1.35516,1.34816,1.34918
2025-04-05,USD/SGD,SGD,1.34918,1.35144,1.34738,1.35025
2025-04-06,USD/SGD,SGD,1.35025,1.35393,1.34543,1.34663
2025-04-07,USD/SGD,SGD,1.34663,1.35137,1.3413,1.34423
2025-04-08,USD/SGD,SGD,1.34423,1.35416,1.34366,1.34945
2025-04-09,USD/SGD,SGD,1.34945,1.35594,1.34751,1.35179
2025-04-10,USD/SGD,SGD,1.35179,1.3568,1.34902,1.35596
2025-04-11,USD/SGD,SGD,1.35596,1.36058,1.35529,1.35664
2025-04-12,USD/SGD,SGD,1.35664,1.36106,1.34811,1.35098
2025-04-13,USD/SGD,SGD,1.35098,1.35597,1.34742,1.35569
2025-04-14,USD/SGD,SGD,1.35569,1.36128,1.35415,1.35997
2025-04-15,USD/SGD,SGD,1.35997,1.3677,1.35961,1.36156
2025-04-16,USD/SGD,SGD,1.36156,1.36208,1.3538,1.35727
2025-04-17,USD/SGD,SGD,1.35727,1.36215,1.3495,1.35274
2025-04-18,USD/SGD,SGD,1.35274,1.3533,1.35195,1.3527
2025-04-19,USD/SGD,SGD,1.3527,1.35688,1.34969,1.35483
2025-04-20,USD/SGD,SGD,1.35483,1.35611,1.35378,1.35384
2025-04-21,USD/SGD,SGD,1.35384,1.35484,1.34995,1.35158
2025-04-22,USD/SGD,SGD,1.35158,1.35701,1.3494,1.35332
2025-04-23,USD/SGD,SGD,1.35332,1.35472,1.35148,1.3528
2025-04-24,USD/SGD,SGD,1.3528,1.35622,1.34952,1.35453
2025-04-25,USD/SGD,SGD,1.35453,1.35739,1.35128,1.35221
2025-04-26,USD/SGD,SGD,1.35221,1.35392,1.34501,1.34852
2025-04-27,USD/SGD,SGD,1.34852,1.36124,1.34848,1.3573
2025-04-28,USD/SGD,SGD,1.3573,1.36556,1.34963,1.36057
2025-04-29,USD/SGD,SGD,1.36057,1.36093,1.35264,1.35829
2025-04-30,USD/SGD,SGD,1.35829,1.36348,1.35798,1.36011
2025-05-01,USD/SGD,SGD,1.36011,1.3634,1.35557,1.35801
2025-05-02,USD/SGD,SGD,1.35801,1.36275,1.35574,1.35885
2025-05-03,USD/SGD,SGD,1.35885,1.36928,1.35739,1.36134
2025-05-04,USD/SGD,SGD,1.36134,1.36246,1.35772,1.35782
2025-05-05,USD/SGD,SGD,1.35782,1.36056,1.3558,1.35646
2025-05-06,USD/SGD,SGD,1.35646,1.36084,1.35243,1.35988
2025-05-07,USD/SGD,SGD,1.35988,1.36284,1.35259,1.35922
2025-05-08,USD/SGD,SGD,1.35922,1.36147,1.35035,1.35225
2025-05-09,USD/SGD,SGD,1.35225,1.36723,1.34772,1.36172
2025-05-10,USD/SGD,SGD,1.36172,1.36912,1.35931,1.36043
2025-05-11,USD/SGD,SGD,1.36043,1.36468,1.36028,1.36413
2025-05-12,USD/SGD,SGD,1.36413,1.36477,1.36128,1.36314
2025-05-13,USD/SGD,SGD,1.36314,1.36461,1.35853,1.36451
2025-05-14,USD/SGD,SGD,1.36451,1.36607,1.35097,1.35315
2025-05-15,USD/SGD,SGD,1.35315,1.35767,1.35252,1.35747
2025-05-16,USD/SGD,SGD,1.35747,1.36574,1.35655,1.36119
2025-05-17,USD/SGD,SGD,1.36119,1.3673,1.35471,1.36218
2025-05-18,USD/SGD,SGD,1.36218,1.36665,1.35619,1.35952
2025-05-19,USD/SGD,SGD,1.35952,1.36285,1.35683,1.36148
2025-05-20,USD/SGD,SGD,1.36148,1.3662,1.35729,1.3592
2025-05-21,USD/SGD,SGD,1.3592,1.36185,1.35663,1.35956
2025-05-22,USD/SGD,SGD,1.35956,1.35986,1.35236,1.35748
2025-05-23,USD/SGD,SGD,1.35748,1.3575,1.34731,1.35132
2025-05-24,USD/SGD,SGD,1.35132,1.36554,1.3489,1.35926
2025-05-25,USD/SGD,SGD,1.35926,1.36041,1.3559,1.3593
2025-05-26,USD/SGD,SGD,1.3593,1.36231,1.35475,1.35562
2025-05-27,USD/SGD,SGD,1.35562,1.36324,1.35203,1.36301
2025-05-28,USD/SGD,SGD,1.36301,1.36832,1.35446,1.36491
2025-05-29,USD/SGD,SGD,1.36491,1.36891,1.36198,1.36372
2025-05-30,USD/SGD,SGD,1.36372,1.37498,1.36229,1.37042
2025-05-31,USD/SGD,SGD,1.37042,1.37354,1.36654,1.36847
2025-06-01,USD/SGD,SGD,1.36847,1.36978,1.35927,1.36372
2025-06-02,USD/SGD,SGD,1.36372,1.36792,1.35864,1.36599
2025-06-03,USD/SGD,SGD,1.36599,1.37347,1.3637,1.37189
2025-06-04,USD/SGD,SGD,1.37189,1.37381,1.3655,1.36895
2025-06-05,USD/SGD,SGD,1.36895,1.37509,1.36841,1.36855
2025-06-06,USD/SGD,SGD,1.36855,1.37379,1.36675,1.37289
2025-06-07,USD/SGD,SGD,1.37289,1.37403,1.36419,1.36644
2025-06-08,USD/SGD,SGD,1.36644,1.37178,1.36252,1.36317
2025-06-09,USD/SGD,SGD,1.36317,1.36427,1.35536,1.35932
2025-06-10,USD/SGD,SGD,1.35932,1.36687,1.35771,1.36475
2025-06-11,USD/SGD,SGD,1.36475,1.37144,1.36312,1.3699
2025-06-12,USD/SGD,SGD,1.3699,1.37741,1.36306,1.36592
2025-06-13,USD/SGD,SGD,1.36592,1.36829,1.36481,1.36516
2025-06-14,USD/SGD,SGD,1.36516,1.37113,1.36009,1.36383
2025-06-15,USD/SGD,SGD,1.36383,1.36438,1.36347,1.36432
2025-06-16,USD/SGD,SGD,1.36432,1.36467,1.36121,1.36388
2025-06-17,USD/SGD,SGD,1.36388,1.36746,1.35461,1.36618
2025-06-18,USD/SGD,SGD,1.36618,1.37237,1.3642,1.3673
2025-06-19,USD/SGD,SGD,1.3673,1.37576,1.36649,1.37291
2025-06-20,USD/SGD,SGD,1.37291,1.37671,1.37029,1.37058
2025-06-21,USD/SGD,SGD,1.37058,1.37846,1.36984,1.37719
2025-06-22,USD/SGD,SGD,1.37719,1.37995,1.37183,1.37742
2025-06-23,USD/SGD,SGD,1.37742,1.37794,1.37518,1.37772
2025-06-24,USD/SGD,SGD,1.37772,1.38093,1.37695,1.37697
2025-06-25,USD/SGD,SGD,1.37697,1.38291,1.37053,1.37277
2025-06-26,USD/SGD,SGD,1.37277,1.37641,1.36876,1.37497
2025-06-27,USD/SGD,SGD,1.37497,1.37938,1.37217,1.37238
2025-06-28,USD/SGD,SGD,1.37238,1.37497,1.37077,1.37102
2025-06-29,USD/SGD,SGD,1.37102,1.37666,1.36729,1.36864
2025-06-30,USD/SGD,SGD,1.36864,1.36935,1.36226,1.36426
2025-07-01,USD/SGD,SGD,1.36426,1.3734,1.36218,1.36848
2025-07-02,USD/SGD,SGD,1.36848,1.37309,1.3577,1.36251
2025-07-03,USD/SGD,SGD,1.36251,1.36659,1.36083,1.36255
2025-07-04,USD/SGD,SGD,1.36255,1.36487,1.35016,1.35541
2025-07-05,USD/SGD,SGD,1.35541,1.35541,1.34962,1.34972
2025-07-06,USD/SGD,SGD,1.34972,1.35106,1.34754,1.34775
2025-07-07,USD/SGD,SGD,1.34775,1.35205,1.34496,1.34561
2025-07-08,USD/SGD,SGD,1.34561,1.35225,1.34317,1.34962
2025-07-09,USD/SGD,SGD,1.34962,1.35048,1.34015,1.34487
2025-07-10,USD/SGD,SGD,1.34487,1.3494,1.34219,1.34727
2025-07-11,USD/SGD,SGD,1.34727,1.3492,1.34527,1.34883
2025-07-12,USD/SGD,SGD,1.34883,1.35311,1.34456,1.34674
2025-07-13,USD/SGD,SGD,1.34674,1.35477,1.34426,1.35138
2025-07-14,USD/SGD,SGD,1.35138,1.35772,1.34891,1.35772
2025-07-15,USD/SGD,SGD,1.35772,1.35983,1.35584,1.35816
2025-07-16,USD/SGD,SGD,1.35816,1.36466,1.35376,1.35978
2025-07-17,USD/SGD,SGD,1.35978,1.35989,1.35873,1.35982
2025-07-18,USD/SGD,SGD,1.35982,1.36726,1.358,1.36694
2025-07-19,USD/SGD,SGD,1.36694,1.36929,1.36157,1.36317
2025-07-20,USD/SGD,SGD,1.36317,1.36375,1.36002,1.36342
2025-07-21,USD/SGD,SGD,1.36342,1.37039,1.35774,1.35839
2025-07-22,USD/SGD,SGD,1.35839,1.36061,1.35464,1.36015
2025-07-23,USD/SGD,SGD,1.36015,1.36351,1.35306,1.36179
2025-07-24,USD/SGD,SGD,1.36179,1.36492,1.35966,1.36085
2025-07-25,USD/SGD,SGD,1.36085,1.36222,1.35776,1.36093
2025-07-26,USD/SGD,SGD,1.36093,1.36828,1.36041,1.36328
2025-07-27,USD/SGD,SGD,1.36328,1.36348,1.35217,1.35894
2025-07-28,USD/SGD,SGD,1.35894,1.36158,1.35384,1.3602
2025-07-29,USD/SGD,SGD,1.3602,1.36144,1.35681,1.35943
2025-07-30,USD/SGD,SGD,1.35943,1.36408,1.35746,1.35805
2025-07-31,USD/SGD,SGD,1.35805,1.35896,1.35497,1.35686
2025-08-01,USD/SGD,SGD,1.35686,1.35816,1.35585,1.35715
2025-08-02,USD/SGD,SGD,1.35715,1.35755,1.35484,1.35743
2025-08-03,USD/SGD,SGD,1.35743,1.35849,1.35639,1.35694
2025-08-04,USD/SGD,SGD,1.35694,1.35804,1.34804,1.3542
2025-08-05,USD/SGD,SGD,1.3542,1.35505,1.34954,1.35071
2025-08-06,USD/SGD,SGD,1.35071,1.35172,1.34891,1.34975
2025-08-07,USD/SGD,SGD,1.34975,1.35289,1.34136,1.34326
2025-08-08,USD/SGD,SGD,1.34326,1.35009,1.33563,1.33856
2025-08-09,USD/SGD,SGD,1.33856,1.3463,1.336,1.33762
2025-08-10,USD/SGD,SGD,1.33762,1.33969,1.33067,1.33083
2025-08-11,USD/SGD,SGD,1.33083,1.33567,1.33042,1.33175
2025-08-12,USD/SGD,SGD,1.33175,1.33504,1.32827,1.32904
2025-08-13,USD/SGD,SGD,1.32904,1.3344,1.32733,1.3319
2025-08-14,USD/SGD,SGD,1.3319,1.33403,1.32909,1.33001
2025-08-15,USD/SGD,SGD,1.33001,1.33231,1.32853,1.33049
2025-08-16,USD/SGD,SGD,1.33049,1.33801,1.32959,1.33074
2025-08-17,USD/SGD,SGD,1.33074,1.33322,1.32697,1.32843
2025-08-18,USD/SGD,SGD,1.32843,1.3377,1.32573,1.3365
2025-08-19,USD/SGD,SGD,1.3365,1.33729,1.3327,1.33507
2025-08-20,USD/SGD,SGD,1.33507,1.33699,1.32795,1.33291
2025-08-21,USD/SGD,SGD,1.33291,1.33892,1.33055,1.33655
2025-08-22,USD/SGD,SGD,1.33655,1.34429,1.33642,1.33825
2025-08-23,USD/SGD,SGD,1.33825,1.34474,1.33577,1.34038
2025-08-24,USD/SGD,SGD,1.34038,1.34421,1.32821,1.33585
2025-08-25,USD/SGD,SGD,1.33585,1.34481,1.33183,1.33432
2025-08-26,USD/SGD,SGD,1.33432,1.33846,1.33127,1.33246
2025-08-27,USD/SGD,SGD,1.33246,1.33564,1.32927,1.32932
2025-08-28,USD/SGD,SGD,1.32932,1.33302,1.32637,1.32943
2025-08-29,USD/SGD,SGD,1.32943,1.32957,1.32611,1.32634
2025-08-30,USD/SGD,SGD,1.32634,1.33319,1.31829,1.33204
2025-08-31,USD/SGD,SGD,1.33204,1.33733,1.32916,1.333
2025-09-01,USD/SGD,SGD,1.333,1.33498,1.32584,1.32994
2025-09-02,USD/SGD,SGD,1.32994,1.33488,1.32888,1.33067
2025-09-03,USD/SGD,SGD,1.33067,1.34297,1.32982,1.33898
2025-09-04,USD/SGD,SGD,1.33898,1.33988,1.32758,1.32949
2025-09-05,USD/SGD,SGD,1.32949,1.33238,1.32684,1.33215
2025-09-06,USD/SGD,SGD,1.33215,1.34676,1.33059,1.34162
2025-09-07,USD/SGD,SGD,1.34162,1.34284,1.33331,1.33614
2025-09-08,USD/SGD,SGD,1.33614,1.34134,1.33592,1.3378
2025-09-09,USD/SGD,SGD,1.3378,1.34122,1.33497,1.34091
2025-09-10,USD/SGD,SGD,1.34091,1.35096,1.33993,1.3453
2025-09-11,USD/SGD,SGD,1.3453,1.34535,1.34457,1.34511
2025-09-12,USD/SGD,SGD,1.34511,1.34749,1.344,1.34739
2025-09-13,USD/SGD,SGD,1.34739,1.34923,1.34345,1.34582
2025-09-14,USD/SGD,SGD,1.34582,1.34837,1.3433,1.34336
2025-09-15,USD/SGD,SGD,1.34336,1.34522,1.33918,1.34137
2025-09-16,USD/SGD,SGD,1.34137,1.34438,1.33958,1.34374
2025-09-17,USD/SGD,SGD,1.34374,1.34735,1.34026,1.3457
2025-09-18,USD/SGD,SGD,1.3457,1.3508,1.3423,1.34932
2025-09-19,USD/SGD,SGD,1.34932,1.36281,1.34645,1.35854
2025-09-20,USD/SGD,SGD,1.35854,1.36373,1.35816,1.36015
2025-09-21,USD/SGD,SGD,1.36015,1.36413,1.35765,1.35983
2025-09-22,USD/SGD,SGD,1.35983,1.36694,1.35352,1.3588
2025-09-23,USD/SGD,SGD,1.3588,1.3598,1.35439,1.3547
2025-09-24,USD/SGD,SGD,1.3547,1.35716,1.34923,1.3543
2025-09-25,USD/SGD,SGD,1.3543,1.35722,1.35331,1.35523
2025-09-26,USD/SGD,SGD,1.35523,1.36047,1.35197,1.35906
2025-09-27,USD/SGD,SGD,1.35906,1.36657,1.35705,1.36326
2025-09-28,USD/SGD,SGD,1.36326,1.36399,1.35841,1.36259
2025-09-29,USD/SGD,SGD,1.36259,1.36869,1.36173,1.36865
2025-09-30,USD/SGD,SGD,1.36865,1.37272,1.36456,1.36641
2025-10-01,USD/SGD,SGD,1.36641,1.36929,1.36592,1.36722
2025-10-02,USD/SGD,SGD,1.36722,1.36956,1.3657,1.36852
2025-10-03,USD/SGD,SGD,1.36852,1.37635,1.36604,1.37418
2025-10-04,USD/SGD,SGD,1.37418,1.37991,1.37096,1.37528
2025-10-05,USD/SGD,SGD,1.37528,1.37704,1.37393,1.37701
2025-10-06,USD/SGD,SGD,1.37701,1.38569,1.37312,1.38344
2025-10-07,USD/SGD,SGD,1.38344,1.38628,1.38326,1.38378
2025-10-08,USD/SGD,SGD,1.38378,1.38861,1.37819,1.38064
2025-10-09,USD/SGD,SGD,1.38064,1.38645,1.37439,1.38262
2025-10-10,USD/SGD,SGD,1.38262,1.38893,1.3826,1.38487
2025-10-11,USD/SGD,SGD,1.38487,1.38692,1.38293,1.38363
2025-10-12,USD/SGD,SGD,1.38363,1.39069,1.38144,1.38882
2025-10-13,USD/SGD,SGD,1.38882,1.39451,1.38596,1.38942
2025-10-14,USD/SGD,SGD,1.38942,1.39288,1.38737,1.38881
2025-10-15,USD/SGD,SGD,1.38881,1.38925,1.37798,1.38424
2025-10-16,USD/SGD,SGD,1.38424,1.38566,1.38272,1.38464
2025-10-17,USD/SGD,SGD,1.38464,1.38899,1.38309,1.38758
2025-10-18,USD/SGD,SGD,1.38758,1.38981,1.38574,1.38627
2025-10-19,USD/SGD,SGD,1.38627,1.39047,1.38372,1.38811
2025-10-20,USD/SGD,SGD,1.38811,1.39201,1.38723,1.39176
2025-10-21,USD/SGD,SGD,1.39176,1.39456,1.38865,1.39054
2025-10-22,USD/SGD,SGD,1.39054,1.39299,1.38633,1.38998
2025-10-23,USD/SGD,SGD,1.38998,1.39608,1.38694,1.38792
2025-10-24,USD/SGD,SGD,1.38792,1.38906,1.38265,1.38384
2025-10-25,USD/SGD,SGD,1.38384,1.38562,1.38361,1.38549
2025-10-26,USD/SGD,SGD,1.38549,1.38856,1.37835,1.38193
2025-10-27,USD/SGD,SGD,1.38193,1.38306,1.37266,1.37761
2025-10-28,USD/SGD,SGD,1.37761,1.37977,1.37291,1.37622
2025-10-29,USD/SGD,SGD,1.37622,1.38029,1.37286,1.37933
2025-10-30,USD/SGD,SGD,1.37933,1.38014,1.36716,1.37078
2025-10-31,USD/SGD,SGD,1.37078,1.37293,1.36353,1.36644
2025-11-01,USD/SGD,SGD,1.36644,1.36898,1.36442,1.36682
2025-11-02,USD/SGD,SGD,1.36682,1.36871,1.36466,1.36744
2025-11-03,USD/SGD,SGD,1.36744,1.36849,1.36267,1.36831
2025-11-04,USD/SGD,SGD,1.36831,1.37294,1.36805,1.37082
2025-11-05,USD/SGD,SGD,1.37082,1.37107,1.36276,1.37051
2025-11-06,USD/SGD,SGD,1.37051,1.37816,1.36884,1.3719
2025-11-07,USD/SGD,SGD,1.3719,1.37291,1.35838,1.36445
2025-11-08,USD/SGD,SGD,1.36445,1.3691,1.35992,1.36109
2025-11-09,USD/SGD,SGD,1.36109,1.36202,1.36075,1.36107
2025-11-10,USD/SGD,SGD,1.36107,1.36263,1.34989,1.35573
2025-11-11,USD/SGD,SGD,1.35573,1.35855,1.35139,1.35725
2025-11-12,USD/SGD,SGD,1.35725,1.35863,1.35052,1.35378
2025-11-13,USD/SGD,SGD,1.35378,1.35717,1.35163,1.35474
2025-11-14,USD/SGD,SGD,1.35474,1.35863,1.35421,1.35663
2025-11-15,USD/SGD,SGD,1.35663,1.35669,1.35238,1.35338
2025-11-16,USD/SGD,SGD,1.35338,1.36371,1.35192,1.35972
2025-11-17,USD/SGD,SGD,1.35972,1.36765,1.35718,1.36533
2025-11-18,USD/SGD,SGD,1.36533,1.37153,1.362,1.36755
2025-11-19,USD/SGD,SGD,1.36755,1.36757,1.35562,1.36221
2025-11-20,USD/SGD,SGD,1.36221,1.37062,1.36089,1.36688
2025-11-21,USD/SGD,SGD,1.36688,1.3671,1.36528,1.36543
2025-11-22,USD/SGD,SGD,1.36543,1.3676,1.36491,1.36589
2025-11-23,USD/SGD,SGD,1.36589,1.37084,1.36404,1.36947
2025-11-24,USD/SGD,SGD,1.36947,1.37875,1.36919,1.37457
2025-11-25,USD/SGD,SGD,1.37457,1.38049,1.37361,1.37826
2025-11-26,USD/SGD,SGD,1.37826,1.38299,1.37804,1.38033
2025-11-27,USD/SGD,SGD,1.38033,1.38203,1.37258,1.3797
2025-11-28,USD/SGD,SGD,1.3797,1.3828,1.37551,1.37672
2025-11-29,USD/SGD,SGD,1.37672,1.37704,1.37051,1.3725
2025-11-30,USD/SGD,SGD,1.3725,1.38083,1.36345,1.37601
2025-12-01,USD/SGD,SGD,1.37601,1.379,1.37462,1.37695
2025-12-02,USD/SGD,SGD,1.37695,1.37981,1.3719,1.3759
2025-12-03,USD/SGD,SGD,1.3759,1.38765,1.37071,1.38499
2025-12-04,USD/SGD,SGD,1.38499,1.38753,1.37858,1.38222
2025-12-05,USD/SGD,SGD,1.38222,1.38443,1.37126,1.37727
2025-12-06,USD/SGD,SGD,1.37727,1.3807,1.37519,1.37689
2025-12-07,USD/SGD,SGD,1.37689,1.37734,1.3692,1.37106
2025-12-08,USD/SGD,SGD,1.37106,1.37617,1.36868,1.37345
2025-12-09,USD/SGD,SGD,1.37345,1.37397,1.36515,1.36565
2025-12-10,USD/SGD,SGD,1.36565,1.36624,1.35794,1.36108
2025-12-11,USD/SGD,SGD,1.36108,1.36189,1.35939,1.36023
2025-12-12,USD/SGD,SGD,1.36023,1.36649,1.35418,1.35561
2025-12-13,USD/SGD,SGD,1.35561,1.36042,1.35519,1.35808
2025-12-14,USD/SGD,SGD,1.35808,1.3611,1.35376,1.36036
2025-12-15,USD/SGD,SGD,1.36036,1.36222,1.35766,1.35906
2025-12-16,USD/SGD,SGD,1.35906,1.36249,1.34921,1.35407
2025-12-17,USD/SGD,SGD,1.35407,1.36162,1.35303,1.35775
2025-12-18,USD/SGD,SGD,1.35775,1.36012,1.35335,1.35531
2025-12-19,USD/SGD,SGD,1.35531,1.35638,1.35138,1.35614
2025-12-20,USD/SGD,SGD,1.35614,1.3602,1.35407,1.35765
2025-12-21,USD/SGD,SGD,1.35765,1.36339,1.35598,1.36022
2025-12-22,USD/SGD,SGD,1.36022,1.37242,1.35888,1.36742
2025-12-23,USD/SGD,SGD,1.36742,1.37143,1.36299,1.36418
2025-12-24,USD/SGD,SGD,1.36418,1.37262,1.3629,1.36703
2025-12-25,USD/SGD,SGD,1.36703,1.37223,1.36512,1.37147
2025-12-26,USD/SGD,SGD,1.37147,1.3807,1.3702,1.37461
2025-12-27,USD/SGD,SGD,1.37461,1.37908,1.37092,1.37824
2025-12-28,USD/SGD,SGD,1.37824,1.37937,1.36861,1.36883
2025-12-29,USD/SGD,SGD,1.36883,1.36927,1.36387,1.36542
2025-12-30,USD/SGD,SGD,1.36542,1.37517,1.3614,1.36795
2025-12-31,USD/SGD,SGD,1.36795,1.36971,1.36526,1.36676
2026-01-01,USD/SGD,SGD,1.36676,1.36971,1.36576,1.36854
2026-01-02,USD/SGD,SGD,1.36854,1.37089,1.3629,1.36572
2026-01-03,USD/SGD,SGD,1.36572,1.36958,1.36558,1.36894
2026-01-04,USD/SGD,SGD,1.36894,1.3731,1.36441,1.3664
2026-01-05,USD/SGD,SGD,1.3664,1.37365,1.3645,1.36511
2026-01-06,USD/SGD,SGD,1.36511,1.37035,1.36359,1.36861
2026-01-07,USD/SGD,SGD,1.36861,1.37047,1.36816,1.36877
2026-01-08,USD/SGD,SGD,1.36877,1.37762,1.36717,1.37464
2026-01-09,USD/SGD,SGD,1.37464,1.37695,1.36753,1.37272
2026-01-10,USD/SGD,SGD,1.37272,1.37451,1.36944,1.37172
2026-01-11,USD/SGD,SGD,1.37172,1.37517,1.37112,1.37426
2026-01-12,USD/SGD,SGD,1.37426,1.37924,1.37166,1.37631
2026-01-13,USD/SGD,SGD,1.37631,1.37705,1.37068,1.37652
2026-01-14,USD/SGD,SGD,1.37652,1.38063,1.37628,1.37824
2026-01-15,USD/SGD,SGD,1.37824,1.3895,1.37713,1.38738
2026-01-16,USD/SGD,SGD,1.38738,1.38762,1.3848,1.38582
2026-01-17,USD/SGD,SGD,1.38582,1.38751,1.38003,1.38033
2026-01-18,USD/SGD,SGD,1.38033,1.39188,1.3762,1.38505
2026-01-19,USD/SGD,SGD,1.38505,1.38721,1.38152,1.38202
2026-01-20,USD/SGD,SGD,1.38202,1.38941,1.37791,1.38889
2026-01-21,USD/SGD,SGD,1.38889,1.39125,1.38477,1.38692
2026-01-22,USD/SGD,SGD,1.38692,1.38904,1.37905,1.38611
2026-01-23,USD/SGD,SGD,1.38611,1.38916,1.38353,1.38649
2026-01-24,USD/SGD,SGD,1.38649,1.39228,1.37829,1.38321
2026-01-25,USD/SGD,SGD,1.38321,1.38396,1.37853,1.3804
2026-01-26,USD/SGD,SGD,1.3804,1.38669,1.37873,1.38621
2026-01-27,USD/SGD,SGD,1.38621,1.39085,1.38568,1.38686
2026-01-28,USD/SGD,SGD,1.38686,1.39164,1.37934,1.38312
2026-01-29,USD/SGD,SGD,1.38312,1.38744,1.38124,1.38644
2026-01-30,USD/SGD,SGD,1.38644,1.38671,1.38289,1.38363
2026-01-31,USD/SGD,SGD,1.38363,1.38782,1.37779,1.38255
2026-02-01,USD/SGD,SGD,1.38255,1.38356,1.37389,1.37629
2026-02-02,USD/SGD,SGD,1.37629,1.37724,1.37465,1.3753
2026-02-03,USD/SGD,SGD,1.3753,1.37824,1.3744,1.37616
2026-02-04,USD/SGD,SGD,1.37616,1.3781,1.36921,1.37364
2026-02-05,USD/SGD,SGD,1.37364,1.37968,1.3679,1.37033
2026-02-06,USD/SGD,SGD,1.37033,1.37131,1.36539,1.36573
2026-02-07,USD/SGD,SGD,1.36573,1.37004,1.36327,1.36495
2026-02-08,USD/SGD,SGD,1.36495,1.36625,1.36136,1.3629
2026-02-09,USD/SGD,SGD,1.3629,1.36715,1.35742,1.36621
2026-02-10,USD/SGD,SGD,1.36621,1.37091,1.35931,1.366
2026-02-11,USD/SGD,SGD,1.366,1.36649,1.36149,1.36228
2026-02-12,USD/SGD,SGD,1.36228,1.36316,1.35986,1.36115
2026-02-13,USD/SGD,SGD,1.36115,1.36929,1.35664,1.36694
2026-02-14,USD/SGD,SGD,1.36694,1.36791,1.36243,1.3629
2026-02-15,USD/SGD,SGD,1.3629,1.36842,1.36223,1.36422
2026-02-16,USD/SGD,SGD,1.36422,1.36585,1.35721,1.36264
2026-02-17,USD/SGD,SGD,1.36264,1.36305,1.3589,1.36171
2026-02-18,USD/SGD,SGD,1.36171,1.36896,1.36129,1.36571
2026-02-19,USD/SGD,SGD,1.36571,1.37095,1.36568,1.36681
2026-02-20,USD/SGD,SGD,1.36681,1.37251,1.36643,1.37036
2026-02-21,USD/SGD,SGD,1.37036,1.37476,1.36583,1.36615
2026-02-22,USD/SGD,SGD,1.36615,1.36897,1.36177,1.36405
2026-02-23,USD/SGD,SGD,1.36405,1.36759,1.36176,1.36332
2026-02-24,USD/SGD,SGD,1.36332,1.36563,1.35642,1.3594
2026-02-25,USD/SGD,SGD,1.3594,1.36297,1.35883,1.35885
2026-02-26,USD/SGD,SGD,1.35885,1.36349,1.35546,1.35714
2026-02-27,USD/SGD,SGD,1.35714,1.35749,1.35307,1.35414
2026-02-28,USD/SGD,SGD,1.35414,1.35777,1.35397,1.3573
2026-03-01,USD/SGD,SGD,1.3573,1.36553,1.35459,1.35911
2026-03-02,USD/SGD,SGD,1.35911,1.35912,1.35715,1.35875
2026-03-03,USD/SGD,SGD,1.35875,1.36043,1.35276,1.35511
2026-03-04,USD/SGD,SGD,1.35511,1.36082,1.35106,1.35756
2026-03-05,USD/SGD,SGD,1.35756,1.36045,1.35756,1.36039
2026-03-06,USD/SGD,SGD,1.36039,1.36121,1.35493,1.35824
2026-03-07,USD/SGD,SGD,1.35824,1.36291,1.35341,1.35554
2026-03-08,USD/SGD,SGD,1.35554,1.36015,1.35331,1.35674
2026-03-09,USD/SGD,SGD,1.35674,1.35895,1.35247,1.35345
2026-03-10,USD/SGD,SGD,1.35345,1.35543,1.35012,1.35242
2026-03-11,USD/SGD,SGD,1.35242,1.35292,1.35057,1.35152
2026-03-12,USD/SGD,SGD,1.35152,1.35742,1.34671,1.35588
2026-03-13,USD/SGD,SGD,1.35588,1.35968,1.35456,1.35784
2026-03-14,USD/SGD,SGD,1.35784,1.35787,1.35211,1.35213
2026-03-15,USD/SGD,SGD,1.35213,1.35653,1.34759,1.34786
2026-03-16,USD/SGD,SGD,1.34786,1.34912,1.3467,1.34695
2026-03-17,USD/SGD,SGD,1.34695,1.34826,1.34116,1.34276
2026-03-18,USD/SGD,SGD,1.34276,1.34779,1.34,1.34142
2026-03-19,USD/SGD,SGD,1.34142,1.34222,1.33642,1.33737
2026-03-20,USD/SGD,SGD,1.33737,1.33965,1.32782,1.33114
2026-03-21,USD/SGD,SGD,1.33114,1.33707,1.32742,1.33692
2026-03-22,USD/SGD,SGD,1.33692,1.33796,1.33145,1.33262
2026-03-23,USD/SGD,SGD,1.33262,1.33743,1.33015,1.33223
2026-03-24,USD/SGD,SGD,1.33223,1.33667,1.33143,1.33243
2026-03-25,USD/SGD,SGD,1.33243,1.33394,1.32295,1.32641
2026-03-26,USD/SGD,SGD,1.32641,1.33406,1.31759,1.33161
2026-03-27,USD/SGD,SGD,1.33161,1.33944,1.33155,1.33705
2026-03-28,USD/SGD,SGD,1.33705,1.3422,1.33573,1.33985
2026-03-29,USD/SGD,SGD,1.33985,1.34489,1.33875,1.34452
2026-03-30,USD/SGD,SGD,1.34452,1.3471,1.34209,1.34318
2026-03-31,USD/SGD,SGD,1.34318,1.34665,1.33701,1.34425
2026-04-01,USD/SGD,SGD,1.34425,1.34605,1.33923,1.34539
2026-04-02,USD/SGD,SGD,1.34539,1.35009,1.33938,1.33961
2026-04-03,USD/SGD,SGD,1.33961,1.34645,1.33793,1.34142
2026-04-04,USD/SGD,SGD,1.34142,1.34362,1.33996,1.34289
2026-04-05,USD/SGD,SGD,1.34289,1.34504,1.34262,1.34276
2026-04-06,USD/SGD,SGD,1.34276,1.34405,1.33359,1.33395
2026-04-07,USD/SGD,SGD,1.33395,1.33461,1.32839,1.33267
2026-04-08,USD/SGD,SGD,1.33267,1.34015,1.33223,1.33984
2026-04-09,USD/SGD,SGD,1.33984,1.33991,1.33204,1.33619
2026-04-10,USD/SGD,SGD,1.33619,1.3426,1.33455,1.34004
2026-04-11,USD/SGD,SGD,1.34004,1.34439,1.33806,1.33867
2026-04-12,USD/SGD,SGD,1.33867,1.34181,1.33683,1.33776
2026-04-13,USD/SGD,SGD,1.33776,1.34737,1.33639,1.34377
2026-04-14,USD/SGD,SGD,1.34377,1.34794,1.33292,1.33699
2026-04-15,USD/SGD,SGD,1.33699,1.34151,1.33071,1.33185
2026-04-16,USD/SGD,SGD,1.33185,1.33724,1.32783,1.33242
2026-04-17,USD/SGD,SGD,1.33242,1.33624,1.33058,1.33482
2026-04-18,USD/SGD,SGD,1.33482,1.33499,1.33061,1.3333
2026-04-19,USD/SGD,SGD,1.3333,1.3344,1.33013,1.33203
2026-04-20,USD/SGD,SGD,1.33203,1.33348,1.33053,1.33251
2026-04-21,USD/SGD,SGD,1.33251,1.33285,1.32604,1.32643
2026-04-22,USD/SGD,SGD,1.32643,1.32695,1.32055,1.32525
2026-04-23,USD/SGD,SGD,1.32525,1.32847,1.32379,1.32655
2026-04-24,USD/SGD,SGD,1.32655,1.33098,1.32513,1.33038
2026-04-25,USD/SGD,SGD,1.33038,1.33299,1.32568,1.33094
2026-04-26,USD/SGD,SGD,1.33094,1.33567,1.32026,1.32758
2026-04-27,USD/SGD,SGD,1.32758,1.33107,1.32676,1.32703
2026-04-28,USD/SGD,SGD,1.32703,1.32742,1.32445,1.3255
2026-04-29,USD/SGD,SGD,1.3255,1.32762,1.32221,1.32559
2026-04-30,USD/SGD,SGD,1.32559,1.33124,1.32147,1.33085
2026-05-01,USD/SGD,SGD,1.33085,1.33139,1.32736,1.32887
2026-05-02,USD/SGD,SGD,1.32887,1.33116,1.32357,1.32509
2026-05-03,USD/SGD,SGD,1.32509,1.3304,1.32113,1.32855
2026-05-04,USD/SGD,SGD,1.32855,1.34309,1.32775,1.34074
2026-05-05,USD/SGD,SGD,1.34074,1.34435,1.33813,1.34397
2026-05-06,USD/SGD,SGD,1.34397,1.34482,1.34363,1.34455
2026-05-07,USD/SGD,SGD,1.34455,1.35038,1.33625,1.33907
2026-05-08,USD/SGD,SGD,1.33907,1.33971,1.33107,1.33394
2026-05-09,USD/SGD,SGD,1.33394,1.336,1.33075,1.33372
2026-05-10,USD/SGD,SGD,1.33372,1.33765,1.33358,1.33674
2026-05-11,USD/SGD,SGD,1.33674,1.34351,1.33503,1.33824
2026-05-12,USD/SGD,SGD,1.33824,1.34436,1.33154,1.33275
2026-05-13,USD/SGD,SGD,1.33275,1.33505,1.33016,1.33204
2026-05-14,USD/SGD,SGD,1.33204,1.34331,1.32741,1.34049
2026-05-15,USD/SGD,SGD,1.34049,1.34971,1.33965,1.34611
2026-05-16,USD/SGD,SGD,1.34611,1.34728,1.34016,1.34724
2026-05-17,USD/SGD,SGD,1.34724,1.34768,1.34292,1.34421
2026-05-18,USD/SGD,SGD,1.34421,1.35081,1.33524,1.33879
2026-05-19,USD/SGD,SGD,1.33879,1.34481,1.33759,1.33959
2026-05-20,USD/SGD,SGD,1.33959,1.34362,1.33782,1.34114
2026-05-21,USD/SGD,SGD,1.34114,1.34463,1.33602,1.3401
2026-05-22,USD/SGD,SGD,1.3401,1.34033,1.33733,1.33788
2026-05-23,USD/SGD,SGD,1.33788,1.34021,1.33731,1.34017
2026-05-24,USD/SGD,SGD,1.34017,1.34052,1.33534,1.33923
2026-05-25,USD/SGD,SGD,1.33923,1.34373,1.33706,1.34163
2026-05-26,USD/SGD,SGD,1.34163,1.34258,1.33776,1.34102
2026-05-27,USD/SGD,SGD,1.34102,1.35415,1.34076,1.34576
2026-05-28,USD/SGD,SGD,1.34576,1.35415,1.34455,1.35003
2026-05-29,USD/SGD,SGD,1.35003,1.35115,1.34457,1.34743
2026-05-30,USD/SGD,SGD,1.34743,1.35429,1.34448,1.34815
2026-05-31,USD/SGD,SGD,1.34815,1.35316,1.34287,1.3518
2026-06-01,USD/SGD,SGD,1.3518,1.35919,1.34422,1.35815
2026-06-02,USD/SGD,SGD,1.35815,1.36114,1.35622,1.35821
2026-06-03,USD/SGD,SGD,1.35821,1.3631,1.34478,1.3496
2026-06-04,USD/SGD,SGD,1.3496,1.35029,1.34545,1.34574
2026-06-05,USD/SGD,SGD,1.34574,1.35103,1.34146,1.34209
2026-06-06,USD/SGD,SGD,1.34209,1.34326,1.34019,1.34086
2026-06-07,USD/SGD,SGD,1.34086,1.34711,1.34035,1.3462
2026-06-08,USD/SGD,SGD,1.3462,1.35059,1.34435,1.34891
2026-06-09,USD/SGD,SGD,1.34891,1.3509,1.3455,1.34925
2026-06-10,USD/SGD,SGD,1.34925,1.35834,1.34707,1.354
2026-06-11,USD/SGD,SGD,1.354,1.35665,1.35234,1.3547
2026-06-12,USD/SGD,SGD,1.3547,1.357,1.35025,1.3565
2026-06-13,USD/SGD,SGD,1.3565,1.36157,1.35365,1.35822
2026-06-14,USD/SGD,SGD,1.35822,1.35871,1.35147,1.35564
2026-06-15,USD/SGD,SGD,1.35564,1.36078,1.35256,1.3575
2026-06-16,USD/SGD,SGD,1.3575,1.3587,1.3541,1.35519
2026-06-17,USD/SGD,SGD,1.35519,1.35874,1.35111,1.35197
2026-06-18,USD/SGD,SGD,1.35197,1.3585,1.35114,1.35125
2026-06-19,USD/SGD,SGD,1.35125,1.36165,1.34649,1.35809
2026-06-20,USD/SGD,SGD,1.35809,1.3617,1.34848,1.3538
2026-06-21,USD/SGD,SGD,1.3538,1.3552,1.34727,1.35081
2026-06-22,USD/SGD,SGD,1.35081,1.35298,1.34326,1.34393
2026-06-23,USD/SGD,SGD,1.34393,1.34816,1.33899,1.34394
2026-06-24,USD/SGD,SGD,1.34394,1.34555,1.33765,1.34202
2026-06-25,USD/SGD,SGD,1.34202,1.3429,1.3403,1.34128
2026-06-26,USD/SGD,SGD,1.34128,1.34332,1.33788,1.34183
2026-06-27,USD/SGD,SGD,1.34183,1.34289,1.34114,1.34255
2026-06-28,USD/SGD,SGD,1.34255,1.34662,1.33858,1.34279
2026-06-29,USD/SGD,SGD,1.34279,1.34525,1.33197,1.33444
2026-06-30,USD/SGD,SGD,1.33444,1.33848,1.32806,1.33757
2026-07-01,USD/SGD,SGD,1.33757,1.33808,1.33329,1.33369
2026-07-02,USD/SGD,SGD,1.33369,1.3348,1.3328,1.33284
2026-07-03,USD/SGD,SGD,1.33284,1.33517,1.3299,1.33326
2026-07-04,USD/SGD,SGD,1.33326,1.33723,1.32932,1.33162
2026-07-05,USD/SGD,SGD,1.33162,1.33459,1.33017,1.3303
2026-07-06,USD/SGD,SGD,1.3303,1.33402,1.32724,1.32958
2026-07-07,USD/SGD,SGD,1.32958,1.32988,1.32272,1.32712
2026-07-08,USD/SGD,SGD,1.32712,1.33384,1.32186,1.32899
2026-07-09,USD/SGD,SGD,1.32899,1.3326,1.32679,1.32872
2026-07-10,USD/SGD,SGD,1.32872,1.32935,1.32662,1.32885
2026-07-11,USD/SGD,SGD,1.32885,1.34381,1.32802,1.33531
2026-07-12,USD/SGD,SGD,1.33531,1.33689,1.33453,1.3366
2026-07-13,USD/SGD,SGD,1.3366,1.33985,1.33007,1.33346
2026-07-14,USD/SGD,SGD,1.33346,1.3365,1.32576,1.33495
2026-07-15,USD/SGD,SGD,1.33495,1.3367,1.33092,1.33658
2026-07-16,USD/SGD,SGD,1.33658,1.34238,1.32991,1.33795
2026-07-17,USD/SGD,SGD,1.33795,1.33982,1.33241,1.33523
2026-07-18,USD/SGD,SGD,1.33523,1.33862,1.33121,1.33517
2026-07-19,USD/SGD,SGD,1.33517,1.34091,1.32913,1.33875
2026-07-20,USD/SGD,SGD,1.33875,1.34396,1.33758,1.34368
2026-07-21,USD/SGD,SGD,1.34368,1.34752,1.33684,1.3404
2026-07-22,USD/SGD,SGD,1.3404,1.34597,1.33748,1.3435
2026-07-23,USD/SGD,SGD,1.3435,1.35163,1.34153,1.35093
2026-07-24,USD/SGD,SGD,1.35093,1.35734,1.34144,1.34513
2026-07-25,USD/SGD,SGD,1.34513,1.35197,1.34326,1.34896
2026-07-26,USD/SGD,SGD,1.34896,1.35502,1.34512,1.35191
2026-07-27,USD/SGD,SGD,1.35191,1.35919,1.34907,1.35601
2026-07-28,USD/SGD,SGD,1.35601,1.3665,1.35412,1.36206
2026-07-29,USD/SGD,SGD,1.36206,1.36646,1.36125,1.36386
2026-07-30,USD/SGD,SGD,1.36386,1.36532,1.36131,1.36475
2026-07-31,USD/SGD,SGD,1.36475,1.36546,1.36035,1.36385
2026-08-01,USD/SGD,SGD,1.36385,1.36925,1.36034,1.36684
2026-08-02,USD/SGD,SGD,1.36684,1.37152,1.36292,1.36882
2026-08-03,USD/SGD,SGD,1.36882,1.3716,1.3661,1.36852
2026-08-04,USD/SGD,SGD,1.36852,1.37746,1.36598,1.37161
2026-08-05,USD/SGD,SGD,1.37161,1.37304,1.36459,1.36598
2026-08-06,USD/SGD,SGD,1.36598,1.36779,1.36105,1.36503
2026-08-07,USD/SGD,SGD,1.36503,1.36881,1.35454,1.35619
2026-08-08,USD/SGD,SGD,1.35619,1.35779,1.35118,1.35587
2026-08-09,USD/SGD,SGD,1.35587,1.3559,1.34957,1.35117
2026-08-10,USD/SGD,SGD,1.35117,1.35395,1.3446,1.34504
2026-08-11,USD/SGD,SGD,1.34504,1.3475,1.34063,1.34168
2026-08-12,USD/SGD,SGD,1.34168,1.34512,1.33844,1.34409
2026-08-13,USD/SGD,SGD,1.34409,1.34786,1.33453,1.34031
2026-08-14,USD/SGD,SGD,1.34031,1.34425,1.33259,1.33781
2026-08-15,USD/SGD,SGD,1.33781,1.34284,1.33705,1.34181
2026-08-16,USD/SGD,SGD,1.34181,1.34486,1.34065,1.34119
2026-08-17,USD/SGD,SGD,1.34119,1.35037,1.338,1.34996
2026-08-18,USD/SGD,SGD,1.34996,1.35309,1.34819,1.35298
2026-08-19,USD/SGD,SGD,1.35298,1.35576,1.35125,1.35421
2026-08-20,USD/SGD,SGD,1.35421,1.35857,1.34793,1.35482
2026-08-21,USD/SGD,SGD,1.35482,1.3637,1.35291,1.35803
2026-08-22,USD/SGD,SGD,1.35803,1.36475,1.3553,1.36067
2026-08-23,USD/SGD,SGD,1.36067,1.36597,1.35583,1.35879
2026-08-24,USD/SGD,SGD,1.35879,1.36344,1.35004,1.35366
2026-08-25,USD/SGD,SGD,1.35366,1.35541,1.35233,1.35528
2026-08-26,USD/SGD,SGD,1.35528,1.36112,1.35455,1.35632
2026-08-27,USD/SGD,SGD,1.35632,1.36726,1.35626,1.36452
2026-08-28,USD/SGD,SGD,1.36452,1.36784,1.3626,1.36307
2026-08-29,USD/SGD,SGD,1.36307,1.36624,1.35644,1.36463
2026-08-30,USD/SGD,SGD,1.36463,1.3699,1.36443,1.36638
2026-08-31,USD/SGD,SGD,1.36638,1.38015,1.36476,1.37277
2026-09-01,USD/SGD,SGD,1.37277,1.37446,1.36807,1.36893
2026-09-02,USD/SGD,SGD,1.36893,1.3728,1.36752,1.37065
2026-09-03,USD/SGD,SGD,1.37065,1.37261,1.36942,1.37065
2026-09-04,USD/SGD,SGD,1.37065,1.38089,1.36901,1.37774
2026-09-05,USD/SGD,SGD,1.37774,1.38284,1.37618,1.38169
2026-09-06,USD/SGD,SGD,1.38169,1.38208,1.37746,1.37877
2026-09-07,USD/SGD,SGD,1.37877,1.38488,1.37629,1.3834
2026-09-08,USD/SGD,SGD,1.3834,1.39231,1.38293,1.3909
2026-09-09,USD/SGD,SGD,1.3909,1.39618,1.38705,1.39263
2026-09-10,USD/SGD,SGD,1.39263,1.39996,1.39051,1.39509
2026-09-11,USD/SGD,SGD,1.39509,1.39557,1.39426,1.39545
2026-09-12,USD/SGD,SGD,1.39545,1.39579,1.3853,1.38974
2026-09-13,USD/SGD,SGD,1.38974,1.39774,1.38397,1.3911
2026-09-14,USD/SGD,SGD,1.3911,1.39597,1.38802,1.39426
2026-09-15,USD/SGD,SGD,1.39426,1.40022,1.39154,1.3992
2026-09-16,USD/SGD,SGD,1.3992,1.40759,1.39662,1.39852
2026-09-17,USD/SGD,SGD,1.39852,1.40551,1.39333,1.40532
2026-09-18,USD/SGD,SGD,1.40532,1.40818,1.40201,1.40719
2026-09-19,USD/SGD,SGD,1.40719,1.40727,1.40243,1.40353
2026-09-20,USD/SGD,SGD,1.40353,1.40684,1.39225,1.39379
2026-09-21,USD/SGD,SGD,1.39379,1.39673,1.38849,1.38857
2026-09-22,USD/SGD,SGD,1.38857,1.39463,1.38856,1.39327
2026-09-23,USD/SGD,SGD,1.39327,1.39477,1.39135,1.39264
2026-09-24,USD/SGD,SGD,1.39264,1.39455,1.38884,1.38929
2026-09-25,USD/SGD,SGD,1.38929,1.39279,1.38894,1.38939
2026-09-26,USD/SGD,SGD,1.38939,1.39129,1.38805,1.38943
2026-09-27,USD/SGD,SGD,1.38943,1.39356,1.38762,1.39076
2026-09-28,USD/SGD,SGD,1.39076,1.39323,1.38816,1.38895
2026-09-29,USD/SGD,SGD,1.38895,1.39301,1.38013,1.3854
2026-09-30,USD/SGD,SGD,1.3854,1.39235,1.37954,1.38841
2024-09-30,USD/AUD,AUD,1.52,1.52631,1.50904,1.50948
2024-10-01,USD/AUD,AUD,1.50948,1.51049,1.50361,1.50704
2024-10-02,USD/AUD,AUD,1.50704,1.51146,1.49744,1.50095
2024-10-03,USD/AUD,AUD,1.50095,1.5041,1.47316,1.48946
2024-10-04,USD/AUD,AUD,1.48946,1.49562,1.47989,1.48302
2024-10-05,USD/AUD,AUD,1.48302,1.48996,1.47699,1.48646
2024-10-06,USD/AUD,AUD,1.48646,1.4971,1.48201,1.48516
2024-10-07,USD/AUD,AUD,1.48516,1.48809,1.47917,1.48677
2024-10-08,USD/AUD,AUD,1.48677,1.48764,1.4826,1.48491
2024-10-09,USD/AUD,AUD,1.48491,1.50579,1.4786,1.50126
2024-10-10,USD/AUD,AUD,1.50126,1.50717,1.49658,1.50709
2024-10-11,USD/AUD,AUD,1.50709,1.5099,1.49227,1.50193
2024-10-12,USD/AUD,AUD,1.50193,1.50994,1.48795,1.49519
2024-10-13,USD/AUD,AUD,1.49519,1.50364,1.49202,1.4994
2024-10-14,USD/AUD,AUD,1.4994,1.50846,1.4961,1.50057
2024-10-15,USD/AUD,AUD,1.50057,1.50537,1.49343,1.50133
2024-10-16,USD/AUD,AUD,1.50133,1.52245,1.50057,1.5223
2024-10-17,USD/AUD,AUD,1.5223,1.536,1.52209,1.53095
2024-10-18,USD/AUD,AUD,1.53095,1.54019,1.52789,1.5319
2024-10-19,USD/AUD,AUD,1.5319,1.53796,1.52516,1.53551
2024-10-20,USD/AUD,AUD,1.53551,1.54318,1.52888,1.53472
2024-10-21,USD/AUD,AUD,1.53472,1.54968,1.53382,1.54469
2024-10-22,USD/AUD,AUD,1.54469,1.57115,1.54404,1.55199
2024-10-23,USD/AUD,AUD,1.55199,1.55527,1.5394,1.54288
2024-10-24,USD/AUD,AUD,1.54288,1.54382,1.52968,1.53178
2024-10-25,USD/AUD,AUD,1.53178,1.54968,1.52701,1.54241
2024-10-26,USD/AUD,AUD,1.54241,1.54752,1.52356,1.52744
2024-10-27,USD/AUD,AUD,1.52744,1.53877,1.52317,1.52925
2024-10-28,USD/AUD,AUD,1.52925,1.54034,1.52125,1.52127
2024-10-29,USD/AUD,AUD,1.52127,1.53564,1.51493,1.51585
2024-10-30,USD/AUD,AUD,1.51585,1.53333,1.51296,1.52472
2024-10-31,USD/AUD,AUD,1.52472,1.53042,1.5224,1.52543
2024-11-01,USD/AUD,AUD,1.52543,1.52671,1.5138,1.52398
2024-11-02,USD/AUD,AUD,1.52398,1.52925,1.52102,1.52662
2024-11-03,USD/AUD,AUD,1.52662,1.53133,1.52486,1.53087
2024-11-04,USD/AUD,AUD,1.53087,1.53845,1.52467,1.53207
2024-11-05,USD/AUD,AUD,1.53207,1.5363,1.52939,1.53046
2024-11-06,USD/AUD,AUD,1.53046,1.53335,1.52946,1.53074
2024-11-07,USD/AUD,AUD,1.53074,1.54053,1.52999,1.54002
2024-11-08,USD/AUD,AUD,1.54002,1.54174,1.52871,1.53004
2024-11-09,USD/AUD,AUD,1.53004,1.53016,1.52202,1.52438
2024-11-10,USD/AUD,AUD,1.52438,1.52564,1.51913,1.52497
2024-11-11,USD/AUD,AUD,1.52497,1.5254,1.51579,1.52228
2024-11-12,USD/AUD,AUD,1.52228,1.52772,1.52009,1.52408
2024-11-13,USD/AUD,AUD,1.52408,1.54091,1.52108,1.53584
2024-11-14,USD/AUD,AUD,1.53584,1.54889,1.52989,1.5409
2024-11-15,USD/AUD,AUD,1.5409,1.55082,1.5349,1.54488
2024-11-16,USD/AUD,AUD,1.54488,1.54575,1.5341,1.53448
2024-11-17,USD/AUD,AUD,1.53448,1.53904,1.52051,1.53077
2024-11-18,USD/AUD,AUD,1.53077,1.53344,1.51814,1.52713
2024-11-19,USD/AUD,AUD,1.52713,1.54497,1.5239,1.53745
2024-11-20,USD/AUD,AUD,1.53745,1.54737,1.53132,1.54378
2024-11-21,USD/AUD,AUD,1.54378,1.55018,1.53081,1.54857
2024-11-22,USD/AUD,AUD,1.54857,1.55222,1.54379,1.55143
2024-11-23,USD/AUD,AUD,1.55143,1.55604,1.53865,1.54628
2024-11-24,USD/AUD,AUD,1.54628,1.5496,1.53785,1.54645
2024-11-25,USD/AUD,AUD,1.54645,1.55357,1.52978,1.53008
2024-11-26,USD/AUD,AUD,1.53008,1.5377,1.52592,1.53313
2024-11-27,USD/AUD,AUD,1.53313,1.54973,1.52759,1.53654
2024-11-28,USD/AUD,AUD,1.53654,1.54641,1.53322,1.54534
2024-11-29,USD/AUD,AUD,1.54534,1.54806,1.52858,1.53996
2024-11-30,USD/AUD,AUD,1.53996,1.54306,1.53401,1.53498
2024-12-01,USD/AUD,AUD,1.53498,1.53794,1.5349,1.53594
2024-12-02,USD/AUD,AUD,1.53594,1.54679,1.52879,1.53196
2024-12-03,USD/AUD,AUD,1.53196,1.53453,1.52031,1.52531
2024-12-04,USD/AUD,AUD,1.52531,1.53597,1.52457,1.53179
2024-12-05,USD/AUD,AUD,1.53179,1.53591,1.51995,1.52824
2024-12-06,USD/AUD,AUD,1.52824,1.53607,1.52138,1.53511
2024-12-07,USD/AUD,AUD,1.53511,1.5399,1.52921,1.52944
2024-12-08,USD/AUD,AUD,1.52944,1.53876,1.51704,1.53684
2024-12-09,USD/AUD,AUD,1.53684,1.5377,1.53433,1.53558
2024-12-10,USD/AUD,AUD,1.53558,1.53678,1.53092,1.53129
2024-12-11,USD/AUD,AUD,1.53129,1.53356,1.52879,1.53116
2024-12-12,USD/AUD,AUD,1.53116,1.53877,1.52478,1.52785
2024-12-13,USD/AUD,AUD,1.52785,1.54035,1.52496,1.53359
2024-12-14,USD/AUD,AUD,1.53359,1.54879,1.53246,1.54004
2024-12-15,USD/AUD,AUD,1.54004,1.54934,1.53368,1.53882
2024-12-16,USD/AUD,AUD,1.53882,1.54088,1.53357,1.5345
2024-12-17,USD/AUD,AUD,1.5345,1.54332,1.53251,1.53768
2024-12-18,USD/AUD,AUD,1.53768,1.53925,1.53214,1.53615
2024-12-19,USD/AUD,AUD,1.53615,1.54264,1.52635,1.53215
2024-12-20,USD/AUD,AUD,1.53215,1.53244,1.52122,1.52546
2024-12-21,USD/AUD,AUD,1.52546,1.52603,1.51119,1.51943
2024-12-22,USD/AUD,AUD,1.51943,1.53066,1.51008,1.51258
2024-12-23,USD/AUD,AUD,1.51258,1.51486,1.50446,1.50754
2024-12-24,USD/AUD,AUD,1.50754,1.51503,1.50224,1.51433
2024-12-25,USD/AUD,AUD,1.51433,1.52009,1.4996,1.50049
2024-12-26,USD/AUD,AUD,1.50049,1.50769,1.49909,1.50276
2024-12-27,USD/AUD,AUD,1.50276,1.50426,1.49306,1.49859
2024-12-28,USD/AUD,AUD,1.49859,1.51016,1.49288,1.50476
2024-12-29,USD/AUD,AUD,1.50476,1.50491,1.49846,1.50202
2024-12-30,USD/AUD,AUD,1.50202,1.51099,1.49983,1.5091
2024-12-31,USD/AUD,AUD,1.5091,1.51544,1.48531,1.50054
2025-01-01,USD/AUD,AUD,1.50054,1.51129,1.49821,1.50622
2025-01-02,USD/AUD,AUD,1.50622,1.51524,1.50588,1.51489
2025-01-03,USD/AUD,AUD,1.51489,1.53466,1.50756,1.51725
2025-01-04,USD/AUD,AUD,1.51725,1.52709,1.51647,1.52209
2025-01-05,USD/AUD,AUD,1.52209,1.52659,1.5158,1.51656
2025-01-06,USD/AUD,AUD,1.51656,1.51701,1.50432,1.50893
2025-01-07,USD/AUD,AUD,1.50893,1.51468,1.50879,1.51001
2025-01-08,USD/AUD,AUD,1.51001,1.51544,1.50788,1.51515
2025-01-09,USD/AUD,AUD,1.51515,1.52039,1.50911,1.51658
2025-01-10,USD/AUD,AUD,1.51658,1.52561,1.51345,1.51841
2025-01-11,USD/AUD,AUD,1.51841,1.52235,1.51593,1.51885
2025-01-12,USD/AUD,AUD,1.51885,1.53515,1.51035,1.52404
2025-01-13,USD/AUD,AUD,1.52404,1.53928,1.52184,1.53098
2025-01-14,USD/AUD,AUD,1.53098,1.53647,1.52668,1.5286
2025-01-15,USD/AUD,AUD,1.5286,1.54165,1.52516,1.53003
2025-01-16,USD/AUD,AUD,1.53003,1.54195,1.52639,1.53999
2025-01-17,USD/AUD,AUD,1.53999,1.54872,1.53979,1.54558
2025-01-18,USD/AUD,AUD,1.54558,1.5508,1.54098,1.54747
2025-01-19,USD/AUD,AUD,1.54747,1.55406,1.54703,1.55281
2025-01-20,USD/AUD,AUD,1.55281,1.5563,1.54482,1.55481
2025-01-21,USD/AUD,AUD,1.55481,1.56454,1.55368,1.56386
2025-01-22,USD/AUD,AUD,1.56386,1.56827,1.55954,1.56694
2025-01-23,USD/AUD,AUD,1.56694,1.57484,1.55932,1.57078
2025-01-24,USD/AUD,AUD,1.57078,1.57798,1.56443,1.57707
2025-01-25,USD/AUD,AUD,1.57707,1.59031,1.57438,1.58895
2025-01-26,USD/AUD,AUD,1.58895,1.59089,1.57574,1.57658
2025-01-27,USD/AUD,AUD,1.57658,1.57916,1.56307,1.56588
2025-01-28,USD/AUD,AUD,1.56588,1.58813,1.56343,1.58489
2025-01-29,USD/AUD,AUD,1.58489,1.59218,1.57658,1.57869
2025-01-30,USD/AUD,AUD,1.57869,1.58271,1.56577,1.57359
2025-01-31,USD/AUD,AUD,1.57359,1.58819,1.57038,1.57807
2025-02-01,USD/AUD,AUD,1.57807,1.5876,1.56835,1.58264
2025-02-02,USD/AUD,AUD,1.58264,1.59383,1.57749,1.59131
2025-02-03,USD/AUD,AUD,1.59131,1.59575,1.57927,1.58501
2025-02-04,USD/AUD,AUD,1.58501,1.6026,1.58015,1.58244
2025-02-05,USD/AUD,AUD,1.58244,1.58877,1.57569,1.5779
2025-02-06,USD/AUD,AUD,1.5779,1.59212,1.572,1.58593
2025-02-07,USD/AUD,AUD,1.58593,1.60541,1.58142,1.60101
2025-02-08,USD/AUD,AUD,1.60101,1.6053,1.59662,1.60228
2025-02-09,USD/AUD,AUD,1.60228,1.60469,1.58132,1.59147
2025-02-10,USD/AUD,AUD,1.59147,1.59515,1.58359,1.58648
2025-02-11,USD/AUD,AUD,1.58648,1.58786,1.5757,1.58689
2025-02-12,USD/AUD,AUD,1.58689,1.59078,1.58051,1.58427
2025-02-13,USD/AUD,AUD,1.58427,1.59352,1.58082,1.5886
2025-02-14,USD/AUD,AUD,1.5886,1.59028,1.56756,1.57372
2025-02-15,USD/AUD,AUD,1.57372,1.57972,1.57313,1.57433
2025-02-16,USD/AUD,AUD,1.57433,1.58381,1.57054,1.57335
2025-02-17,USD/AUD,AUD,1.57335,1.58052,1.56007,1.56038
2025-02-18,USD/AUD,AUD,1.56038,1.57705,1.54634,1.55389
2025-02-19,USD/AUD,AUD,1.55389,1.5619,1.5505,1.55898
2025-02-20,USD/AUD,AUD,1.55898,1.56598,1.55783,1.56202
2025-02-21,USD/AUD,AUD,1.56202,1.57055,1.54681,1.5556
2025-02-22,USD/AUD,AUD,1.5556,1.56449,1.55286,1.56427
2025-02-23,USD/AUD,AUD,1.56427,1.56963,1.55658,1.5655
2025-02-24,USD/AUD,AUD,1.5655,1.57278,1.56518,1.56775
2025-02-25,USD/AUD,AUD,1.56775,1.58828,1.56262,1.58061
2025-02-26,USD/AUD,AUD,1.58061,1.59031,1.57402,1.58632
2025-02-27,USD/AUD,AUD,1.58632,1.59406,1.58271,1.58311
2025-02-28,USD/AUD,AUD,1.58311,1.58912,1.57324,1.57733
2025-03-01,USD/AUD,AUD,1.57733,1.5958,1.57528,1.59502
2025-03-02,USD/AUD,AUD,1.59502,1.60561,1.58162,1.58629
2025-03-03,USD/AUD,AUD,1.58629,1.59853,1.58287,1.59661
2025-03-04,USD/AUD,AUD,1.59661,1.60537,1.58863,1.60196
2025-03-05,USD/AUD,AUD,1.60196,1.61007,1.5949,1.59745
2025-03-06,USD/AUD,AUD,1.59745,1.60175,1.57445,1.58463
2025-03-07,USD/AUD,AUD,1.58463,1.59312,1.57192,1.59298
2025-03-08,USD/AUD,AUD,1.59298,1.5988,1.58447,1.59572
2025-03-09,USD/AUD,AUD,1.59572,1.60844,1.59403,1.60782
2025-03-10,USD/AUD,AUD,1.60782,1.61657,1.59744,1.60497
2025-03-11,USD/AUD,AUD,1.60497,1.61706,1.60485,1.6143
2025-03-12,USD/AUD,AUD,1.6143,1.62196,1.59599,1.5995
2025-03-13,USD/AUD,AUD,1.5995,1.61238,1.59177,1.60227
2025-03-14,USD/AUD,AUD,1.60227,1.60499,1.59883,1.60065
2025-03-15,USD/AUD,AUD,1.60065,1.62218,1.59967,1.6155
2025-03-16,USD/AUD,AUD,1.6155,1.62542,1.61213,1.617
2025-03-17,USD/AUD,AUD,1.617,1.64125,1.61432,1.62839
2025-03-18,USD/AUD,AUD,1.62839,1.63869,1.61562,1.62467
2025-03-19,USD/AUD,AUD,1.62467,1.63394,1.61424,1.62496
2025-03-20,USD/AUD,AUD,1.62496,1.64001,1.62477,1.62555
2025-03-21,USD/AUD,AUD,1.62555,1.63062,1.62196,1.62403
2025-03-22,USD/AUD,AUD,1.62403,1.63294,1.62392,1.6247
2025-03-23,USD/AUD,AUD,1.6247,1.62685,1.60831,1.61236
2025-03-24,USD/AUD,AUD,1.61236,1.62274,1.60382,1.61868
2025-03-25,USD/AUD,AUD,1.61868,1.63172,1.61478,1.62534
2025-03-26,USD/AUD,AUD,1.62534,1.64283,1.62131,1.63127
2025-03-27,USD/AUD,AUD,1.63127,1.64778,1.62627,1.64453
2025-03-28,USD/AUD,AUD,1.64453,1.65102,1.63913,1.64677
2025-03-29,USD/AUD,AUD,1.64677,1.64935,1.63565,1.6397
2025-03-30,USD/AUD,AUD,1.6397,1.64518,1.62436,1.62876
2025-03-31,USD/AUD,AUD,1.62876,1.6394,1.62012,1.63263
2025-04-01,USD/AUD,AUD,1.63263,1.64219,1.62893,1.63526
2025-04-02,USD/AUD,AUD,1.63526,1.64145,1.62604,1.63073
2025-04-03,USD/AUD,AUD,1.63073,1.63259,1.61347,1.62647
2025-04-04,USD/AUD,AUD,1.62647,1.63828,1.62644,1.63345
2025-04-05,USD/AUD,AUD,1.63345,1.64056,1.61838,1.62227
2025-04-06,USD/AUD,AUD,1.62227,1.63577,1.61491,1.61901
2025-04-07,USD/AUD,AUD,1.61901,1.62775,1.61674,1.62447
2025-04-08,USD/AUD,AUD,1.62447,1.62878,1.62288,1.62658
2025-04-09,USD/AUD,AUD,1.62658,1.63543,1.61856,1.62624
2025-04-10,USD/AUD,AUD,1.62624,1.6386,1.62216,1.63377
2025-04-11,USD/AUD,AUD,1.63377,1.64258,1.62278,1.64203
2025-04-12,USD/AUD,AUD,1.64203,1.64789,1.63722,1.64154
2025-04-13,USD/AUD,AUD,1.64154,1.64437,1.62891,1.63242
2025-04-14,USD/AUD,AUD,1.63242,1.63653,1.60209,1.615
2025-04-15,USD/AUD,AUD,1.615,1.62064,1.61468,1.61945
2025-04-16,USD/AUD,AUD,1.61945,1.61998,1.61622,1.61643
2025-04-17,USD/AUD,AUD,1.61643,1.62623,1.60174,1.61037
2025-04-18,USD/AUD,AUD,1.61037,1.61621,1.59935,1.61562
2025-04-19,USD/AUD,AUD,1.61562,1.62024,1.61418,1.61815
2025-04-20,USD/AUD,AUD,1.61815,1.62514,1.61368,1.61848
2025-04-21,USD/AUD,AUD,1.61848,1.62386,1.60499,1.60553
2025-04-22,USD/AUD,AUD,1.60553,1.61921,1.60474,1.60775
2025-04-23,USD/AUD,AUD,1.60775,1.61282,1.60408,1.61187
2025-04-24,USD/AUD,AUD,1.61187,1.61501,1.60525,1.60893
2025-04-25,USD/AUD,AUD,1.60893,1.62362,1.60463,1.61024
2025-04-26,USD/AUD,AUD,1.61024,1.61054,1.604,1.60798
2025-04-27,USD/AUD,AUD,1.60798,1.62977,1.60491,1.61598
2025-04-28,USD/AUD,AUD,1.61598,1.62369,1.6112,1.62198
2025-04-29,USD/AUD,AUD,1.62198,1.63055,1.62075,1.62524
2025-04-30,USD/AUD,AUD,1.62524,1.62791,1.61709,1.61943
2025-05-01,USD/AUD,AUD,1.61943,1.63359,1.60424,1.62491
2025-05-02,USD/AUD,AUD,1.62491,1.63593,1.61063,1.62577
2025-05-03,USD/AUD,AUD,1.62577,1.63014,1.62219,1.6224
2025-05-04,USD/AUD,AUD,1.6224,1.62778,1.60735,1.61658
2025-05-05,USD/AUD,AUD,1.61658,1.63494,1.61626,1.62358
2025-05-06,USD/AUD,AUD,1.62358,1.6273,1.62191,1.62574
2025-05-07,USD/AUD,AUD,1.62574,1.62623,1.61357,1.61816
2025-05-08,USD/AUD,AUD,1.61816,1.62242,1.61649,1.62143
2025-05-09,USD/AUD,AUD,1.62143,1.63392,1.61701,1.6337
2025-05-10,USD/AUD,AUD,1.6337,1.65659,1.62692,1.64883
2025-05-11,USD/AUD,AUD,1.64883,1.65019,1.63879,1.64661
2025-05-12,USD/AUD,AUD,1.64661,1.65198,1.64647,1.65035
2025-05-13,USD/AUD,AUD,1.65035,1.66524,1.64064,1.65803
2025-05-14,USD/AUD,AUD,1.65803,1.66523,1.65714,1.66481
2025-05-15,USD/AUD,AUD,1.66481,1.67759,1.6642,1.66846
2025-05-16,USD/AUD,AUD,1.66846,1.6697,1.65775,1.66959
2025-05-17,USD/AUD,AUD,1.66959,1.66977,1.65809,1.66687
2025-05-18,USD/AUD,AUD,1.66687,1.67485,1.6614,1.66802
2025-05-19,USD/AUD,AUD,1.66802,1.67693,1.66247,1.66653
2025-05-20,USD/AUD,AUD,1.66653,1.66807,1.65951,1.66545
2025-05-21,USD/AUD,AUD,1.66545,1.66612,1.66211,1.66239
2025-05-22,USD/AUD,AUD,1.66239,1.6813,1.65727,1.67202
2025-05-23,USD/AUD,AUD,1.67202,1.67697,1.66289,1.67291
2025-05-24,USD/AUD,AUD,1.67291,1.68013,1.66889,1.67837
2025-05-25,USD/AUD,AUD,1.67837,1.68913,1.6772,1.68351
2025-05-26,USD/AUD,AUD,1.68351,1.69588,1.68272,1.69461
2025-05-27,USD/AUD,AUD,1.69461,1.70873,1.69269,1.69281
2025-05-28,USD/AUD,AUD,1.69281,1.69829,1.68578,1.69516
2025-05-29,USD/AUD,AUD,1.69516,1.69983,1.67651,1.6885
2025-05-30,USD/AUD,AUD,1.6885,1.70727,1.6833,1.69905
2025-05-31,USD/AUD,AUD,1.69905,1.70261,1.69121,1.69403
2025-06-01,USD/AUD,AUD,1.69403,1.70533,1.69343,1.69947
2025-06-02,USD/AUD,AUD,1.69947,1.70231,1.69542,1.6989
2025-06-03,USD/AUD,AUD,1.6989,1.71584,1.69877,1.70794
2025-06-04,USD/AUD,AUD,1.70794,1.70825,1.6984,1.69978
2025-06-05,USD/AUD,AUD,1.69978,1.70468,1.69038,1.69948
2025-06-06,USD/AUD,AUD,1.69948,1.70028,1.6809,1.68351
2025-06-07,USD/AUD,AUD,1.68351,1.69152,1.67325,1.67844
2025-06-08,USD/AUD,AUD,1.67844,1.69907,1.66665,1.68919
2025-06-09,USD/AUD,AUD,1.68919,1.69238,1.67148,1.68994
2025-06-10,USD/AUD,AUD,1.68994,1.69466,1.6668,1.67901
2025-06-11,USD/AUD,AUD,1.67901,1.68784,1.67888,1.68588
2025-06-12,USD/AUD,AUD,1.68588,1.71183,1.68232,1.69869
2025-06-13,USD/AUD,AUD,1.69869,1.71153,1.67545,1.68346
2025-06-14,USD/AUD,AUD,1.68346,1.68457,1.6723,1.68315
2025-06-15,USD/AUD,AUD,1.68315,1.68494,1.67624,1.6775
2025-06-16,USD/AUD,AUD,1.6775,1.68376,1.66981,1.67454
2025-06-17,USD/AUD,AUD,1.67454,1.68518,1.67085,1.68369
2025-06-18,USD/AUD,AUD,1.68369,1.7016,1.67378,1.67693
2025-06-19,USD/AUD,AUD,1.67693,1.67904,1.65069,1.67045
2025-06-20,USD/AUD,AUD,1.67045,1.69223,1.66702,1.67572
2025-06-21,USD/AUD,AUD,1.67572,1.67782,1.66031,1.67102
2025-06-22,USD/AUD,AUD,1.67102,1.68832,1.6695,1.68483
2025-06-23,USD/AUD,AUD,1.68483,1.68983,1.66468,1.67404
2025-06-24,USD/AUD,AUD,1.67404,1.67842,1.67187,1.67439
2025-06-25,USD/AUD,AUD,1.67439,1.67808,1.67332,1.67759
2025-06-26,USD/AUD,AUD,1.67759,1.6836,1.67188,1.67633
2025-06-27,USD/AUD,AUD,1.67633,1.68243,1.66743,1.66896
2025-06-28,USD/AUD,AUD,1.66896,1.67544,1.6651,1.67455
2025-06-29,USD/AUD,AUD,1.67455,1.67856,1.66924,1.67657
2025-06-30,USD/AUD,AUD,1.67657,1.68104,1.67517,1.67913
2025-07-01,USD/AUD,AUD,1.67913,1.69258,1.6767,1.68912
2025-07-02,USD/AUD,AUD,1.68912,1.69171,1.68465,1.68863
2025-07-03,USD/AUD,AUD,1.68863,1.69626,1.68294,1.68952
2025-07-04,USD/AUD,AUD,1.68952,1.69738,1.67239,1.67946
2025-07-05,USD/AUD,AUD,1.67946,1.69254,1.67766,1.68401
2025-07-06,USD/AUD,AUD,1.68401,1.69128,1.68168,1.68875
2025-07-07,USD/AUD,AUD,1.68875,1.6909,1.68739,1.69025
2025-07-08,USD/AUD,AUD,1.69025,1.70385,1.68378,1.6887
2025-07-09,USD/AUD,AUD,1.6887,1.71065,1.68818,1.7076
2025-07-10,USD/AUD,AUD,1.7076,1.71258,1.68579,1.69741
2025-07-11,USD/AUD,AUD,1.69741,1.70914,1.6859,1.69348
2025-07-12,USD/AUD,AUD,1.69348,1.69556,1.68511,1.6855
2025-07-13,USD/AUD,AUD,1.6855,1.6953,1.68297,1.69255
2025-07-14,USD/AUD,AUD,1.69255,1.6945,1.68602,1.69159
2025-07-15,USD/AUD,AUD,1.69159,1.69785,1.67379,1.68488
2025-07-16,USD/AUD,AUD,1.68488,1.69929,1.68019,1.69719
2025-07-17,USD/AUD,AUD,1.69719,1.712,1.69036,1.70289
2025-07-18,USD/AUD,AUD,1.70289,1.71347,1.69237,1.70679
2025-07-19,USD/AUD,AUD,1.70679,1.71239,1.69533,1.70283
2025-07-20,USD/AUD,AUD,1.70283,1.70802,1.69667,1.69995
2025-07-21,USD/AUD,AUD,1.69995,1.70354,1.68551,1.6934
2025-07-22,USD/AUD,AUD,1.6934,1.69416,1.68279,1.68754
2025-07-23,USD/AUD,AUD,1.68754,1.68782,1.68046,1.68521
2025-07-24,USD/AUD,AUD,1.68521,1.68695,1.67287,1.67798
2025-07-25,USD/AUD,AUD,1.67798,1.68365,1.67144,1.6719
2025-07-26,USD/AUD,AUD,1.6719,1.68816,1.66754,1.67905
2025-07-27,USD/AUD,AUD,1.67905,1.70148,1.67251,1.69535
2025-07-28,USD/AUD,AUD,1.69535,1.70067,1.68537,1.6899
2025-07-29,USD/AUD,AUD,1.6899,1.69343,1.68547,1.68955
2025-07-30,USD/AUD,AUD,1.68955,1.69557,1.67687,1.68242
2025-07-31,USD/AUD,AUD,1.68242,1.6837,1.67588,1.68163
2025-08-01,USD/AUD,AUD,1.68163,1.69744,1.67857,1.68372
2025-08-02,USD/AUD,AUD,1.68372,1.68711,1.67711,1.68049
2025-08-03,USD/AUD,AUD,1.68049,1.68996,1.6694,1.6856
2025-08-04,USD/AUD,AUD,1.6856,1.69203,1.68202,1.68826
2025-08-05,USD/AUD,AUD,1.68826,1.69661,1.67672,1.68441
2025-08-06,USD/AUD,AUD,1.68441,1.68781,1.6793,1.6794
2025-08-07,USD/AUD,AUD,1.6794,1.68841,1.67498,1.6774
2025-08-08,USD/AUD,AUD,1.6774,1.68119,1.67255,1.6767
2025-08-09,USD/AUD,AUD,1.6767,1.68416,1.67531,1.68368
2025-08-10,USD/AUD,AUD,1.68368,1.68624,1.66133,1.66736
2025-08-11,USD/AUD,AUD,1.66736,1.67179,1.65059,1.66423
2025-08-12,USD/AUD,AUD,1.66423,1.68073,1.65741,1.67791
2025-08-13,USD/AUD,AUD,1.67791,1.68266,1.65834,1.66115
2025-08-14,USD/AUD,AUD,1.66115,1.66408,1.6442,1.65944
2025-08-15,USD/AUD,AUD,1.65944,1.66562,1.64987,1.66237
2025-08-16,USD/AUD,AUD,1.66237,1.66758,1.64054,1.65652
2025-08-17,USD/AUD,AUD,1.65652,1.6619,1.65074,1.65438
2025-08-18,USD/AUD,AUD,1.65438,1.67193,1.65351,1.67039
2025-08-19,USD/AUD,AUD,1.67039,1.67212,1.64836,1.66019
2025-08-20,USD/AUD,AUD,1.66019,1.66977,1.65207,1.66543
2025-08-21,USD/AUD,AUD,1.66543,1.66639,1.65447,1.65783
2025-08-22,USD/AUD,AUD,1.65783,1.66636,1.64356,1.66118
2025-08-23,USD/AUD,AUD,1.66118,1.66474,1.65779,1.66383
2025-08-24,USD/AUD,AUD,1.66383,1.66986,1.65592,1.66959
2025-08-25,USD/AUD,AUD,1.66959,1.67638,1.64087,1.65513
2025-08-26,USD/AUD,AUD,1.65513,1.66169,1.65405,1.66057
2025-08-27,USD/AUD,AUD,1.66057,1.66754,1.65584,1.65877
2025-08-28,USD/AUD,AUD,1.65877,1.66521,1.64718,1.66312
2025-08-29,USD/AUD,AUD,1.66312,1.67621,1.65962,1.66873
2025-08-30,USD/AUD,AUD,1.66873,1.67861,1.66807,1.67673
2025-08-31,USD/AUD,AUD,1.67673,1.69545,1.6755,1.68911
2025-09-01,USD/AUD,AUD,1.68911,1.69566,1.68637,1.69249
2025-09-02,USD/AUD,AUD,1.69249,1.7164,1.6836,1.70843
2025-09-03,USD/AUD,AUD,1.70843,1.72958,1.69866,1.71782
2025-09-04,USD/AUD,AUD,1.71782,1.72705,1.6996,1.71116
2025-09-05,USD/AUD,AUD,1.71116,1.71417,1.69767,1.69884
2025-09-06,USD/AUD,AUD,1.69884,1.71221,1.69512,1.71106
2025-09-07,USD/AUD,AUD,1.71106,1.71641,1.70835,1.71351
2025-09-08,USD/AUD,AUD,1.71351,1.72557,1.70654,1.71219
2025-09-09,USD/AUD,AUD,1.71219,1.72435,1.7102,1.72319
2025-09-10,USD/AUD,AUD,1.72319,1.73896,1.72179,1.73191
2025-09-11,USD/AUD,AUD,1.73191,1.73579,1.73128,1.73303
2025-09-12,USD/AUD,AUD,1.73303,1.74177,1.73049,1.73162
2025-09-13,USD/AUD,AUD,1.73162,1.73266,1.71281,1.72132
2025-09-14,USD/AUD,AUD,1.72132,1.72858,1.71841,1.7192
2025-09-15,USD/AUD,AUD,1.7192,1.72288,1.7119,1.71281
2025-09-16,USD/AUD,AUD,1.71281,1.73327,1.71187,1.72604
2025-09-17,USD/AUD,AUD,1.72604,1.73411,1.72583,1.73165
2025-09-18,USD/AUD,AUD,1.73165,1.73643,1.71997,1.72889
2025-09-19,USD/AUD,AUD,1.72889,1.74091,1.72314,1.73515
2025-09-20,USD/AUD,AUD,1.73515,1.74665,1.72453,1.73951
2025-09-21,USD/AUD,AUD,1.73951,1.75516,1.73719,1.75369
2025-09-22,USD/AUD,AUD,1.75369,1.76206,1.75241,1.75857
2025-09-23,USD/AUD,AUD,1.75857,1.76051,1.74526,1.74873
2025-09-24,USD/AUD,AUD,1.74873,1.7567,1.74703,1.7545
2025-09-25,USD/AUD,AUD,1.7545,1.76282,1.75156,1.7624
2025-09-26,USD/AUD,AUD,1.7624,1.77348,1.75986,1.76102
2025-09-27,USD/AUD,AUD,1.76102,1.76869,1.75138,1.76653
2025-09-28,USD/AUD,AUD,1.76653,1.76963,1.75945,1.76449
2025-09-29,USD/AUD,AUD,1.76449,1.78407,1.75786,1.78315
2025-09-30,USD/AUD,AUD,1.78315,1.80203,1.78107,1.79
2025-10-01,USD/AUD,AUD,1.79,1.80478,1.78345,1.79683
2025-10-02,USD/AUD,AUD,1.79683,1.80242,1.79631,1.7979
2025-10-03,USD/AUD,AUD,1.7979,1.80756,1.79574,1.80166
2025-10-04,USD/AUD,AUD,1.80166,1.80527,1.79307,1.79864
2025-10-05,USD/AUD,AUD,1.79864,1.80719,1.79746,1.80177
2025-10-06,USD/AUD,AUD,1.80177,1.81851,1.78819,1.8095
2025-10-07,USD/AUD,AUD,1.8095,1.82519,1.80555,1.82184
2025-10-08,USD/AUD,AUD,1.82184,1.82668,1.81127,1.81307
2025-10-09,USD/AUD,AUD,1.81307,1.82236,1.79916,1.80019
2025-10-10,USD/AUD,AUD,1.80019,1.80264,1.784,1.79704
2025-10-11,USD/AUD,AUD,1.79704,1.80359,1.79578,1.80189
2025-10-12,USD/AUD,AUD,1.80189,1.82134,1.79802,1.81231
2025-10-13,USD/AUD,AUD,1.81231,1.81413,1.805,1.80543
2025-10-14,USD/AUD,AUD,1.80543,1.81124,1.79973,1.80898
2025-10-15,USD/AUD,AUD,1.80898,1.83859,1.80805,1.82276
2025-10-16,USD/AUD,AUD,1.82276,1.83244,1.80715,1.81661
2025-10-17,USD/AUD,AUD,1.81661,1.82116,1.80635,1.81393
2025-10-18,USD/AUD,AUD,1.81393,1.81957,1.81161,1.81169
2025-10-19,USD/AUD,AUD,1.81169,1.81602,1.80928,1.81197
2025-10-20,USD/AUD,AUD,1.81197,1.81725,1.80917,1.81014
2025-10-21,USD/AUD,AUD,1.81014,1.82075,1.80642,1.81691
2025-10-22,USD/AUD,AUD,1.81691,1.83568,1.81382,1.82832
2025-10-23,USD/AUD,AUD,1.82832,1.84459,1.80979,1.84288
2025-10-24,USD/AUD,AUD,1.84288,1.84377,1.8239,1.84125
2025-10-25,USD/AUD,AUD,1.84125,1.85712,1.83907,1.85236
2025-10-26,USD/AUD,AUD,1.85236,1.86095,1.8434,1.85053
2025-10-27,USD/AUD,AUD,1.85053,1.85776,1.84182,1.8428
2025-10-28,USD/AUD,AUD,1.8428,1.849,1.83061,1.83853
2025-10-29,USD/AUD,AUD,1.83853,1.85859,1.83527,1.8507
2025-10-30,USD/AUD,AUD,1.8507,1.86128,1.84906,1.85316
2025-10-31,USD/AUD,AUD,1.85316,1.86534,1.84049,1.84752
2025-11-01,USD/AUD,AUD,1.84752,1.85547,1.83594,1.84179
2025-11-02,USD/AUD,AUD,1.84179,1.85053,1.83771,1.84646
2025-11-03,USD/AUD,AUD,1.84646,1.86224,1.84445,1.86195
2025-11-04,USD/AUD,AUD,1.86195,1.86819,1.85338,1.85657
2025-11-05,USD/AUD,AUD,1.85657,1.86372,1.84695,1.85844
2025-11-06,USD/AUD,AUD,1.85844,1.86644,1.8438,1.84788
2025-11-07,USD/AUD,AUD,1.84788,1.85752,1.83766,1.84511
2025-11-08,USD/AUD,AUD,1.84511,1.85022,1.82842,1.83913
2025-11-09,USD/AUD,AUD,1.83913,1.8607,1.83394,1.85568
2025-11-10,USD/AUD,AUD,1.85568,1.86869,1.84911,1.85089
2025-11-11,USD/AUD,AUD,1.85089,1.85876,1.84911,1.85805
2025-11-12,USD/AUD,AUD,1.85805,1.87565,1.84835,1.87202
2025-11-13,USD/AUD,AUD,1.87202,1.87995,1.86808,1.87422
2025-11-14,USD/AUD,AUD,1.87422,1.87938,1.86675,1.87515
2025-11-15,USD/AUD,AUD,1.87515,1.88904,1.87421,1.88534
2025-11-16,USD/AUD,AUD,1.88534,1.89191,1.87549,1.88791
2025-11-17,USD/AUD,AUD,1.88791,1.88969,1.87681,1.87848
2025-11-18,USD/AUD,AUD,1.87848,1.88725,1.87219,1.87807
2025-11-19,USD/AUD,AUD,1.87807,1.889,1.87329,1.88441
2025-11-20,USD/AUD,AUD,1.88441,1.89635,1.87862,1.88765
2025-11-21,USD/AUD,AUD,1.88765,1.89949,1.88381,1.89737
2025-11-22,USD/AUD,AUD,1.89737,1.9009,1.88708,1.8901
2025-11-23,USD/AUD,AUD,1.8901,1.90195,1.87524,1.88296
2025-11-24,USD/AUD,AUD,1.88296,1.89991,1.88204,1.89124
2025-11-25,USD/AUD,AUD,1.89124,1.89303,1.88128,1.88362
2025-11-26,USD/AUD,AUD,1.88362,1.8972,1.87707,1.88005
2025-11-27,USD/AUD,AUD,1.88005,1.88521,1.86623,1.87327
2025-11-28,USD/AUD,AUD,1.87327,1.87841,1.84972,1.8594
2025-11-29,USD/AUD,AUD,1.8594,1.86278,1.84513,1.8615
2025-11-30,USD/AUD,AUD,1.8615,1.86837,1.85961,1.86362
2025-12-01,USD/AUD,AUD,1.86362,1.87204,1.85032,1.85415
2025-12-02,USD/AUD,AUD,1.85415,1.87173,1.85139,1.86359
2025-12-03,USD/AUD,AUD,1.86359,1.86394,1.84989,1.85572
2025-12-04,USD/AUD,AUD,1.85572,1.86472,1.8546,1.85715
2025-12-05,USD/AUD,AUD,1.85715,1.85909,1.85179,1.85846
2025-12-06,USD/AUD,AUD,1.85846,1.87316,1.84979,1.85293
2025-12-07,USD/AUD,AUD,1.85293,1.86422,1.84866,1.86123
2025-12-08,USD/AUD,AUD,1.86123,1.86454,1.85083,1.85178
2025-12-09,USD/AUD,AUD,1.85178,1.86393,1.84448,1.85078
2025-12-10,USD/AUD,AUD,1.85078,1.86584,1.83855,1.86562
2025-12-11,USD/AUD,AUD,1.86562,1.87207,1.86172,1.86417
2025-12-12,USD/AUD,AUD,1.86417,1.86528,1.84614,1.85186
2025-12-13,USD/AUD,AUD,1.85186,1.86118,1.84482,1.85601
2025-12-14,USD/AUD,AUD,1.85601,1.86107,1.84445,1.85017
2025-12-15,USD/AUD,AUD,1.85017,1.85802,1.83889,1.84122
2025-12-16,USD/AUD,AUD,1.84122,1.84838,1.84119,1.84384
2025-12-17,USD/AUD,AUD,1.84384,1.86307,1.83088,1.85656
2025-12-18,USD/AUD,AUD,1.85656,1.86116,1.85182,1.86042
2025-12-19,USD/AUD,AUD,1.86042,1.87157,1.84563,1.86594
2025-12-20,USD/AUD,AUD,1.86594,1.8815,1.8566,1.86051
2025-12-21,USD/AUD,AUD,1.86051,1.87411,1.8604,1.86623
2025-12-22,USD/AUD,AUD,1.86623,1.87782,1.86261,1.87297
2025-12-23,USD/AUD,AUD,1.87297,1.87413,1.86635,1.87032
2025-12-24,USD/AUD,AUD,1.87032,1.87835,1.86499,1.87048
2025-12-25,USD/AUD,AUD,1.87048,1.87684,1.86476,1.86816
2025-12-26,USD/AUD,AUD,1.86816,1.87087,1.86046,1.86684
2025-12-27,USD/AUD,AUD,1.86684,1.87581,1.8567,1.863
2025-12-28,USD/AUD,AUD,1.863,1.86831,1.86086,1.86728
2025-12-29,USD/AUD,AUD,1.86728,1.88558,1.85831,1.87731
2025-12-30,USD/AUD,AUD,1.87731,1.88147,1.86823,1.87772
2025-12-31,USD/AUD,AUD,1.87772,1.87987,1.87239,1.8725
2026-01-01,USD/AUD,AUD,1.8725,1.88633,1.87095,1.88014
2026-01-02,USD/AUD,AUD,1.88014,1.8818,1.86126,1.86743
2026-01-03,USD/AUD,AUD,1.86743,1.87593,1.85279,1.85497
2026-01-04,USD/AUD,AUD,1.85497,1.86664,1.85356,1.86638
2026-01-05,USD/AUD,AUD,1.86638,1.88681,1.86289,1.87637
2026-01-06,USD/AUD,AUD,1.87637,1.8802,1.87307,1.87633
2026-01-07,USD/AUD,AUD,1.87633,1.87728,1.85838,1.86948
2026-01-08,USD/AUD,AUD,1.86948,1.88021,1.86046,1.87678
2026-01-09,USD/AUD,AUD,1.87678,1.88567,1.85623,1.86263
2026-01-10,USD/AUD,AUD,1.86263,1.87149,1.84915,1.85996
2026-01-11,USD/AUD,AUD,1.85996,1.87421,1.85227,1.8725
2026-01-12,USD/AUD,AUD,1.8725,1.87738,1.86751,1.87048
2026-01-13,USD/AUD,AUD,1.87048,1.88335,1.8636,1.86508
2026-01-14,USD/AUD,AUD,1.86508,1.86645,1.84583,1.85375
2026-01-15,USD/AUD,AUD,1.85375,1.85497,1.84832,1.84973
2026-01-16,USD/AUD,AUD,1.84973,1.85641,1.84202,1.85187
2026-01-17,USD/AUD,AUD,1.85187,1.87407,1.84974,1.85139
2026-01-18,USD/AUD,AUD,1.85139,1.85795,1.84684,1.84894
2026-01-19,USD/AUD,AUD,1.84894,1.86194,1.84265,1.85875
2026-01-20,USD/AUD,AUD,1.85875,1.86913,1.85433,1.86019
2026-01-21,USD/AUD,AUD,1.86019,1.8709,1.8476,1.87048
2026-01-22,USD/AUD,AUD,1.87048,1.87157,1.84965,1.85541
2026-01-23,USD/AUD,AUD,1.85541,1.85841,1.83314,1.84196
2026-01-24,USD/AUD,AUD,1.84196,1.85988,1.8386,1.85766
2026-01-25,USD/AUD,AUD,1.85766,1.8717,1.83607,1.83989
2026-01-26,USD/AUD,AUD,1.83989,1.84158,1.82224,1.83221
2026-01-27,USD/AUD,AUD,1.83221,1.85131,1.82563,1.85047
2026-01-28,USD/AUD,AUD,1.85047,1.8578,1.84063,1.85089
2026-01-29,USD/AUD,AUD,1.85089,1.86112,1.83713,1.84576
2026-01-30,USD/AUD,AUD,1.84576,1.8631,1.83093,1.85092
2026-01-31,USD/AUD,AUD,1.85092,1.85631,1.8371,1.84951
2026-02-01,USD/AUD,AUD,1.84951,1.87121,1.84196,1.86825
2026-02-02,USD/AUD,AUD,1.86825,1.8786,1.85738,1.86207
2026-02-03,USD/AUD,AUD,1.86207,1.86347,1.8486,1.85214
2026-02-04,USD/AUD,AUD,1.85214,1.85751,1.84796,1.85717
2026-02-05,USD/AUD,AUD,1.85717,1.86162,1.8509,1.85479
2026-02-06,USD/AUD,AUD,1.85479,1.87343,1.84155,1.87192
2026-02-07,USD/AUD,AUD,1.87192,1.87257,1.85518,1.86759
2026-02-08,USD/AUD,AUD,1.86759,1.88252,1.85133,1.87629
2026-02-09,USD/AUD,AUD,1.87629,1.88471,1.86828,1.87609
2026-02-10,USD/AUD,AUD,1.87609,1.8856,1.83418,1.8559
2026-02-11,USD/AUD,AUD,1.8559,1.87504,1.84972,1.87359
2026-02-12,USD/AUD,AUD,1.87359,1.87874,1.8694,1.87746
2026-02-13,USD/AUD,AUD,1.87746,1.88971,1.87152,1.88774
2026-02-14,USD/AUD,AUD,1.88774,1.9003,1.88705,1.89483
2026-02-15,USD/AUD,AUD,1.89483,1.91647,1.88869,1.91345
2026-02-16,USD/AUD,AUD,1.91345,1.92177,1.91004,1.91711
2026-02-17,USD/AUD,AUD,1.91711,1.91987,1.89698,1.90998
2026-02-18,USD/AUD,AUD,1.90998,1.91547,1.89852,1.90655
2026-02-19,USD/AUD,AUD,1.90655,1.91131,1.89365,1.89759
2026-02-20,USD/AUD,AUD,1.89759,1.91403,1.89249,1.90566
2026-02-21,USD/AUD,AUD,1.90566,1.91404,1.90151,1.91083
2026-02-22,USD/AUD,AUD,1.91083,1.92503,1.90892,1.92123
2026-02-23,USD/AUD,AUD,1.92123,1.93005,1.91455,1.92264
2026-02-24,USD/AUD,AUD,1.92264,1.94132,1.92071,1.92754
2026-02-25,USD/AUD,AUD,1.92754,1.93515,1.9109,1.92089
2026-02-26,USD/AUD,AUD,1.92089,1.9234,1.91749,1.91787
2026-02-27,USD/AUD,AUD,1.91787,1.93503,1.90646,1.92451
2026-02-28,USD/AUD,AUD,1.92451,1.93856,1.91845,1.92912
2026-03-01,USD/AUD,AUD,1.92912,1.93804,1.92516,1.92907
2026-03-02,USD/AUD,AUD,1.92907,1.95262,1.92477,1.94293
2026-03-03,USD/AUD,AUD,1.94293,1.94442,1.91636,1.91835
2026-03-04,USD/AUD,AUD,1.91835,1.922,1.91021,1.91625
2026-03-05,USD/AUD,AUD,1.91625,1.92794,1.90383,1.92485
2026-03-06,USD/AUD,AUD,1.92485,1.94081,1.91936,1.92195
2026-03-07,USD/AUD,AUD,1.92195,1.92768,1.91908,1.92519
2026-03-08,USD/AUD,AUD,1.92519,1.92685,1.90434,1.9046
2026-03-09,USD/AUD,AUD,1.9046,1.91597,1.89331,1.91564
2026-03-10,USD/AUD,AUD,1.91564,1.92496,1.90725,1.91941
2026-03-11,USD/AUD,AUD,1.91941,1.92315,1.90359,1.91226
2026-03-12,USD/AUD,AUD,1.91226,1.92083,1.909,1.91647
2026-03-13,USD/AUD,AUD,1.91647,1.92221,1.89978,1.9174
2026-03-14,USD/AUD,AUD,1.9174,1.92564,1.90938,1.91842
2026-03-15,USD/AUD,AUD,1.91842,1.91863,1.90682,1.91721
2026-03-16,USD/AUD,AUD,1.91721,1.93039,1.91336,1.92604
2026-03-17,USD/AUD,AUD,1.92604,1.9314,1.9175,1.91905
2026-03-18,USD/AUD,AUD,1.91905,1.92205,1.89822,1.91311
2026-03-19,USD/AUD,AUD,1.91311,1.92548,1.90595,1.90897
2026-03-20,USD/AUD,AUD,1.90897,1.92411,1.89291,1.91046
2026-03-21,USD/AUD,AUD,1.91046,1.91322,1.89762,1.90351
2026-03-22,USD/AUD,AUD,1.90351,1.91702,1.89667,1.91106
2026-03-23,USD/AUD,AUD,1.91106,1.9194,1.90056,1.90765
2026-03-24,USD/AUD,AUD,1.90765,1.91102,1.8994,1.90665
2026-03-25,USD/AUD,AUD,1.90665,1.90694,1.89875,1.90222
2026-03-26,USD/AUD,AUD,1.90222,1.91304,1.90078,1.90695
2026-03-27,USD/AUD,AUD,1.90695,1.90935,1.90324,1.90342
2026-03-28,USD/AUD,AUD,1.90342,1.90662,1.90328,1.90561
2026-03-29,USD/AUD,AUD,1.90561,1.91019,1.89142,1.89266
2026-03-30,USD/AUD,AUD,1.89266,1.90125,1.88081,1.90125
2026-03-31,USD/AUD,AUD,1.90125,1.90261,1.89316,1.89824
2026-04-01,USD/AUD,AUD,1.89824,1.89852,1.87713,1.88061
2026-04-02,USD/AUD,AUD,1.88061,1.88111,1.87083,1.87507
2026-04-03,USD/AUD,AUD,1.87507,1.87782,1.86419,1.86897
2026-04-04,USD/AUD,AUD,1.86897,1.87973,1.86289,1.87477
2026-04-05,USD/AUD,AUD,1.87477,1.89628,1.86221,1.88974
2026-04-06,USD/AUD,AUD,1.88974,1.89139,1.8811,1.8833
2026-04-07,USD/AUD,AUD,1.8833,1.89115,1.86516,1.87072
2026-04-08,USD/AUD,AUD,1.87072,1.88399,1.86768,1.87484
2026-04-09,USD/AUD,AUD,1.87484,1.88921,1.8674,1.87868
2026-04-10,USD/AUD,AUD,1.87868,1.88296,1.86714,1.87162
2026-04-11,USD/AUD,AUD,1.87162,1.87914,1.8623,1.87592
2026-04-12,USD/AUD,AUD,1.87592,1.87771,1.872,1.87495
2026-04-13,USD/AUD,AUD,1.87495,1.88311,1.87474,1.87766
2026-04-14,USD/AUD,AUD,1.87766,1.88898,1.87446,1.87961
2026-04-15,USD/AUD,AUD,1.87961,1.88786,1.87507,1.88137
2026-04-16,USD/AUD,AUD,1.88137,1.89293,1.88105,1.88422
2026-04-17,USD/AUD,AUD,1.88422,1.89575,1.86393,1.86888
2026-04-18,USD/AUD,AUD,1.86888,1.87182,1.86337,1.86414
2026-04-19,USD/AUD,AUD,1.86414,1.86478,1.85699,1.86279
2026-04-20,USD/AUD,AUD,1.86279,1.86671,1.86022,1.86272
2026-04-21,USD/AUD,AUD,1.86272,1.86424,1.85389,1.86006
2026-04-22,USD/AUD,AUD,1.86006,1.86692,1.84874,1.85903
2026-04-23,USD/AUD,AUD,1.85903,1.86983,1.85684,1.86624
2026-04-24,USD/AUD,AUD,1.86624,1.87416,1.85962,1.87356
2026-04-25,USD/AUD,AUD,1.87356,1.88123,1.86752,1.8788
2026-04-26,USD/AUD,AUD,1.8788,1.88034,1.87557,1.87962
2026-04-27,USD/AUD,AUD,1.87962,1.88783,1.87361,1.88109
2026-04-28,USD/AUD,AUD,1.88109,1.8882,1.87247,1.88413
2026-04-29,USD/AUD,AUD,1.88413,1.8917,1.8741,1.88292
2026-04-30,USD/AUD,AUD,1.88292,1.8876,1.86634,1.87849
2026-05-01,USD/AUD,AUD,1.87849,1.89437,1.87341,1.88337
2026-05-02,USD/AUD,AUD,1.88337,1.89332,1.87895,1.88841
2026-05-03,USD/AUD,AUD,1.88841,1.89435,1.8836,1.88733
2026-05-04,USD/AUD,AUD,1.88733,1.89306,1.88567,1.88965
2026-05-05,USD/AUD,AUD,1.88965,1.89735,1.8738,1.87725
2026-05-06,USD/AUD,AUD,1.87725,1.89276,1.87167,1.884
2026-05-07,USD/AUD,AUD,1.884,1.89686,1.85976,1.88102
2026-05-08,USD/AUD,AUD,1.88102,1.88806,1.87143,1.87981
2026-05-09,USD/AUD,AUD,1.87981,1.90092,1.8794,1.8883
2026-05-10,USD/AUD,AUD,1.8883,1.88924,1.8647,1.87976
2026-05-11,USD/AUD,AUD,1.87976,1.88532,1.87926,1.8795
2026-05-12,USD/AUD,AUD,1.8795,1.88307,1.87307,1.87715
2026-05-13,USD/AUD,AUD,1.87715,1.87775,1.84685,1.86319
2026-05-14,USD/AUD,AUD,1.86319,1.86376,1.8391,1.85205
2026-05-15,USD/AUD,AUD,1.85205,1.86475,1.85068,1.86131
2026-05-16,USD/AUD,AUD,1.86131,1.86636,1.86081,1.86135
2026-05-17,USD/AUD,AUD,1.86135,1.8621,1.85405,1.85906
2026-05-18,USD/AUD,AUD,1.85906,1.85933,1.83702,1.84843
2026-05-19,USD/AUD,AUD,1.84843,1.85138,1.84342,1.84917
2026-05-20,USD/AUD,AUD,1.84917,1.86161,1.84788,1.84791
2026-05-21,USD/AUD,AUD,1.84791,1.85883,1.84456,1.85379
2026-05-22,USD/AUD,AUD,1.85379,1.85652,1.85044,1.85614
2026-05-23,USD/AUD,AUD,1.85614,1.85803,1.84668,1.85087
2026-05-24,USD/AUD,AUD,1.85087,1.85278,1.84961,1.84986
2026-05-25,USD/AUD,AUD,1.84986,1.85208,1.84974,1.85074
2026-05-26,USD/AUD,AUD,1.85074,1.87537,1.84644,1.87327
2026-05-27,USD/AUD,AUD,1.87327,1.87879,1.86454,1.87701
2026-05-28,USD/AUD,AUD,1.87701,1.88414,1.87236,1.87461
2026-05-29,USD/AUD,AUD,1.87461,1.87708,1.85915,1.86657
2026-05-30,USD/AUD,AUD,1.86657,1.87917,1.86443,1.87112
2026-05-31,USD/AUD,AUD,1.87112,1.89015,1.84806,1.85913
2026-06-01,USD/AUD,AUD,1.85913,1.86692,1.85219,1.85926
2026-06-02,USD/AUD,AUD,1.85926,1.86857,1.85022,1.86644
2026-06-03,USD/AUD,AUD,1.86644,1.8756,1.86483,1.87417
2026-06-04,USD/AUD,AUD,1.87417,1.88031,1.86333,1.87166
2026-06-05,USD/AUD,AUD,1.87166,1.88876,1.87063,1.88277
2026-06-06,USD/AUD,AUD,1.88277,1.88299,1.88118,1.88161
2026-06-07,USD/AUD,AUD,1.88161,1.89477,1.87588,1.88969
2026-06-08,USD/AUD,AUD,1.88969,1.90342,1.88109,1.90026
2026-06-09,USD/AUD,AUD,1.90026,1.90252,1.88555,1.89617
2026-06-10,USD/AUD,AUD,1.89617,1.91198,1.89057,1.90412
2026-06-11,USD/AUD,AUD,1.90412,1.91702,1.90275,1.91228
2026-06-12,USD/AUD,AUD,1.91228,1.91373,1.89913,1.90382
2026-06-13,USD/AUD,AUD,1.90382,1.91402,1.896,1.90503
2026-06-14,USD/AUD,AUD,1.90503,1.91796,1.90438,1.90937
2026-06-15,USD/AUD,AUD,1.90937,1.91727,1.90559,1.91579
2026-06-16,USD/AUD,AUD,1.91579,1.92727,1.90375,1.90758
2026-06-17,USD/AUD,AUD,1.90758,1.9295,1.89918,1.9226
2026-06-18,USD/AUD,AUD,1.9226,1.93228,1.91477,1.92304
2026-06-19,USD/AUD,AUD,1.92304,1.92603,1.91395,1.92323
2026-06-20,USD/AUD,AUD,1.92323,1.92909,1.9073,1.90863
2026-06-21,USD/AUD,AUD,1.90863,1.91208,1.90724,1.90863
2026-06-22,USD/AUD,AUD,1.90863,1.92034,1.9078,1.91762
2026-06-23,USD/AUD,AUD,1.91762,1.93234,1.91607,1.92569
2026-06-24,USD/AUD,AUD,1.92569,1.93426,1.92109,1.924
2026-06-25,USD/AUD,AUD,1.924,1.93725,1.89966,1.9061
2026-06-26,USD/AUD,AUD,1.9061,1.92002,1.90222,1.91976
2026-06-27,USD/AUD,AUD,1.91976,1.92119,1.91111,1.91559
2026-06-28,USD/AUD,AUD,1.91559,1.92674,1.91305,1.92138
2026-06-29,USD/AUD,AUD,1.92138,1.9324,1.91367,1.91728
2026-06-30,USD/AUD,AUD,1.91728,1.93789,1.91518,1.92668
2026-07-01,USD/AUD,AUD,1.92668,1.93845,1.91289,1.92009
2026-07-02,USD/AUD,AUD,1.92009,1.92245,1.90309,1.90463
2026-07-03,USD/AUD,AUD,1.90463,1.90487,1.90314,1.90409
2026-07-04,USD/AUD,AUD,1.90409,1.90419,1.86833,1.88345
2026-07-05,USD/AUD,AUD,1.88345,1.89349,1.86883,1.88971
2026-07-06,USD/AUD,AUD,1.88971,1.89359,1.87478,1.88285
2026-07-07,USD/AUD,AUD,1.88285,1.88691,1.87484,1.88457
2026-07-08,USD/AUD,AUD,1.88457,1.88969,1.87917,1.88381
2026-07-09,USD/AUD,AUD,1.88381,1.8938,1.86338,1.87296
2026-07-10,USD/AUD,AUD,1.87296,1.89102,1.86891,1.88075
2026-07-11,USD/AUD,AUD,1.88075,1.89802,1.87901,1.89656
2026-07-12,USD/AUD,AUD,1.89656,1.90409,1.88415,1.90183
2026-07-13,USD/AUD,AUD,1.90183,1.90573,1.89813,1.90353
2026-07-14,USD/AUD,AUD,1.90353,1.90783,1.8932,1.8956
2026-07-15,USD/AUD,AUD,1.8956,1.90009,1.8772,1.89149
2026-07-16,USD/AUD,AUD,1.89149,1.89249,1.87877,1.88278
2026-07-17,USD/AUD,AUD,1.88278,1.88858,1.88115,1.88818
2026-07-18,USD/AUD,AUD,1.88818,1.89389,1.88642,1.89207
2026-07-19,USD/AUD,AUD,1.89207,1.89526,1.87108,1.87883
2026-07-20,USD/AUD,AUD,1.87883,1.87906,1.87083,1.87325
2026-07-21,USD/AUD,AUD,1.87325,1.89196,1.86802,1.88831
2026-07-22,USD/AUD,AUD,1.88831,1.89979,1.88439,1.89097
2026-07-23,USD/AUD,AUD,1.89097,1.9027,1.88033,1.88244
2026-07-24,USD/AUD,AUD,1.88244,1.88909,1.86945,1.87802
2026-07-25,USD/AUD,AUD,1.87802,1.88964,1.87526,1.87944
2026-07-26,USD/AUD,AUD,1.87944,1.88518,1.87072,1.88449
2026-07-27,USD/AUD,AUD,1.88449,1.89823,1.88434,1.89078
2026-07-28,USD/AUD,AUD,1.89078,1.89686,1.88074,1.88793
2026-07-29,USD/AUD,AUD,1.88793,1.89702,1.88445,1.8913
2026-07-30,USD/AUD,AUD,1.8913,1.90555,1.85673,1.86042
2026-07-31,USD/AUD,AUD,1.86042,1.86795,1.85075,1.85405
2026-08-01,USD/AUD,AUD,1.85405,1.87276,1.85311,1.86009
2026-08-02,USD/AUD,AUD,1.86009,1.88262,1.85955,1.87497
2026-08-03,USD/AUD,AUD,1.87497,1.89792,1.87412,1.89361
2026-08-04,USD/AUD,AUD,1.89361,1.90073,1.88475,1.89799
2026-08-05,USD/AUD,AUD,1.89799,1.91137,1.89197,1.89463
2026-08-06,USD/AUD,AUD,1.89463,1.89655,1.88469,1.88645
2026-08-07,USD/AUD,AUD,1.88645,1.90142,1.88466,1.89667
2026-08-08,USD/AUD,AUD,1.89667,1.90393,1.88178,1.8967
2026-08-09,USD/AUD,AUD,1.8967,1.90315,1.89596,1.89772
2026-08-10,USD/AUD,AUD,1.89772,1.9009,1.89265,1.89321
2026-08-11,USD/AUD,AUD,1.89321,1.9161,1.88667,1.90763
2026-08-12,USD/AUD,AUD,1.90763,1.92309,1.90308,1.91419
2026-08-13,USD/AUD,AUD,1.91419,1.92168,1.9108,1.91749
2026-08-14,USD/AUD,AUD,1.91749,1.94014,1.91697,1.92146
2026-08-15,USD/AUD,AUD,1.92146,1.93288,1.91599,1.92961
2026-08-16,USD/AUD,AUD,1.92961,1.94037,1.91802,1.93783
2026-08-17,USD/AUD,AUD,1.93783,1.94122,1.9287,1.93017
2026-08-18,USD/AUD,AUD,1.93017,1.93913,1.92124,1.93788
2026-08-19,USD/AUD,AUD,1.93788,1.94584,1.93003,1.93217
2026-08-20,USD/AUD,AUD,1.93217,1.93595,1.93137,1.93156
2026-08-21,USD/AUD,AUD,1.93156,1.93208,1.92846,1.92866
2026-08-22,USD/AUD,AUD,1.92866,1.93007,1.92327,1.92607
2026-08-23,USD/AUD,AUD,1.92607,1.9349,1.91042,1.93355
2026-08-24,USD/AUD,AUD,1.93355,1.93885,1.91496,1.93501
2026-08-25,USD/AUD,AUD,1.93501,1.94558,1.93088,1.93867
2026-08-26,USD/AUD,AUD,1.93867,1.94791,1.93098,1.94416
2026-08-27,USD/AUD,AUD,1.94416,1.95672,1.94294,1.94744
2026-08-28,USD/AUD,AUD,1.94744,1.94994,1.9388,1.94113
2026-08-29,USD/AUD,AUD,1.94113,1.94741,1.93689,1.9454
2026-08-30,USD/AUD,AUD,1.9454,1.95184,1.9357,1.94317
2026-08-31,USD/AUD,AUD,1.94317,1.95388,1.92814,1.9332
2026-09-01,USD/AUD,AUD,1.9332,1.95085,1.92676,1.94235
2026-09-02,USD/AUD,AUD,1.94235,1.95794,1.93945,1.94509
2026-09-03,USD/AUD,AUD,1.94509,1.96463,1.93872,1.9576
2026-09-04,USD/AUD,AUD,1.9576,1.95784,1.95525,1.95598
2026-09-05,USD/AUD,AUD,1.95598,1.96699,1.93531,1.9641
2026-09-06,USD/AUD,AUD,1.9641,1.97957,1.95133,1.95256
2026-09-07,USD/AUD,AUD,1.95256,1.95672,1.94582,1.95473
2026-09-08,USD/AUD,AUD,1.95473,1.96578,1.9459,1.96072
2026-09-09,USD/AUD,AUD,1.96072,1.96072,1.93528,1.94784
2026-09-10,USD/AUD,AUD,1.94784,1.96678,1.94273,1.9628
2026-09-11,USD/AUD,AUD,1.9628,1.9739,1.95738,1.97069
2026-09-12,USD/AUD,AUD,1.97069,1.97142,1.94731,1.95174
2026-09-13,USD/AUD,AUD,1.95174,1.96881,1.95055,1.95264
2026-09-14,USD/AUD,AUD,1.95264,1.96029,1.92771,1.93134
2026-09-15,USD/AUD,AUD,1.93134,1.93525,1.92219,1.92898
2026-09-16,USD/AUD,AUD,1.92898,1.93518,1.90749,1.92966
2026-09-17,USD/AUD,AUD,1.92966,1.92982,1.92448,1.92584
2026-09-18,USD/AUD,AUD,1.92584,1.94637,1.92153,1.93852
2026-09-19,USD/AUD,AUD,1.93852,1.94906,1.92016,1.92187
2026-09-20,USD/AUD,AUD,1.92187,1.92223,1.91374,1.91813
2026-09-21,USD/AUD,AUD,1.91813,1.9395,1.915,1.92119
2026-09-22,USD/AUD,AUD,1.92119,1.92507,1.91452,1.91723
2026-09-23,USD/AUD,AUD,1.91723,1.9175,1.89896,1.90433
2026-09-24,USD/AUD,AUD,1.90433,1.90986,1.88876,1.89913
2026-09-25,USD/AUD,AUD,1.89913,1.91326,1.87916,1.88699
2026-09-26,USD/AUD,AUD,1.88699,1.88962,1.87154,1.87397
2026-09-27,USD/AUD,AUD,1.87397,1.88175,1.86751,1.87217
2026-09-28,USD/AUD,AUD,1.87217,1.88898,1.8691,1.87876
2026-09-29,USD/AUD,AUD,1.87876,1.88669,1.87251,1.88505
2026-09-30,USD/AUD,AUD,1.88505,1.89621,1.86914,1.87177
2024-09-30,USD/CAD,CAD,1.36,1.3618,1.35538,1.35614
2024-10-01,USD/CAD,CAD,1.35614,1.3607,1.35328,1.35928
2024-10-02,USD/CAD,CAD,1.35928,1.36196,1.35452,1.35777
2024-10-03,USD/CAD,CAD,1.35777,1.35801,1.34881,1.35077
2024-10-04,USD/CAD,CAD,1.35077,1.35998,1.3489,1.35496
2024-10-05,USD/CAD,CAD,1.35496,1.36612,1.35414,1.36284
2024-10-06,USD/CAD,CAD,1.36284,1.36754,1.35217,1.35755
2024-10-07,USD/CAD,CAD,1.35755,1.35877,1.35165,1.35831
2024-10-08,USD/CAD,CAD,1.35831,1.36391,1.35431,1.35988
2024-10-09,USD/CAD,CAD,1.35988,1.36674,1.35879,1.3628
2024-10-10,USD/CAD,CAD,1.3628,1.372,1.35889,1.36572
2024-10-11,USD/CAD,CAD,1.36572,1.37269,1.36031,1.36962
2024-10-12,USD/CAD,CAD,1.36962,1.37345,1.36688,1.37312
2024-10-13,USD/CAD,CAD,1.37312,1.37539,1.36738,1.37034
2024-10-14,USD/CAD,CAD,1.37034,1.37041,1.36654,1.36882
2024-10-15,USD/CAD,CAD,1.36882,1.37649,1.36559,1.37607
2024-10-16,USD/CAD,CAD,1.37607,1.37651,1.37028,1.37293
2024-10-17,USD/CAD,CAD,1.37293,1.37942,1.36599,1.36707
2024-10-18,USD/CAD,CAD,1.36707,1.36947,1.367,1.36913
2024-10-19,USD/CAD,CAD,1.36913,1.37269,1.36846,1.36849
2024-10-20,USD/CAD,CAD,1.36849,1.37339,1.3678,1.37186
2024-10-21,USD/CAD,CAD,1.37186,1.37614,1.36543,1.36835
2024-10-22,USD/CAD,CAD,1.36835,1.36945,1.3657,1.36694
2024-10-23,USD/CAD,CAD,1.36694,1.37122,1.36206,1.37011
2024-10-24,USD/CAD,CAD,1.37011,1.37071,1.36382,1.36654
2024-10-25,USD/CAD,CAD,1.36654,1.36845,1.36599,1.36839
2024-10-26,USD/CAD,CAD,1.36839,1.37591,1.36634,1.37361
2024-10-27,USD/CAD,CAD,1.37361,1.37401,1.36605,1.37024
2024-10-28,USD/CAD,CAD,1.37024,1.37053,1.361,1.36735
2024-10-29,USD/CAD,CAD,1.36735,1.3736,1.36658,1.36781
2024-10-30,USD/CAD,CAD,1.36781,1.3732,1.3646,1.36613
2024-10-31,USD/CAD,CAD,1.36613,1.36777,1.36231,1.36333
2024-11-01,USD/CAD,CAD,1.36333,1.3666,1.35087,1.35467
2024-11-02,USD/CAD,CAD,1.35467,1.36412,1.3538,1.36265
2024-11-03,USD/CAD,CAD,1.36265,1.36927,1.35693,1.3663
2024-11-04,USD/CAD,CAD,1.3663,1.36688,1.36362,1.36612
2024-11-05,USD/CAD,CAD,1.36612,1.37391,1.36341,1.36848
2024-11-06,USD/CAD,CAD,1.36848,1.37313,1.368,1.37107
2024-11-07,USD/CAD,CAD,1.37107,1.38089,1.36894,1.37781
2024-11-08,USD/CAD,CAD,1.37781,1.38091,1.37329,1.37523
2024-11-09,USD/CAD,CAD,1.37523,1.37904,1.3662,1.37084
2024-11-10,USD/CAD,CAD,1.37084,1.37149,1.36694,1.367
2024-11-11,USD/CAD,CAD,1.367,1.37653,1.3611,1.37088
2024-11-12,USD/CAD,CAD,1.37088,1.37181,1.36459,1.3695
2024-11-13,USD/CAD,CAD,1.3695,1.371,1.36641,1.36738
2024-11-14,USD/CAD,CAD,1.36738,1.37744,1.35971,1.36064
2024-11-15,USD/CAD,CAD,1.36064,1.36496,1.35973,1.36114
2024-11-16,USD/CAD,CAD,1.36114,1.36772,1.35671,1.36044
2024-11-17,USD/CAD,CAD,1.36044,1.3707,1.35916,1.36391
2024-11-18,USD/CAD,CAD,1.36391,1.36928,1.36361,1.36874
2024-11-19,USD/CAD,CAD,1.36874,1.37938,1.36418,1.37353
2024-11-20,USD/CAD,CAD,1.37353,1.37377,1.36789,1.36886
2024-11-21,USD/CAD,CAD,1.36886,1.37022,1.36486,1.36773
2024-11-22,USD/CAD,CAD,1.36773,1.37806,1.36658,1.37214
2024-11-23,USD/CAD,CAD,1.37214,1.3734,1.35957,1.36616
2024-11-24,USD/CAD,CAD,1.36616,1.36856,1.36166,1.36409
2024-11-25,USD/CAD,CAD,1.36409,1.36496,1.36087,1.36494
2024-11-26,USD/CAD,CAD,1.36494,1.36882,1.35363,1.35499
2024-11-27,USD/CAD,CAD,1.35499,1.36012,1.35319,1.35976
2024-11-28,USD/CAD,CAD,1.35976,1.36205,1.35118,1.3559
2024-11-29,USD/CAD,CAD,1.3559,1.36263,1.35077,1.36052
2024-11-30,USD/CAD,CAD,1.36052,1.36731,1.3551,1.35901
2024-12-01,USD/CAD,CAD,1.35901,1.3592,1.35108,1.35233
2024-12-02,USD/CAD,CAD,1.35233,1.36033,1.34871,1.34905
2024-12-03,USD/CAD,CAD,1.34905,1.35176,1.34444,1.34566
2024-12-04,USD/CAD,CAD,1.34566,1.34569,1.34205,1.3451
2024-12-05,USD/CAD,CAD,1.3451,1.35115,1.34309,1.34416
2024-12-06,USD/CAD,CAD,1.34416,1.34516,1.32876,1.33189
2024-12-07,USD/CAD,CAD,1.33189,1.33433,1.32346,1.32739
2024-12-08,USD/CAD,CAD,1.32739,1.3279,1.30368,1.31335
2024-12-09,USD/CAD,CAD,1.31335,1.31338,1.30453,1.31287
2024-12-10,USD/CAD,CAD,1.31287,1.32194,1.31002,1.32097
2024-12-11,USD/CAD,CAD,1.32097,1.33328,1.31681,1.32718
2024-12-12,USD/CAD,CAD,1.32718,1.3333,1.3163,1.31742
2024-12-13,USD/CAD,CAD,1.31742,1.32123,1.31549,1.32022
2024-12-14,USD/CAD,CAD,1.32022,1.32148,1.31985,1.32056
2024-12-15,USD/CAD,CAD,1.32056,1.32072,1.31708,1.318
2024-12-16,USD/CAD,CAD,1.318,1.32347,1.31346,1.31848
2024-12-17,USD/CAD,CAD,1.31848,1.3241,1.31651,1.32306
2024-12-18,USD/CAD,CAD,1.32306,1.32805,1.31561,1.31845
2024-12-19,USD/CAD,CAD,1.31845,1.3207,1.31316,1.31753
2024-12-20,USD/CAD,CAD,1.31753,1.32454,1.31616,1.3183
2024-12-21,USD/CAD,CAD,1.3183,1.32186,1.30308,1.30813
2024-12-22,USD/CAD,CAD,1.30813,1.31171,1.30096,1.30911
2024-12-23,USD/CAD,CAD,1.30911,1.31765,1.30868,1.31515
2024-12-24,USD/CAD,CAD,1.31515,1.31911,1.31506,1.3162
2024-12-25,USD/CAD,CAD,1.3162,1.31861,1.31188,1.31189
2024-12-26,USD/CAD,CAD,1.31189,1.31853,1.3093,1.31709
2024-12-27,USD/CAD,CAD,1.31709,1.32114,1.31409,1.31983
2024-12-28,USD/CAD,CAD,1.31983,1.33174,1.31713,1.33052
2024-12-29,USD/CAD,CAD,1.33052,1.3309,1.32726,1.32736
2024-12-30,USD/CAD,CAD,1.32736,1.33573,1.32551,1.32655
2024-12-31,USD/CAD,CAD,1.32655,1.33562,1.32508,1.32906
2025-01-01,USD/CAD,CAD,1.32906,1.33573,1.32051,1.33393
2025-01-02,USD/CAD,CAD,1.33393,1.33398,1.3313,1.33377
2025-01-03,USD/CAD,CAD,1.33377,1.34368,1.33085,1.34237
2025-01-04,USD/CAD,CAD,1.34237,1.34305,1.33573,1.33737
2025-01-05,USD/CAD,CAD,1.33737,1.34004,1.33346,1.33505
2025-01-06,USD/CAD,CAD,1.33505,1.33833,1.3334,1.33525
2025-01-07,USD/CAD,CAD,1.33525,1.33605,1.32479,1.32488
2025-01-08,USD/CAD,CAD,1.32488,1.3274,1.32357,1.32569
2025-01-09,USD/CAD,CAD,1.32569,1.32586,1.32047,1.32524
2025-01-10,USD/CAD,CAD,1.32524,1.32541,1.32028,1.32277
2025-01-11,USD/CAD,CAD,1.32277,1.32866,1.32204,1.32643
2025-01-12,USD/CAD,CAD,1.32643,1.32947,1.32337,1.32694
2025-01-13,USD/CAD,CAD,1.32694,1.33707,1.32288,1.3299
2025-01-14,USD/CAD,CAD,1.3299,1.33806,1.32909,1.33641
2025-01-15,USD/CAD,CAD,1.33641,1.34308,1.33009,1.33261
2025-01-16,USD/CAD,CAD,1.33261,1.33382,1.32706,1.33032
2025-01-17,USD/CAD,CAD,1.33032,1.33036,1.3246,1.32721
2025-01-18,USD/CAD,CAD,1.32721,1.33186,1.31913,1.32954
2025-01-19,USD/CAD,CAD,1.32954,1.33517,1.32742,1.33434
2025-01-20,USD/CAD,CAD,1.33434,1.33672,1.33258,1.33561
2025-01-21,USD/CAD,CAD,1.33561,1.34376,1.33477,1.33897
2025-01-22,USD/CAD,CAD,1.33897,1.34235,1.33826,1.34136
2025-01-23,USD/CAD,CAD,1.34136,1.34423,1.33676,1.34079
2025-01-24,USD/CAD,CAD,1.34079,1.34188,1.33502,1.33643
2025-01-25,USD/CAD,CAD,1.33643,1.33668,1.32929,1.33239
2025-01-26,USD/CAD,CAD,1.33239,1.34223,1.33016,1.33833
2025-01-27,USD/CAD,CAD,1.33833,1.34298,1.32767,1.3331
2025-01-28,USD/CAD,CAD,1.3331,1.33591,1.33086,1.33543
2025-01-29,USD/CAD,CAD,1.33543,1.34215,1.33272,1.33932
2025-01-30,USD/CAD,CAD,1.33932,1.34153,1.333,1.3356
2025-01-31,USD/CAD,CAD,1.3356,1.34135,1.33201,1.3393
2025-02-01,USD/CAD,CAD,1.3393,1.33984,1.33449,1.3374
2025-02-02,USD/CAD,CAD,1.3374,1.35154,1.33474,1.34328
2025-02-03,USD/CAD,CAD,1.34328,1.35306,1.33631,1.3411
2025-02-04,USD/CAD,CAD,1.3411,1.34391,1.3357,1.3438
2025-02-05,USD/CAD,CAD,1.3438,1.35196,1.34272,1.35046
2025-02-06,USD/CAD,CAD,1.35046,1.35994,1.34564,1.35076
2025-02-07,USD/CAD,CAD,1.35076,1.35334,1.34976,1.35121
2025-02-08,USD/CAD,CAD,1.35121,1.35445,1.34225,1.34736
2025-02-09,USD/CAD,CAD,1.34736,1.35484,1.34543,1.35142
2025-02-10,USD/CAD,CAD,1.35142,1.35659,1.34965,1.35609
2025-02-11,USD/CAD,CAD,1.35609,1.35811,1.3531,1.35769
2025-02-12,USD/CAD,CAD,1.35769,1.36111,1.35581,1.35734
2025-02-13,USD/CAD,CAD,1.35734,1.3638,1.3563,1.36124
2025-02-14,USD/CAD,CAD,1.36124,1.36854,1.35598,1.3673
2025-02-15,USD/CAD,CAD,1.3673,1.36927,1.36419,1.36921
2025-02-16,USD/CAD,CAD,1.36921,1.36993,1.36443,1.36884
2025-02-17,USD/CAD,CAD,1.36884,1.37166,1.36585,1.3679
2025-02-18,USD/CAD,CAD,1.3679,1.37795,1.3619,1.37363
2025-02-19,USD/CAD,CAD,1.37363,1.37706,1.37042,1.37308
2025-02-20,USD/CAD,CAD,1.37308,1.37337,1.36971,1.37113
2025-02-21,USD/CAD,CAD,1.37113,1.37367,1.36656,1.36756
2025-02-22,USD/CAD,CAD,1.36756,1.36949,1.35709,1.36129
2025-02-23,USD/CAD,CAD,1.36129,1.36544,1.35212,1.35628
2025-02-24,USD/CAD,CAD,1.35628,1.35844,1.34519,1.34624
2025-02-25,USD/CAD,CAD,1.34624,1.34732,1.34452,1.34531
2025-02-26,USD/CAD,CAD,1.34531,1.3504,1.33702,1.34209
2025-02-27,USD/CAD,CAD,1.34209,1.34622,1.33948,1.34401
2025-02-28,USD/CAD,CAD,1.34401,1.34751,1.33622,1.33962
2025-03-01,USD/CAD,CAD,1.33962,1.34266,1.33692,1.33703
2025-03-02,USD/CAD,CAD,1.33703,1.34301,1.32756,1.32936
2025-03-03,USD/CAD,CAD,1.32936,1.33023,1.32553,1.32766
2025-03-04,USD/CAD,CAD,1.32766,1.34168,1.32485,1.336
2025-03-05,USD/CAD,CAD,1.336,1.33966,1.33331,1.33919
2025-03-06,USD/CAD,CAD,1.33919,1.34796,1.33319,1.34321
2025-03-07,USD/CAD,CAD,1.34321,1.34711,1.33563,1.33652
2025-03-08,USD/CAD,CAD,1.33652,1.34583,1.33642,1.34477
2025-03-09,USD/CAD,CAD,1.34477,1.35199,1.34071,1.35095
2025-03-10,USD/CAD,CAD,1.35095,1.35569,1.34891,1.34916
2025-03-11,USD/CAD,CAD,1.34916,1.36007,1.34693,1.35751
2025-03-12,USD/CAD,CAD,1.35751,1.36071,1.35518,1.35774
2025-03-13,USD/CAD,CAD,1.35774,1.38081,1.35475,1.37721
2025-03-14,USD/CAD,CAD,1.37721,1.38275,1.37061,1.37448
2025-03-15,USD/CAD,CAD,1.37448,1.38926,1.36928,1.38277
2025-03-16,USD/CAD,CAD,1.38277,1.38633,1.37455,1.37787
2025-03-17,USD/CAD,CAD,1.37787,1.38132,1.37056,1.37931
2025-03-18,USD/CAD,CAD,1.37931,1.38776,1.37241,1.38774
2025-03-19,USD/CAD,CAD,1.38774,1.39597,1.3806,1.39436
2025-03-20,USD/CAD,CAD,1.39436,1.39666,1.39266,1.3934
2025-03-21,USD/CAD,CAD,1.3934,1.39404,1.39153,1.39381
2025-03-22,USD/CAD,CAD,1.39381,1.39528,1.38685,1.38842
2025-03-23,USD/CAD,CAD,1.38842,1.39272,1.38406,1.38932
2025-03-24,USD/CAD,CAD,1.38932,1.38974,1.38625,1.38808
2025-03-25,USD/CAD,CAD,1.38808,1.39466,1.38611,1.39209
2025-03-26,USD/CAD,CAD,1.39209,1.39598,1.38719,1.38894
2025-03-27,USD/CAD,CAD,1.38894,1.39804,1.38868,1.391
2025-03-28,USD/CAD,CAD,1.391,1.40194,1.38735,1.39597
2025-03-29,USD/CAD,CAD,1.39597,1.39826,1.39131,1.39591
2025-03-30,USD/CAD,CAD,1.39591,1.39807,1.38445,1.39244
2025-03-31,USD/CAD,CAD,1.39244,1.39539,1.38512,1.38883
2025-04-01,USD/CAD,CAD,1.38883,1.39184,1.38496,1.39133
2025-04-02,USD/CAD,CAD,1.39133,1.39926,1.38846,1.39433
2025-04-03,USD/CAD,CAD,1.39433,1.40117,1.39009,1.40044
2025-04-04,USD/CAD,CAD,1.40044,1.40391,1.3987,1.39978
2025-04-05,USD/CAD,CAD,1.39978,1.40181,1.39474,1.39546
2025-04-06,USD/CAD,CAD,1.39546,1.40345,1.3954,1.39776
2025-04-07,USD/CAD,CAD,1.39776,1.40008,1.39467,1.39515
2025-04-08,USD/CAD,CAD,1.39515,1.40009,1.38847,1.39271
2025-04-09,USD/CAD,CAD,1.39271,1.39976,1.38927,1.39799
2025-04-10,USD/CAD,CAD,1.39799,1.39891,1.39581,1.39837
2025-04-11,USD/CAD,CAD,1.39837,1.39852,1.39168,1.39312
2025-04-12,USD/CAD,CAD,1.39312,1.39858,1.38919,1.3962
2025-04-13,USD/CAD,CAD,1.3962,1.39764,1.388,1.39059
2025-04-14,USD/CAD,CAD,1.39059,1.39212,1.38138,1.38517
2025-04-15,USD/CAD,CAD,1.38517,1.39072,1.38159,1.38354
2025-04-16,USD/CAD,CAD,1.38354,1.38765,1.38023,1.38181
2025-04-17,USD/CAD,CAD,1.38181,1.38838,1.37678,1.3777
2025-04-18,USD/CAD,CAD,1.3777,1.38081,1.37354,1.37779
2025-04-19,USD/CAD,CAD,1.37779,1.38231,1.376,1.38009
2025-04-20,USD/CAD,CAD,1.38009,1.38701,1.37772,1.38378
2025-04-21,USD/CAD,CAD,1.38378,1.38584,1.37198,1.37752
2025-04-22,USD/CAD,CAD,1.37752,1.37979,1.37323,1.37821
2025-04-23,USD/CAD,CAD,1.37821,1.38211,1.37468,1.37649
2025-04-24,USD/CAD,CAD,1.37649,1.38819,1.37273,1.38091
2025-04-25,USD/CAD,CAD,1.38091,1.39194,1.38067,1.38221
2025-04-26,USD/CAD,CAD,1.38221,1.38529,1.38207,1.3825
2025-04-27,USD/CAD,CAD,1.3825,1.38651,1.36791,1.37496
2025-04-28,USD/CAD,CAD,1.37496,1.37921,1.37189,1.37314
2025-04-29,USD/CAD,CAD,1.37314,1.37623,1.36712,1.37011
2025-04-30,USD/CAD,CAD,1.37011,1.37107,1.36412,1.36476
2025-05-01,USD/CAD,CAD,1.36476,1.36699,1.35773,1.35934
2025-05-02,USD/CAD,CAD,1.35934,1.36036,1.35616,1.35779
2025-05-03,USD/CAD,CAD,1.35779,1.36396,1.35552,1.36298
2025-05-04,USD/CAD,CAD,1.36298,1.36853,1.36284,1.36546
2025-05-05,USD/CAD,CAD,1.36546,1.36707,1.36029,1.36148
2025-05-06,USD/CAD,CAD,1.36148,1.37112,1.35868,1.36942
2025-05-07,USD/CAD,CAD,1.36942,1.36981,1.36269,1.368
2025-05-08,USD/CAD,CAD,1.368,1.37571,1.36599,1.37135
2025-05-09,USD/CAD,CAD,1.37135,1.37738,1.36732,1.37688
2025-05-10,USD/CAD,CAD,1.37688,1.37936,1.36979,1.37329
2025-05-11,USD/CAD,CAD,1.37329,1.38208,1.37039,1.37338
2025-05-12,USD/CAD,CAD,1.37338,1.37625,1.3689,1.37232
2025-05-13,USD/CAD,CAD,1.37232,1.37553,1.36644,1.37381
2025-05-14,USD/CAD,CAD,1.37381,1.38251,1.36966,1.38027
2025-05-15,USD/CAD,CAD,1.38027,1.38471,1.37533,1.37731
2025-05-16,USD/CAD,CAD,1.37731,1.38395,1.37713,1.38227
2025-05-17,USD/CAD,CAD,1.38227,1.38261,1.37851,1.37918
2025-05-18,USD/CAD,CAD,1.37918,1.38689,1.37825,1.38375
2025-05-19,USD/CAD,CAD,1.38375,1.38631,1.38053,1.38396
2025-05-20,USD/CAD,CAD,1.38396,1.38635,1.37279,1.37814
2025-05-21,USD/CAD,CAD,1.37814,1.38438,1.37268,1.38383
2025-05-22,USD/CAD,CAD,1.38383,1.38517,1.37983,1.38171
2025-05-23,USD/CAD,CAD,1.38171,1.38443,1.381,1.38181
2025-05-24,USD/CAD,CAD,1.38181,1.38287,1.37269,1.37768
2025-05-25,USD/CAD,CAD,1.37768,1.39229,1.37384,1.38513
2025-05-26,USD/CAD,CAD,1.38513,1.38953,1.38318,1.38625
2025-05-27,USD/CAD,CAD,1.38625,1.38832,1.3751,1.37842
2025-05-28,USD/CAD,CAD,1.37842,1.38307,1.3702,1.37231
2025-05-29,USD/CAD,CAD,1.37231,1.37569,1.36996,1.37294
2025-05-30,USD/CAD,CAD,1.37294,1.37318,1.3693,1.3711
2025-05-31,USD/CAD,CAD,1.3711,1.3745,1.36882,1.37019
2025-06-01,USD/CAD,CAD,1.37019,1.37779,1.3657,1.37492
2025-06-02,USD/CAD,CAD,1.37492,1.37628,1.36894,1.37543
2025-06-03,USD/CAD,CAD,1.37543,1.37594,1.36473,1.36749
2025-06-04,USD/CAD,CAD,1.36749,1.37334,1.362,1.36457
2025-06-05,USD/CAD,CAD,1.36457,1.36467,1.35199,1.36061
2025-06-06,USD/CAD,CAD,1.36061,1.36245,1.3541,1.35522
2025-06-07,USD/CAD,CAD,1.35522,1.3627,1.35388,1.3583
2025-06-08,USD/CAD,CAD,1.3583,1.37093,1.35807,1.36317
2025-06-09,USD/CAD,CAD,1.36317,1.36868,1.36311,1.36661
2025-06-10,USD/CAD,CAD,1.36661,1.3694,1.36164,1.36585
2025-06-11,USD/CAD,CAD,1.36585,1.37121,1.36004,1.36539
2025-06-12,USD/CAD,CAD,1.36539,1.37091,1.36325,1.3691
2025-06-13,USD/CAD,CAD,1.3691,1.37243,1.36132,1.36556
2025-06-14,USD/CAD,CAD,1.36556,1.37231,1.36268,1.36853
2025-06-15,USD/CAD,CAD,1.36853,1.37329,1.36453,1.36862
2025-06-16,USD/CAD,CAD,1.36862,1.38006,1.36811,1.37491
2025-06-17,USD/CAD,CAD,1.37491,1.37862,1.36251,1.36983
2025-06-18,USD/CAD,CAD,1.36983,1.37007,1.36314,1.36509
2025-06-19,USD/CAD,CAD,1.36509,1.36681,1.36326,1.36432
2025-06-20,USD/CAD,CAD,1.36432,1.36451,1.35631,1.35944
2025-06-21,USD/CAD,CAD,1.35944,1.36411,1.35733,1.35827
2025-06-22,USD/CAD,CAD,1.35827,1.37099,1.35626,1.36598
2025-06-23,USD/CAD,CAD,1.36598,1.36617,1.35712,1.36114
2025-06-24,USD/CAD,CAD,1.36114,1.3643,1.35481,1.35902
2025-06-25,USD/CAD,CAD,1.35902,1.36137,1.35319,1.35567
2025-06-26,USD/CAD,CAD,1.35567,1.35872,1.35444,1.35634
2025-06-27,USD/CAD,CAD,1.35634,1.36177,1.35339,1.35604
2025-06-28,USD/CAD,CAD,1.35604,1.36571,1.3539,1.35398
2025-06-29,USD/CAD,CAD,1.35398,1.35983,1.34876,1.35078
2025-06-30,USD/CAD,CAD,1.35078,1.35254,1.34377,1.34605
2025-07-01,USD/CAD,CAD,1.34605,1.34781,1.33913,1.34271
2025-07-02,USD/CAD,CAD,1.34271,1.34864,1.33448,1.33646
2025-07-03,USD/CAD,CAD,1.33646,1.33647,1.33361,1.33534
2025-07-04,USD/CAD,CAD,1.33534,1.34211,1.33409,1.33951
2025-07-05,USD/CAD,CAD,1.33951,1.34016,1.33681,1.33736
2025-07-06,USD/CAD,CAD,1.33736,1.33987,1.33567,1.33734
2025-07-07,USD/CAD,CAD,1.33734,1.34199,1.32964,1.3309
2025-07-08,USD/CAD,CAD,1.3309,1.34162,1.33019,1.3387
2025-07-09,USD/CAD,CAD,1.3387,1.3406,1.33581,1.33642
2025-07-10,USD/CAD,CAD,1.33642,1.34399,1.33367,1.34242
2025-07-11,USD/CAD,CAD,1.34242,1.35453,1.34044,1.35426
2025-07-12,USD/CAD,CAD,1.35426,1.36203,1.3485,1.36039
2025-07-13,USD/CAD,CAD,1.36039,1.36537,1.35592,1.35662
2025-07-14,USD/CAD,CAD,1.35662,1.36887,1.35268,1.36224
2025-07-15,USD/CAD,CAD,1.36224,1.37274,1.35858,1.36781
2025-07-16,USD/CAD,CAD,1.36781,1.36957,1.36419,1.36431
2025-07-17,USD/CAD,CAD,1.36431,1.36482,1.36153,1.36359
2025-07-18,USD/CAD,CAD,1.36359,1.37035,1.35724,1.36652
2025-07-19,USD/CAD,CAD,1.36652,1.36834,1.3643,1.36644
2025-07-20,USD/CAD,CAD,1.36644,1.36882,1.35797,1.36145
2025-07-21,USD/CAD,CAD,1.36145,1.36566,1.35573,1.36093
2025-07-22,USD/CAD,CAD,1.36093,1.36513,1.35699,1.36115
2025-07-23,USD/CAD,CAD,1.36115,1.36865,1.36079,1.36165
2025-07-24,USD/CAD,CAD,1.36165,1.3706,1.3595,1.36106
2025-07-25,USD/CAD,CAD,1.36106,1.37025,1.35816,1.36478
2025-07-26,USD/CAD,CAD,1.36478,1.37048,1.36474,1.36681
2025-07-27,USD/CAD,CAD,1.36681,1.36768,1.3542,1.35684
2025-07-28,USD/CAD,CAD,1.35684,1.35772,1.34874,1.35274
2025-07-29,USD/CAD,CAD,1.35274,1.3563,1.34162,1.34163
2025-07-30,USD/CAD,CAD,1.34163,1.35146,1.34041,1.3485
2025-07-31,USD/CAD,CAD,1.3485,1.35046,1.34482,1.34816
2025-08-01,USD/CAD,CAD,1.34816,1.35338,1.34713,1.34956
2025-08-02,USD/CAD,CAD,1.34956,1.34979,1.34456,1.34527
2025-08-03,USD/CAD,CAD,1.34527,1.34987,1.33858,1.34011
2025-08-04,USD/CAD,CAD,1.34011,1.34068,1.33715,1.33838
2025-08-05,USD/CAD,CAD,1.33838,1.34925,1.33414,1.34491
2025-08-06,USD/CAD,CAD,1.34491,1.34783,1.34056,1.34263
2025-08-07,USD/CAD,CAD,1.34263,1.34654,1.34012,1.34246
2025-08-08,USD/CAD,CAD,1.34246,1.34341,1.33441,1.34026
2025-08-09,USD/CAD,CAD,1.34026,1.34378,1.33695,1.33732
2025-08-10,USD/CAD,CAD,1.33732,1.34672,1.33235,1.34175
2025-08-11,USD/CAD,CAD,1.34175,1.34427,1.33553,1.34103
2025-08-12,USD/CAD,CAD,1.34103,1.34466,1.34044,1.34407
2025-08-13,USD/CAD,CAD,1.34407,1.34517,1.33854,1.34021
2025-08-14,USD/CAD,CAD,1.34021,1.34251,1.33453,1.33979
2025-08-15,USD/CAD,CAD,1.33979,1.35622,1.33917,1.3515
2025-08-16,USD/CAD,CAD,1.3515,1.35841,1.34352,1.34385
2025-08-17,USD/CAD,CAD,1.34385,1.34896,1.34248,1.34462
2025-08-18,USD/CAD,CAD,1.34462,1.34789,1.33883,1.34399
2025-08-19,USD/CAD,CAD,1.34399,1.3523,1.34386,1.34799
2025-08-20,USD/CAD,CAD,1.34799,1.34982,1.34533,1.34863
2025-08-21,USD/CAD,CAD,1.34863,1.35289,1.34766,1.35223
2025-08-22,USD/CAD,CAD,1.35223,1.36198,1.35198,1.35873
2025-08-23,USD/CAD,CAD,1.35873,1.35993,1.34925,1.35166
2025-08-24,USD/CAD,CAD,1.35166,1.35253,1.33833,1.33976
2025-08-25,USD/CAD,CAD,1.33976,1.34287,1.33832,1.33883
2025-08-26,USD/CAD,CAD,1.33883,1.34634,1.33552,1.34481
2025-08-27,USD/CAD,CAD,1.34481,1.34742,1.34134,1.34135
2025-08-28,USD/CAD,CAD,1.34135,1.3429,1.33915,1.34287
2025-08-29,USD/CAD,CAD,1.34287,1.34775,1.33043,1.33185
2025-08-30,USD/CAD,CAD,1.33185,1.33366,1.32297,1.32316
2025-08-31,USD/CAD,CAD,1.32316,1.3255,1.31875,1.31966
2025-09-01,USD/CAD,CAD,1.31966,1.32719,1.31772,1.32394
2025-09-02,USD/CAD,CAD,1.32394,1.33215,1.32038,1.32085
2025-09-03,USD/CAD,CAD,1.32085,1.32827,1.31791,1.32482
2025-09-04,USD/CAD,CAD,1.32482,1.32489,1.31672,1.31952
2025-09-05,USD/CAD,CAD,1.31952,1.32117,1.31567,1.32019
2025-09-06,USD/CAD,CAD,1.32019,1.32094,1.31157,1.31708
2025-09-07,USD/CAD,CAD,1.31708,1.32136,1.31401,1.31627
2025-09-08,USD/CAD,CAD,1.31627,1.31747,1.30932,1.31233
2025-09-09,USD/CAD,CAD,1.31233,1.31595,1.30519,1.31348
2025-09-10,USD/CAD,CAD,1.31348,1.31528,1.31174,1.31478
2025-09-11,USD/CAD,CAD,1.31478,1.3174,1.31061,1.31196
2025-09-12,USD/CAD,CAD,1.31196,1.31839,1.31054,1.31835
2025-09-13,USD/CAD,CAD,1.31835,1.32356,1.31375,1.31701
2025-09-14,USD/CAD,CAD,1.31701,1.32325,1.3164,1.32085
2025-09-15,USD/CAD,CAD,1.32085,1.32642,1.31537,1.32339
2025-09-16,USD/CAD,CAD,1.32339,1.3278,1.31896,1.32759
2025-09-17,USD/CAD,CAD,1.32759,1.32913,1.32518,1.32826
2025-09-18,USD/CAD,CAD,1.32826,1.33435,1.32112,1.33403
2025-09-19,USD/CAD,CAD,1.33403,1.33546,1.32382,1.32653
2025-09-20,USD/CAD,CAD,1.32653,1.32722,1.31353,1.31845
2025-09-21,USD/CAD,CAD,1.31845,1.31857,1.31401,1.31778
2025-09-22,USD/CAD,CAD,1.31778,1.32085,1.31111,1.31144
2025-09-23,USD/CAD,CAD,1.31144,1.31722,1.30697,1.31577
2025-09-24,USD/CAD,CAD,1.31577,1.32012,1.30905,1.31066
2025-09-25,USD/CAD,CAD,1.31066,1.31877,1.30855,1.31686
2025-09-26,USD/CAD,CAD,1.31686,1.31747,1.30821,1.31046
2025-09-27,USD/CAD,CAD,1.31046,1.31114,1.30201,1.3044
2025-09-28,USD/CAD,CAD,1.3044,1.30886,1.29099,1.29216
2025-09-29,USD/CAD,CAD,1.29216,1.29651,1.28647,1.29514
2025-09-30,USD/CAD,CAD,1.29514,1.29764,1.29503,1.29737
2025-10-01,USD/CAD,CAD,1.29737,1.30444,1.29099,1.3019
2025-10-02,USD/CAD,CAD,1.3019,1.30485,1.30127,1.30255
2025-10-03,USD/CAD,CAD,1.30255,1.30769,1.29766,1.3043
2025-10-04,USD/CAD,CAD,1.3043,1.30972,1.30349,1.30434
2025-10-05,USD/CAD,CAD,1.30434,1.30989,1.30115,1.30824
2025-10-06,USD/CAD,CAD,1.30824,1.31094,1.3048,1.30487
2025-10-07,USD/CAD,CAD,1.30487,1.30577,1.29764,1.29848
2025-10-08,USD/CAD,CAD,1.29848,1.30726,1.2964,1.30591
2025-10-09,USD/CAD,CAD,1.30591,1.31403,1.30536,1.31079
2025-10-10,USD/CAD,CAD,1.31079,1.32124,1.30704,1.32098
2025-10-11,USD/CAD,CAD,1.32098,1.33008,1.31993,1.32506
2025-10-12,USD/CAD,CAD,1.32506,1.32682,1.3225,1.3257
2025-10-13,USD/CAD,CAD,1.3257,1.32731,1.32064,1.32097
2025-10-14,USD/CAD,CAD,1.32097,1.33216,1.31625,1.326
2025-10-15,USD/CAD,CAD,1.326,1.33308,1.32461,1.32966
2025-10-16,USD/CAD,CAD,1.32966,1.33272,1.32769,1.33057
2025-10-17,USD/CAD,CAD,1.33057,1.33548,1.32707,1.33365
2025-10-18,USD/CAD,CAD,1.33365,1.33683,1.32743,1.3298
2025-10-19,USD/CAD,CAD,1.3298,1.33161,1.32168,1.32581
2025-10-20,USD/CAD,CAD,1.32581,1.32796,1.32476,1.32789
2025-10-21,USD/CAD,CAD,1.32789,1.33231,1.32367,1.32848
2025-10-22,USD/CAD,CAD,1.32848,1.32876,1.32812,1.32816
2025-10-23,USD/CAD,CAD,1.32816,1.33178,1.32625,1.33105
2025-10-24,USD/CAD,CAD,1.33105,1.33726,1.33017,1.33045
2025-10-25,USD/CAD,CAD,1.33045,1.34163,1.32972,1.34043
2025-10-26,USD/CAD,CAD,1.34043,1.34538,1.33319,1.33658
2025-10-27,USD/CAD,CAD,1.33658,1.33793,1.33104,1.33283
2025-10-28,USD/CAD,CAD,1.33283,1.33802,1.33253,1.33364
2025-10-29,USD/CAD,CAD,1.33364,1.34657,1.33313,1.34253
2025-10-30,USD/CAD,CAD,1.34253,1.34575,1.33254,1.34023
2025-10-31,USD/CAD,CAD,1.34023,1.34059,1.32875,1.33405
2025-11-01,USD/CAD,CAD,1.33405,1.33965,1.32996,1.33503
2025-11-02,USD/CAD,CAD,1.33503,1.34432,1.33181,1.34219
2025-11-03,USD/CAD,CAD,1.34219,1.35204,1.33781,1.34855
2025-11-04,USD/CAD,CAD,1.34855,1.35381,1.344,1.34446
2025-11-05,USD/CAD,CAD,1.34446,1.34717,1.33937,1.34592
2025-11-06,USD/CAD,CAD,1.34592,1.34888,1.3347,1.33846
2025-11-07,USD/CAD,CAD,1.33846,1.34377,1.33567,1.34214
2025-11-08,USD/CAD,CAD,1.34214,1.34711,1.3394,1.33954
2025-11-09,USD/CAD,CAD,1.33954,1.34223,1.33405,1.33624
2025-11-10,USD/CAD,CAD,1.33624,1.34473,1.33446,1.34347
2025-11-11,USD/CAD,CAD,1.34347,1.35167,1.33835,1.3495
2025-11-12,USD/CAD,CAD,1.3495,1.3553,1.34102,1.35038
2025-11-13,USD/CAD,CAD,1.35038,1.3642,1.35016,1.35668
2025-11-14,USD/CAD,CAD,1.35668,1.36068,1.35361,1.35909
2025-11-15,USD/CAD,CAD,1.35909,1.36793,1.35107,1.35381
2025-11-16,USD/CAD,CAD,1.35381,1.35893,1.34126,1.34752
2025-11-17,USD/CAD,CAD,1.34752,1.35198,1.33822,1.34148
2025-11-18,USD/CAD,CAD,1.34148,1.34282,1.33278,1.33476
2025-11-19,USD/CAD,CAD,1.33476,1.34218,1.33442,1.33797
2025-11-20,USD/CAD,CAD,1.33797,1.33959,1.3343,1.33504
2025-11-21,USD/CAD,CAD,1.33504,1.33577,1.32582,1.33277
2025-11-22,USD/CAD,CAD,1.33277,1.33632,1.32902,1.33101
2025-11-23,USD/CAD,CAD,1.33101,1.33583,1.32281,1.33041
2025-11-24,USD/CAD,CAD,1.33041,1.33169,1.32838,1.32892
2025-11-25,USD/CAD,CAD,1.32892,1.34204,1.32798,1.33629
2025-11-26,USD/CAD,CAD,1.33629,1.34567,1.33207,1.34523
2025-11-27,USD/CAD,CAD,1.34523,1.34594,1.33801,1.34258
2025-11-28,USD/CAD,CAD,1.34258,1.34542,1.33621,1.34114
2025-11-29,USD/CAD,CAD,1.34114,1.34279,1.33004,1.33495
2025-11-30,USD/CAD,CAD,1.33495,1.33625,1.334,1.33526
2025-12-01,USD/CAD,CAD,1.33526,1.34211,1.33291,1.34001
2025-12-02,USD/CAD,CAD,1.34001,1.34682,1.33373,1.33647
2025-12-03,USD/CAD,CAD,1.33647,1.33835,1.33243,1.33271
2025-12-04,USD/CAD,CAD,1.33271,1.33489,1.32899,1.33411
2025-12-05,USD/CAD,CAD,1.33411,1.34408,1.32947,1.34101
2025-12-06,USD/CAD,CAD,1.34101,1.34244,1.33808,1.33876
2025-12-07,USD/CAD,CAD,1.33876,1.3476,1.3381,1.34361
2025-12-08,USD/CAD,CAD,1.34361,1.34973,1.33519,1.33709
2025-12-09,USD/CAD,CAD,1.33709,1.33848,1.32934,1.3345
2025-12-10,USD/CAD,CAD,1.3345,1.34407,1.33375,1.33902
2025-12-11,USD/CAD,CAD,1.33902,1.34365,1.33866,1.34008
2025-12-12,USD/CAD,CAD,1.34008,1.34292,1.33997,1.34282
2025-12-13,USD/CAD,CAD,1.34282,1.34385,1.33702,1.3432
2025-12-14,USD/CAD,CAD,1.3432,1.34404,1.33906,1.33991
2025-12-15,USD/CAD,CAD,1.33991,1.34102,1.3363,1.33926
2025-12-16,USD/CAD,CAD,1.33926,1.34031,1.33714,1.33716
2025-12-17,USD/CAD,CAD,1.33716,1.33947,1.33363,1.33885
2025-12-18,USD/CAD,CAD,1.33885,1.34776,1.32902,1.33288
2025-12-19,USD/CAD,CAD,1.33288,1.33464,1.32945,1.33068
2025-12-20,USD/CAD,CAD,1.33068,1.33442,1.32987,1.33291
2025-12-21,USD/CAD,CAD,1.33291,1.33425,1.33207,1.33318
2025-12-22,USD/CAD,CAD,1.33318,1.33778,1.33313,1.3377
2025-12-23,USD/CAD,CAD,1.3377,1.34559,1.33228,1.34229
2025-12-24,USD/CAD,CAD,1.34229,1.3454,1.3327,1.33476
2025-12-25,USD/CAD,CAD,1.33476,1.33562,1.3274,1.33099
2025-12-26,USD/CAD,CAD,1.33099,1.33249,1.32451,1.32747
2025-12-27,USD/CAD,CAD,1.32747,1.32795,1.32191,1.32293
2025-12-28,USD/CAD,CAD,1.32293,1.32591,1.31912,1.31957
2025-12-29,USD/CAD,CAD,1.31957,1.32515,1.31666,1.32297
2025-12-30,USD/CAD,CAD,1.32297,1.32858,1.31752,1.32575
2025-12-31,USD/CAD,CAD,1.32575,1.32956,1.32198,1.3242
2026-01-01,USD/CAD,CAD,1.3242,1.32562,1.32288,1.32421
2026-01-02,USD/CAD,CAD,1.32421,1.32831,1.32303,1.32468
2026-01-03,USD/CAD,CAD,1.32468,1.32927,1.32094,1.32378
2026-01-04,USD/CAD,CAD,1.32378,1.32557,1.32274,1.32554
2026-01-05,USD/CAD,CAD,1.32554,1.33089,1.31885,1.32168
2026-01-06,USD/CAD,CAD,1.32168,1.32441,1.32156,1.32276
2026-01-07,USD/CAD,CAD,1.32276,1.32936,1.32274,1.32471
2026-01-08,USD/CAD,CAD,1.32471,1.33577,1.32427,1.32977
2026-01-09,USD/CAD,CAD,1.32977,1.33749,1.32591,1.32996
2026-01-10,USD/CAD,CAD,1.32996,1.33207,1.3241,1.32735
2026-01-11,USD/CAD,CAD,1.32735,1.33104,1.32193,1.32307
2026-01-12,USD/CAD,CAD,1.32307,1.32614,1.32093,1.32527
2026-01-13,USD/CAD,CAD,1.32527,1.33233,1.32388,1.33149
2026-01-14,USD/CAD,CAD,1.33149,1.33214,1.32764,1.33116
2026-01-15,USD/CAD,CAD,1.33116,1.33326,1.32589,1.32876
2026-01-16,USD/CAD,CAD,1.32876,1.33474,1.31834,1.32501
2026-01-17,USD/CAD,CAD,1.32501,1.32963,1.31873,1.31879
2026-01-18,USD/CAD,CAD,1.31879,1.32273,1.3186,1.32092
2026-01-19,USD/CAD,CAD,1.32092,1.32445,1.32012,1.32061
2026-01-20,USD/CAD,CAD,1.32061,1.32865,1.31853,1.32654
2026-01-21,USD/CAD,CAD,1.32654,1.32901,1.32032,1.32444
2026-01-22,USD/CAD,CAD,1.32444,1.32715,1.32166,1.32274
2026-01-23,USD/CAD,CAD,1.32274,1.32374,1.31594,1.32234
2026-01-24,USD/CAD,CAD,1.32234,1.32631,1.31757,1.32622
2026-01-25,USD/CAD,CAD,1.32622,1.32863,1.32014,1.32411
2026-01-26,USD/CAD,CAD,1.32411,1.33324,1.32394,1.3332
2026-01-27,USD/CAD,CAD,1.3332,1.33489,1.32642,1.33036
2026-01-28,USD/CAD,CAD,1.33036,1.34411,1.32701,1.33959
2026-01-29,USD/CAD,CAD,1.33959,1.3403,1.32952,1.33365
2026-01-30,USD/CAD,CAD,1.33365,1.33962,1.33143,1.33619
2026-01-31,USD/CAD,CAD,1.33619,1.33826,1.32905,1.33427
2026-02-01,USD/CAD,CAD,1.33427,1.33651,1.3217,1.32608
2026-02-02,USD/CAD,CAD,1.32608,1.33291,1.32016,1.32202
2026-02-03,USD/CAD,CAD,1.32202,1.32932,1.31796,1.32842
2026-02-04,USD/CAD,CAD,1.32842,1.33696,1.32807,1.33276
2026-02-05,USD/CAD,CAD,1.33276,1.34427,1.33043,1.34145
2026-02-06,USD/CAD,CAD,1.34145,1.34361,1.33727,1.33802
2026-02-07,USD/CAD,CAD,1.33802,1.3426,1.33758,1.34025
2026-02-08,USD/CAD,CAD,1.34025,1.34762,1.33335,1.33676
2026-02-09,USD/CAD,CAD,1.33676,1.33713,1.32922,1.33035
2026-02-10,USD/CAD,CAD,1.33035,1.33272,1.32943,1.33175
2026-02-11,USD/CAD,CAD,1.33175,1.33628,1.32585,1.33378
2026-02-12,USD/CAD,CAD,1.33378,1.33501,1.33068,1.33479
2026-02-13,USD/CAD,CAD,1.33479,1.33895,1.33413,1.33666
2026-02-14,USD/CAD,CAD,1.33666,1.34001,1.33437,1.33901
2026-02-15,USD/CAD,CAD,1.33901,1.34602,1.3386,1.34293
2026-02-16,USD/CAD,CAD,1.34293,1.34503,1.33644,1.33847
2026-02-17,USD/CAD,CAD,1.33847,1.35015,1.33691,1.34898
2026-02-18,USD/CAD,CAD,1.34898,1.35234,1.34426,1.34659
2026-02-19,USD/CAD,CAD,1.34659,1.35126,1.32999,1.33763
2026-02-20,USD/CAD,CAD,1.33763,1.34166,1.33349,1.33651
2026-02-21,USD/CAD,CAD,1.33651,1.34311,1.33321,1.34241
2026-02-22,USD/CAD,CAD,1.34241,1.34504,1.33975,1.3399
2026-02-23,USD/CAD,CAD,1.3399,1.34716,1.33332,1.34065
2026-02-24,USD/CAD,CAD,1.34065,1.34173,1.33727,1.34051
2026-02-25,USD/CAD,CAD,1.34051,1.34408,1.33933,1.34205
2026-02-26,USD/CAD,CAD,1.34205,1.34621,1.33533,1.33806
2026-02-27,USD/CAD,CAD,1.33806,1.34634,1.33663,1.34199
2026-02-28,USD/CAD,CAD,1.34199,1.34967,1.34124,1.34837
2026-03-01,USD/CAD,CAD,1.34837,1.34845,1.34656,1.34835
2026-03-02,USD/CAD,CAD,1.34835,1.35643,1.34803,1.35541
2026-03-03,USD/CAD,CAD,1.35541,1.36746,1.35148,1.3571
2026-03-04,USD/CAD,CAD,1.3571,1.3619,1.35264,1.35345
2026-03-05,USD/CAD,CAD,1.35345,1.35614,1.35158,1.35453
2026-03-06,USD/CAD,CAD,1.35453,1.3569,1.35345,1.35516
2026-03-07,USD/CAD,CAD,1.35516,1.36236,1.3521,1.36
2026-03-08,USD/CAD,CAD,1.36,1.36573,1.35945,1.36474
2026-03-09,USD/CAD,CAD,1.36474,1.36611,1.35956,1.36138
2026-03-10,USD/CAD,CAD,1.36138,1.36579,1.35895,1.36458
2026-03-11,USD/CAD,CAD,1.36458,1.36958,1.35804,1.35953
2026-03-12,USD/CAD,CAD,1.35953,1.36106,1.34614,1.35476
2026-03-13,USD/CAD,CAD,1.35476,1.35589,1.35243,1.35309
2026-03-14,USD/CAD,CAD,1.35309,1.3558,1.35196,1.35246
2026-03-15,USD/CAD,CAD,1.35246,1.35822,1.34861,1.35713
2026-03-16,USD/CAD,CAD,1.35713,1.35905,1.35546,1.35565
2026-03-17,USD/CAD,CAD,1.35565,1.36195,1.35534,1.36143
2026-03-18,USD/CAD,CAD,1.36143,1.37226,1.35943,1.36919
2026-03-19,USD/CAD,CAD,1.36919,1.37951,1.36223,1.37778
2026-03-20,USD/CAD,CAD,1.37778,1.3871,1.37619,1.38147
2026-03-21,USD/CAD,CAD,1.38147,1.38312,1.37263,1.37391
2026-03-22,USD/CAD,CAD,1.37391,1.37513,1.36691,1.37053
2026-03-23,USD/CAD,CAD,1.37053,1.37245,1.36404,1.36742
2026-03-24,USD/CAD,CAD,1.36742,1.36855,1.36311,1.3666
2026-03-25,USD/CAD,CAD,1.3666,1.36832,1.35697,1.36088
2026-03-26,USD/CAD,CAD,1.36088,1.36247,1.36001,1.36055
2026-03-27,USD/CAD,CAD,1.36055,1.36165,1.35174,1.3608
2026-03-28,USD/CAD,CAD,1.3608,1.36375,1.35564,1.35616
2026-03-29,USD/CAD,CAD,1.35616,1.35919,1.35527,1.35698
2026-03-30,USD/CAD,CAD,1.35698,1.36201,1.34695,1.35135
2026-03-31,USD/CAD,CAD,1.35135,1.3525,1.34387,1.34592
2026-04-01,USD/CAD,CAD,1.34592,1.35016,1.33858,1.34653
2026-04-02,USD/CAD,CAD,1.34653,1.3508,1.34536,1.34978
2026-04-03,USD/CAD,CAD,1.34978,1.35528,1.34963,1.35058
2026-04-04,USD/CAD,CAD,1.35058,1.35618,1.345,1.34677
2026-04-05,USD/CAD,CAD,1.34677,1.35007,1.34323,1.34784
2026-04-06,USD/CAD,CAD,1.34784,1.34831,1.34598,1.34604
2026-04-07,USD/CAD,CAD,1.34604,1.34685,1.34058,1.34454
2026-04-08,USD/CAD,CAD,1.34454,1.34622,1.33905,1.33964
2026-04-09,USD/CAD,CAD,1.33964,1.3433,1.33947,1.34031
2026-04-10,USD/CAD,CAD,1.34031,1.34484,1.33858,1.34238
2026-04-11,USD/CAD,CAD,1.34238,1.34455,1.34193,1.34368
2026-04-12,USD/CAD,CAD,1.34368,1.3453,1.34203,1.34231
2026-04-13,USD/CAD,CAD,1.34231,1.34408,1.3368,1.34402
2026-04-14,USD/CAD,CAD,1.34402,1.34439,1.34319,1.34417
2026-04-15,USD/CAD,CAD,1.34417,1.34828,1.33948,1.34163
2026-04-16,USD/CAD,CAD,1.34163,1.34222,1.3395,1.34047
2026-04-17,USD/CAD,CAD,1.34047,1.34201,1.33713,1.34045
2026-04-18,USD/CAD,CAD,1.34045,1.34457,1.33989,1.3425
2026-04-19,USD/CAD,CAD,1.3425,1.3463,1.33836,1.34428
2026-04-20,USD/CAD,CAD,1.34428,1.35656,1.34213,1.35473
2026-04-21,USD/CAD,CAD,1.35473,1.3659,1.35368,1.36315
2026-04-22,USD/CAD,CAD,1.36315,1.36605,1.35979,1.36287
2026-04-23,USD/CAD,CAD,1.36287,1.36715,1.35923,1.36535
2026-04-24,USD/CAD,CAD,1.36535,1.3688,1.35917,1.35959
2026-04-25,USD/CAD,CAD,1.35959,1.36341,1.3545,1.36054
2026-04-26,USD/CAD,CAD,1.36054,1.36489,1.35738,1.36475
2026-04-27,USD/CAD,CAD,1.36475,1.36557,1.36059,1.36307
2026-04-28,USD/CAD,CAD,1.36307,1.36907,1.36204,1.36628
2026-04-29,USD/CAD,CAD,1.36628,1.37287,1.36592,1.36898
2026-04-30,USD/CAD,CAD,1.36898,1.37369,1.36446,1.36675
2026-05-01,USD/CAD,CAD,1.36675,1.36972,1.3603,1.36951
2026-05-02,USD/CAD,CAD,1.36951,1.38418,1.36256,1.37447
2026-05-03,USD/CAD,CAD,1.37447,1.37866,1.37223,1.37681
2026-05-04,USD/CAD,CAD,1.37681,1.3864,1.37431,1.37747
2026-05-05,USD/CAD,CAD,1.37747,1.37875,1.3774,1.37859
2026-05-06,USD/CAD,CAD,1.37859,1.38088,1.37197,1.38078
2026-05-07,USD/CAD,CAD,1.38078,1.39477,1.37623,1.39049
2026-05-08,USD/CAD,CAD,1.39049,1.39133,1.38514,1.38897
2026-05-09,USD/CAD,CAD,1.38897,1.39075,1.37317,1.37939
2026-05-10,USD/CAD,CAD,1.37939,1.38106,1.37786,1.37814
2026-05-11,USD/CAD,CAD,1.37814,1.38079,1.37331,1.37549
2026-05-12,USD/CAD,CAD,1.37549,1.37945,1.37487,1.37751
2026-05-13,USD/CAD,CAD,1.37751,1.37792,1.37323,1.375
2026-05-14,USD/CAD,CAD,1.375,1.37639,1.36435,1.36543
2026-05-15,USD/CAD,CAD,1.36543,1.36624,1.35646,1.36572
2026-05-16,USD/CAD,CAD,1.36572,1.37198,1.36377,1.36381
2026-05-17,USD/CAD,CAD,1.36381,1.36387,1.36125,1.36248
2026-05-18,USD/CAD,CAD,1.36248,1.36617,1.361,1.36537
2026-05-19,USD/CAD,CAD,1.36537,1.37625,1.35719,1.37271
2026-05-20,USD/CAD,CAD,1.37271,1.3786,1.36707,1.36984
2026-05-21,USD/CAD,CAD,1.36984,1.37397,1.36805,1.3714
2026-05-22,USD/CAD,CAD,1.3714,1.375,1.36891,1.3718
2026-05-23,USD/CAD,CAD,1.3718,1.38403,1.36499,1.37914
2026-05-24,USD/CAD,CAD,1.37914,1.38389,1.37772,1.38358
2026-05-25,USD/CAD,CAD,1.38358,1.38406,1.38117,1.38135
2026-05-26,USD/CAD,CAD,1.38135,1.3939,1.38064,1.38691
2026-05-27,USD/CAD,CAD,1.38691,1.38885,1.38252,1.38317
2026-05-28,USD/CAD,CAD,1.38317,1.38734,1.37122,1.37862
2026-05-29,USD/CAD,CAD,1.37862,1.38291,1.37574,1.37997
2026-05-30,USD/CAD,CAD,1.37997,1.38384,1.37196,1.37478
2026-05-31,USD/CAD,CAD,1.37478,1.38297,1.36619,1.38207
2026-06-01,USD/CAD,CAD,1.38207,1.38853,1.37553,1.38744
2026-06-02,USD/CAD,CAD,1.38744,1.38929,1.38461,1.38605
2026-06-03,USD/CAD,CAD,1.38605,1.39708,1.38588,1.39404
2026-06-04,USD/CAD,CAD,1.39404,1.39954,1.38778,1.39093
2026-06-05,USD/CAD,CAD,1.39093,1.39402,1.38941,1.39301
2026-06-06,USD/CAD,CAD,1.39301,1.39659,1.38983,1.38997
2026-06-07,USD/CAD,CAD,1.38997,1.40089,1.38714,1.39514
2026-06-08,USD/CAD,CAD,1.39514,1.39625,1.3951,1.39529
2026-06-09,USD/CAD,CAD,1.39529,1.39538,1.38597,1.39072
2026-06-10,USD/CAD,CAD,1.39072,1.39655,1.38726,1.39018
2026-06-11,USD/CAD,CAD,1.39018,1.39044,1.38313,1.38609
2026-06-12,USD/CAD,CAD,1.38609,1.38979,1.38351,1.38583
2026-06-13,USD/CAD,CAD,1.38583,1.40112,1.3851,1.39686
2026-06-14,USD/CAD,CAD,1.39686,1.40062,1.39283,1.3999
2026-06-15,USD/CAD,CAD,1.3999,1.40939,1.39903,1.40576
2026-06-16,USD/CAD,CAD,1.40576,1.41148,1.40272,1.40701
2026-06-17,USD/CAD,CAD,1.40701,1.40789,1.39983,1.40043
2026-06-18,USD/CAD,CAD,1.40043,1.40915,1.39571,1.40544
2026-06-19,USD/CAD,CAD,1.40544,1.40826,1.39643,1.40042
2026-06-20,USD/CAD,CAD,1.40042,1.40588,1.39588,1.39779
2026-06-21,USD/CAD,CAD,1.39779,1.40419,1.39429,1.39535
2026-06-22,USD/CAD,CAD,1.39535,1.3974,1.38967,1.39608
2026-06-23,USD/CAD,CAD,1.39608,1.39916,1.39324,1.3977
2026-06-24,USD/CAD,CAD,1.3977,1.4012,1.3937,1.39738
2026-06-25,USD/CAD,CAD,1.39738,1.39788,1.38714,1.38931
2026-06-26,USD/CAD,CAD,1.38931,1.3934,1.38696,1.39085
2026-06-27,USD/CAD,CAD,1.39085,1.39092,1.3846,1.38692
2026-06-28,USD/CAD,CAD,1.38692,1.39138,1.38266,1.38898
2026-06-29,USD/CAD,CAD,1.38898,1.39203,1.38355,1.38938
2026-06-30,USD/CAD,CAD,1.38938,1.39836,1.3887,1.39437
2026-07-01,USD/CAD,CAD,1.39437,1.39869,1.39005,1.39792
2026-07-02,USD/CAD,CAD,1.39792,1.40021,1.39583,1.39929
2026-07-03,USD/CAD,CAD,1.39929,1.40202,1.39638,1.39873
2026-07-04,USD/CAD,CAD,1.39873,1.40395,1.39204,1.39287
2026-07-05,USD/CAD,CAD,1.39287,1.39597,1.39076,1.39398
2026-07-06,USD/CAD,CAD,1.39398,1.39692,1.38663,1.3877
2026-07-07,USD/CAD,CAD,1.3877,1.39037,1.38371,1.3849
2026-07-08,USD/CAD,CAD,1.3849,1.391,1.37391,1.37916
2026-07-09,USD/CAD,CAD,1.37916,1.38195,1.37846,1.38116
2026-07-10,USD/CAD,CAD,1.38116,1.39076,1.37915,1.38453
2026-07-11,USD/CAD,CAD,1.38453,1.39001,1.37328,1.37959
2026-07-12,USD/CAD,CAD,1.37959,1.38046,1.36966,1.37515
2026-07-13,USD/CAD,CAD,1.37515,1.38309,1.37313,1.38006
2026-07-14,USD/CAD,CAD,1.38006,1.39086,1.37966,1.38572
2026-07-15,USD/CAD,CAD,1.38572,1.39374,1.38118,1.38374
2026-07-16,USD/CAD,CAD,1.38374,1.38972,1.38267,1.38489
2026-07-17,USD/CAD,CAD,1.38489,1.38517,1.37898,1.38266
2026-07-18,USD/CAD,CAD,1.38266,1.38368,1.369,1.37386
2026-07-19,USD/CAD,CAD,1.37386,1.3793,1.36666,1.37162
2026-07-20,USD/CAD,CAD,1.37162,1.37362,1.37034,1.37135
2026-07-21,USD/CAD,CAD,1.37135,1.38969,1.37091,1.38306
2026-07-22,USD/CAD,CAD,1.38306,1.38347,1.37952,1.38038
2026-07-23,USD/CAD,CAD,1.38038,1.38066,1.37025,1.3749
2026-07-24,USD/CAD,CAD,1.3749,1.37781,1.36219,1.367
2026-07-25,USD/CAD,CAD,1.367,1.37293,1.36215,1.36456
2026-07-26,USD/CAD,CAD,1.36456,1.36757,1.36349,1.3665
2026-07-27,USD/CAD,CAD,1.3665,1.36894,1.36085,1.36381
2026-07-28,USD/CAD,CAD,1.36381,1.36856,1.36214,1.36355
2026-07-29,USD/CAD,CAD,1.36355,1.36616,1.35703,1.3654
2026-07-30,USD/CAD,CAD,1.3654,1.37315,1.35604,1.35858
2026-07-31,USD/CAD,CAD,1.35858,1.36536,1.35517,1.36168
2026-08-01,USD/CAD,CAD,1.36168,1.36746,1.36037,1.36584
2026-08-02,USD/CAD,CAD,1.36584,1.37076,1.36452,1.36927
2026-08-03,USD/CAD,CAD,1.36927,1.37756,1.36176,1.37283
2026-08-04,USD/CAD,CAD,1.37283,1.3761,1.37005,1.37094
2026-08-05,USD/CAD,CAD,1.37094,1.38181,1.36983,1.37472
2026-08-06,USD/CAD,CAD,1.37472,1.38237,1.37168,1.37761
2026-08-07,USD/CAD,CAD,1.37761,1.38844,1.36945,1.37713
2026-08-08,USD/CAD,CAD,1.37713,1.38457,1.37143,1.38318
2026-08-09,USD/CAD,CAD,1.38318,1.38416,1.37719,1.38086
2026-08-10,USD/CAD,CAD,1.38086,1.39353,1.37744,1.38848
2026-08-11,USD/CAD,CAD,1.38848,1.39491,1.38615,1.39352
2026-08-12,USD/CAD,CAD,1.39352,1.39605,1.39245,1.39258
2026-08-13,USD/CAD,CAD,1.39258,1.39625,1.38764,1.38935
2026-08-14,USD/CAD,CAD,1.38935,1.39282,1.38448,1.39216
2026-08-15,USD/CAD,CAD,1.39216,1.39324,1.38866,1.39101
2026-08-16,USD/CAD,CAD,1.39101,1.39131,1.38146,1.39043
2026-08-17,USD/CAD,CAD,1.39043,1.39703,1.38609,1.39052
2026-08-18,USD/CAD,CAD,1.39052,1.39423,1.38265,1.38459
2026-08-19,USD/CAD,CAD,1.38459,1.38695,1.38167,1.38245
2026-08-20,USD/CAD,CAD,1.38245,1.38275,1.37294,1.37406
2026-08-21,USD/CAD,CAD,1.37406,1.37427,1.37196,1.37263
2026-08-22,USD/CAD,CAD,1.37263,1.38155,1.37177,1.376
2026-08-23,USD/CAD,CAD,1.376,1.38767,1.373,1.38265
2026-08-24,USD/CAD,CAD,1.38265,1.39091,1.37586,1.38504
2026-08-25,USD/CAD,CAD,1.38504,1.38848,1.38353,1.38448
2026-08-26,USD/CAD,CAD,1.38448,1.40383,1.38282,1.39822
2026-08-27,USD/CAD,CAD,1.39822,1.39866,1.38762,1.39191
2026-08-28,USD/CAD,CAD,1.39191,1.39886,1.38924,1.39144
2026-08-29,USD/CAD,CAD,1.39144,1.39827,1.39096,1.3969
2026-08-30,USD/CAD,CAD,1.3969,1.39754,1.39604,1.39618
2026-08-31,USD/CAD,CAD,1.39618,1.40404,1.39327,1.39963
2026-09-01,USD/CAD,CAD,1.39963,1.40286,1.39317,1.39825
2026-09-02,USD/CAD,CAD,1.39825,1.39906,1.38769,1.38945
2026-09-03,USD/CAD,CAD,1.38945,1.39151,1.38356,1.38625
2026-09-04,USD/CAD,CAD,1.38625,1.38871,1.37824,1.38242
2026-09-05,USD/CAD,CAD,1.38242,1.38563,1.37611,1.38126
2026-09-06,USD/CAD,CAD,1.38126,1.38696,1.38059,1.38512
2026-09-07,USD/CAD,CAD,1.38512,1.38775,1.37578,1.37845
2026-09-08,USD/CAD,CAD,1.37845,1.39691,1.37774,1.38988
2026-09-09,USD/CAD,CAD,1.38988,1.39392,1.38685,1.39172
2026-09-10,USD/CAD,CAD,1.39172,1.39227,1.38602,1.38788
2026-09-11,USD/CAD,CAD,1.38788,1.39572,1.38663,1.39331
2026-09-12,USD/CAD,CAD,1.39331,1.40122,1.39306,1.39754
2026-09-13,USD/CAD,CAD,1.39754,1.40143,1.38804,1.3894
2026-09-14,USD/CAD,CAD,1.3894,1.39134,1.38326,1.38501
2026-09-15,USD/CAD,CAD,1.38501,1.38793,1.38169,1.38246
2026-09-16,USD/CAD,CAD,1.38246,1.3888,1.38133,1.3844
2026-09-17,USD/CAD,CAD,1.3844,1.39447,1.38254,1.39123
2026-09-18,USD/CAD,CAD,1.39123,1.39794,1.38982,1.397
2026-09-19,USD/CAD,CAD,1.397,1.40224,1.39537,1.39826
2026-09-20,USD/CAD,CAD,1.39826,1.41034,1.39639,1.40643
2026-09-21,USD/CAD,CAD,1.40643,1.40707,1.40157,1.40182
2026-09-22,USD/CAD,CAD,1.40182,1.40725,1.40121,1.40496
2026-09-23,USD/CAD,CAD,1.40496,1.40811,1.40187,1.40552
2026-09-24,USD/CAD,CAD,1.40552,1.42056,1.40028,1.41316
2026-09-25,USD/CAD,CAD,1.41316,1.41678,1.41165,1.41297
2026-09-26,USD/CAD,CAD,1.41297,1.41655,1.41004,1.41455
2026-09-27,USD/CAD,CAD,1.41455,1.41829,1.40915,1.41307
2026-09-28,USD/CAD,CAD,1.41307,1.4161,1.40946,1.41306
2026-09-29,USD/CAD,CAD,1.41306,1.41658,1.40982,1.41516
2026-09-30,USD/CAD,CAD,1.41516,1.4215,1.41184,1.41214
2024-09-30,EUR/GBP,GBP,0.858,0.86046,0.85392,0.85401
2024-10-01,EUR/GBP,GBP,0.85401,0.85838,0.85188,0.85434
2024-10-02,EUR/GBP,GBP,0.85434,0.85659,0.85333,0.85442
2024-10-03,EUR/GBP,GBP,0.85442,0.86105,0.85322,0.85871
2024-10-04,EUR/GBP,GBP,0.85871,0.85975,0.85764,0.8597
2024-10-05,EUR/GBP,GBP,0.8597,0.86311,0.85272,0.85668
2024-10-06,EUR/GBP,GBP,0.85668,0.86176,0.85586,0.85677
2024-10-07,EUR/GBP,GBP,0.85677,0.86073,0.85583,0.85778
2024-10-08,EUR/GBP,GBP,0.85778,0.8611,0.84997,0.8542
2024-10-09,EUR/GBP,GBP,0.8542,0.85458,0.85054,0.85282
2024-10-10,EUR/GBP,GBP,0.85282,0.85682,0.85181,0.85522
2024-10-11,EUR/GBP,GBP,0.85522,0.85815,0.85485,0.85596
2024-10-12,EUR/GBP,GBP,0.85596,0.86042,0.85569,0.85953
2024-10-13,EUR/GBP,GBP,0.85953,0.86087,0.85542,0.86006
2024-10-14,EUR/GBP,GBP,0.86006,0.8605,0.8577,0.85794
2024-10-15,EUR/GBP,GBP,0.85794,0.86279,0.85788,0.86051
2024-10-16,EUR/GBP,GBP,0.86051,0.86192,0.85582,0.86124
2024-10-17,EUR/GBP,GBP,0.86124,0.86249,0.85595,0.85711
2024-10-18,EUR/GBP,GBP,0.85711,0.85865,0.85399,0.854
2024-10-19,EUR/GBP,GBP,0.854,0.85657,0.85333,0.85342
2024-10-20,EUR/GBP,GBP,0.85342,0.85375,0.84654,0.84667
2024-10-21,EUR/GBP,GBP,0.84667,0.85044,0.84621,0.84726
2024-10-22,EUR/GBP,GBP,0.84726,0.84891,0.84313,0.84459
2024-10-23,EUR/GBP,GBP,0.84459,0.84977,0.84293,0.84966
2024-10-24,EUR/GBP,GBP,0.84966,0.85204,0.8484,0.85012
2024-10-25,EUR/GBP,GBP,0.85012,0.85856,0.8496,0.85709
2024-10-26,EUR/GBP,GBP,0.85709,0.86412,0.85308,0.86105
2024-10-27,EUR/GBP,GBP,0.86105,0.86411,0.85504,0.86101
2024-10-28,EUR/GBP,GBP,0.86101,0.86357,0.85893,0.8628
2024-10-29,EUR/GBP,GBP,0.8628,0.87004,0.86105,0.86852
2024-10-30,EUR/GBP,GBP,0.86852,0.86917,0.86683,0.86797
2024-10-31,EUR/GBP,GBP,0.86797,0.86925,0.86216,0.8656
2024-11-01,EUR/GBP,GBP,0.8656,0.86898,0.86463,0.86827
2024-11-02,EUR/GBP,GBP,0.86827,0.87241,0.86804,0.87195
2024-11-03,EUR/GBP,GBP,0.87195,0.87256,0.86934,0.87243
2024-11-04,EUR/GBP,GBP,0.87243,0.87436,0.87024,0.87322
2024-11-05,EUR/GBP,GBP,0.87322,0.87923,0.87001,0.87642
2024-11-06,EUR/GBP,GBP,0.87642,0.87795,0.8743,0.87735
2024-11-07,EUR/GBP,GBP,0.87735,0.87936,0.87504,0.87583
2024-11-08,EUR/GBP,GBP,0.87583,0.87793,0.87074,0.87193
2024-11-09,EUR/GBP,GBP,0.87193,0.8753,0.86695,0.86943
2024-11-10,EUR/GBP,GBP,0.86943,0.87314,0.86889,0.87288
2024-11-11,EUR/GBP,GBP,0.87288,0.87497,0.86894,0.86973
2024-11-12,EUR/GBP,GBP,0.86973,0.87471,0.86846,0.87118
2024-11-13,EUR/GBP,GBP,0.87118,0.87187,0.86887,0.87083
2024-11-14,EUR/GBP,GBP,0.87083,0.87186,0.86963,0.87031
2024-11-15,EUR/GBP,GBP,0.87031,0.87687,0.86797,0.8737
2024-11-16,EUR/GBP,GBP,0.8737,0.8766,0.87176,0.87541
2024-11-17,EUR/GBP,GBP,0.87541,0.87708,0.86773,0.86992
2024-11-18,EUR/GBP,GBP,0.86992,0.87235,0.86845,0.86975
2024-11-19,EUR/GBP,GBP,0.86975,0.87307,0.86773,0.87157
2024-11-20,EUR/GBP,GBP,0.87157,0.87296,0.86803,0.87126
2024-11-21,EUR/GBP,GBP,0.87126,0.87148,0.86811,0.87076
2024-11-22,EUR/GBP,GBP,0.87076,0.87573,0.86925,0.87318
2024-11-23,EUR/GBP,GBP,0.87318,0.8766,0.87286,0.87402
2024-11-24,EUR/GBP,GBP,0.87402,0.87862,0.87258,0.87556
2024-11-25,EUR/GBP,GBP,0.87556,0.88097,0.87488,0.87879
2024-11-26,EUR/GBP,GBP,0.87879,0.88235,0.87849,0.8799
2024-11-27,EUR/GBP,GBP,0.8799,0.88135,0.87728,0.87966
2024-11-28,EUR/GBP,GBP,0.87966,0.88574,0.8756,0.88387
2024-11-29,EUR/GBP,GBP,0.88387,0.88747,0.88263,0.88387
2024-11-30,EUR/GBP,GBP,0.88387,0.88592,0.88355,0.88584
2024-12-01,EUR/GBP,GBP,0.88584,0.89064,0.88129,0.8817
2024-12-02,EUR/GBP,GBP,0.8817,0.88588,0.88038,0.88515
2024-12-03,EUR/GBP,GBP,0.88515,0.89003,0.88489,0.88933
2024-12-04,EUR/GBP,GBP,0.88933,0.89364,0.886,0.88712
2024-12-05,EUR/GBP,GBP,0.88712,0.88961,0.88192,0.88458
2024-12-06,EUR/GBP,GBP,0.88458,0.88852,0.87597,0.8818
2024-12-07,EUR/GBP,GBP,0.8818,0.88657,0.88155,0.88554
2024-12-08,EUR/GBP,GBP,0.88554,0.88956,0.88354,0.88504
2024-12-09,EUR/GBP,GBP,0.88504,0.8887,0.88224,0.88262
2024-12-10,EUR/GBP,GBP,0.88262,0.88584,0.88247,0.88259
2024-12-11,EUR/GBP,GBP,0.88259,0.88261,0.87951,0.88104
2024-12-12,EUR/GBP,GBP,0.88104,0.88689,0.87952,0.88496
2024-12-13,EUR/GBP,GBP,0.88496,0.88605,0.88213,0.88592
2024-12-14,EUR/GBP,GBP,0.88592,0.8909,0.88585,0.88695
2024-12-15,EUR/GBP,GBP,0.88695,0.88701,0.88011,0.88268
2024-12-16,EUR/GBP,GBP,0.88268,0.88605,0.88232,0.88494
2024-12-17,EUR/GBP,GBP,0.88494,0.88539,0.88402,0.88403
2024-12-18,EUR/GBP,GBP,0.88403,0.88698,0.87955,0.88196
2024-12-19,EUR/GBP,GBP,0.88196,0.88231,0.88031,0.88091
2024-12-20,EUR/GBP,GBP,0.88091,0.88422,0.87737,0.88174
2024-12-21,EUR/GBP,GBP,0.88174,0.88258,0.87862,0.88015
2024-12-22,EUR/GBP,GBP,0.88015,0.88465,0.8753,0.87919
2024-12-23,EUR/GBP,GBP,0.87919,0.88319,0.87708,0.87717
2024-12-24,EUR/GBP,GBP,0.87717,0.87963,0.87517,0.87529
2024-12-25,EUR/GBP,GBP,0.87529,0.87569,0.87297,0.87435
2024-12-26,EUR/GBP,GBP,0.87435,0.87459,0.86954,0.87165
2024-12-27,EUR/GBP,GBP,0.87165,0.8724,0.86987,0.87165
2024-12-28,EUR/GBP,GBP,0.87165,0.87543,0.87061,0.87458
2024-12-29,EUR/GBP,GBP,0.87458,0.87653,0.87357,0.87584
2024-12-30,EUR/GBP,GBP,0.87584,0.8769,0.86954,0.87312
2024-12-31,EUR/GBP,GBP,0.87312,0.87847,0.86959,0.87239
2025-01-01,EUR/GBP,GBP,0.87239,0.87468,0.86863,0.87007
2025-01-02,EUR/GBP,GBP,0.87007,0.87159,0.86674,0.86859
2025-01-03,EUR/GBP,GBP,0.86859,0.87148,0.86772,0.86815
2025-01-04,EUR/GBP,GBP,0.86815,0.87072,0.8671,0.86787
2025-01-05,EUR/GBP,GBP,0.86787,0.8695,0.86729,0.86857
2025-01-06,EUR/GBP,GBP,0.86857,0.87082,0.86815,0.87045
2025-01-07,EUR/GBP,GBP,0.87045,0.87167,0.86659,0.86938
2025-01-08,EUR/GBP,GBP,0.86938,0.87121,0.86274,0.86403
2025-01-09,EUR/GBP,GBP,0.86403,0.86457,0.85897,0.86206
2025-01-10,EUR/GBP,GBP,0.86206,0.86381,0.85946,0.85992
2025-01-11,EUR/GBP,GBP,0.85992,0.86322,0.85412,0.85782
2025-01-12,EUR/GBP,GBP,0.85782,0.85894,0.85083,0.85259
2025-01-13,EUR/GBP,GBP,0.85259,0.8553,0.85209,0.85395
2025-01-14,EUR/GBP,GBP,0.85395,0.85481,0.84954,0.85201
2025-01-15,EUR/GBP,GBP,0.85201,0.85508,0.85128,0.85169
2025-01-16,EUR/GBP,GBP,0.85169,0.85211,0.84709,0.84848
2025-01-17,EUR/GBP,GBP,0.84848,0.85139,0.84524,0.84919
2025-01-18,EUR/GBP,GBP,0.84919,0.85089,0.84211,0.84272
2025-01-19,EUR/GBP,GBP,0.84272,0.84721,0.84074,0.84386
2025-01-20,EUR/GBP,GBP,0.84386,0.84434,0.8431,0.84417
2025-01-21,EUR/GBP,GBP,0.84417,0.84595,0.84378,0.84527
2025-01-22,EUR/GBP,GBP,0.84527,0.84673,0.84072,0.84538
2025-01-23,EUR/GBP,GBP,0.84538,0.85377,0.84319,0.84927
2025-01-24,EUR/GBP,GBP,0.84927,0.85064,0.84257,0.84867
2025-01-25,EUR/GBP,GBP,0.84867,0.85028,0.84655,0.84857
2025-01-26,EUR/GBP,GBP,0.84857,0.84919,0.84552,0.84677
2025-01-27,EUR/GBP,GBP,0.84677,0.84887,0.84394,0.84575
2025-01-28,EUR/GBP,GBP,0.84575,0.84709,0.84475,0.84683
2025-01-29,EUR/GBP,GBP,0.84683,0.84878,0.84504,0.84734
2025-01-30,EUR/GBP,GBP,0.84734,0.84908,0.84242,0.84289
2025-01-31,EUR/GBP,GBP,0.84289,0.84425,0.84096,0.84281
2025-02-01,EUR/GBP,GBP,0.84281,0.84817,0.84264,0.84779
2025-02-02,EUR/GBP,GBP,0.84779,0.85373,0.84773,0.84992
2025-02-03,EUR/GBP,GBP,0.84992,0.85371,0.84742,0.8524
2025-02-04,EUR/GBP,GBP,0.8524,0.85252,0.85004,0.85189
2025-02-05,EUR/GBP,GBP,0.85189,0.85821,0.84954,0.85723
2025-02-06,EUR/GBP,GBP,0.85723,0.85909,0.85692,0.85696
2025-02-07,EUR/GBP,GBP,0.85696,0.85998,0.8539,0.85818
2025-02-08,EUR/GBP,GBP,0.85818,0.86176,0.85743,0.8596
2025-02-09,EUR/GBP,GBP,0.8596,0.86351,0.85859,0.8617
2025-02-10,EUR/GBP,GBP,0.8617,0.8684,0.85933,0.86516
2025-02-11,EUR/GBP,GBP,0.86516,0.86668,0.86371,0.86578
2025-02-12,EUR/GBP,GBP,0.86578,0.86887,0.86484,0.8665
2025-02-13,EUR/GBP,GBP,0.8665,0.86757,0.86489,0.86564
2025-02-14,EUR/GBP,GBP,0.86564,0.86959,0.86132,0.86668
2025-02-15,EUR/GBP,GBP,0.86668,0.87194,0.86413,0.86873
2025-02-16,EUR/GBP,GBP,0.86873,0.87127,0.8656,0.86704
2025-02-17,EUR/GBP,GBP,0.86704,0.87005,0.86444,0.86797
2025-02-18,EUR/GBP,GBP,0.86797,0.87047,0.86524,0.86745
2025-02-19,EUR/GBP,GBP,0.86745,0.86974,0.86656,0.86773
2025-02-20,EUR/GBP,GBP,0.86773,0.87189,0.86745,0.87158
2025-02-21,EUR/GBP,GBP,0.87158,0.87933,0.86909,0.87683
2025-02-22,EUR/GBP,GBP,0.87683,0.88142,0.87411,0.87962
2025-02-23,EUR/GBP,GBP,0.87962,0.88157,0.87731,0.88033
2025-02-24,EUR/GBP,GBP,0.88033,0.88564,0.88024,0.8833
2025-02-25,EUR/GBP,GBP,0.8833,0.88371,0.87938,0.88138
2025-02-26,EUR/GBP,GBP,0.88138,0.88497,0.88071,0.88406
2025-02-27,EUR/GBP,GBP,0.88406,0.88615,0.8789,0.88056
2025-02-28,EUR/GBP,GBP,0.88056,0.88504,0.87838,0.88261
2025-03-01,EUR/GBP,GBP,0.88261,0.88509,0.88114,0.88343
2025-03-02,EUR/GBP,GBP,0.88343,0.88502,0.88126,0.88184
2025-03-03,EUR/GBP,GBP,0.88184,0.88392,0.87636,0.87726
2025-03-04,EUR/GBP,GBP,0.87726,0.88274,0.87384,0.88084
2025-03-05,EUR/GBP,GBP,0.88084,0.88632,0.88044,0.88518
2025-03-06,EUR/GBP,GBP,0.88518,0.88661,0.88015,0.88406
2025-03-07,EUR/GBP,GBP,0.88406,0.88679,0.88392,0.884
2025-03-08,EUR/GBP,GBP,0.884,0.89067,0.88358,0.88958
2025-03-09,EUR/GBP,GBP,0.88958,0.89257,0.88896,0.89197
2025-03-10,EUR/GBP,GBP,0.89197,0.89247,0.88892,0.89098
2025-03-11,EUR/GBP,GBP,0.89098,0.89694,0.8889,0.89321
2025-03-12,EUR/GBP,GBP,0.89321,0.89528,0.88867,0.88942
2025-03-13,EUR/GBP,GBP,0.88942,0.89066,0.88413,0.88611
2025-03-14,EUR/GBP,GBP,0.88611,0.88764,0.88007,0.88492
2025-03-15,EUR/GBP,GBP,0.88492,0.88766,0.88091,0.88139
2025-03-16,EUR/GBP,GBP,0.88139,0.88286,0.87449,0.87644
2025-03-17,EUR/GBP,GBP,0.87644,0.87722,0.8756,0.87597
2025-03-18,EUR/GBP,GBP,0.87597,0.87883,0.87487,0.87576
2025-03-19,EUR/GBP,GBP,0.87576,0.87939,0.87495,0.87694
2025-03-20,EUR/GBP,GBP,0.87694,0.87948,0.87331,0.87359
2025-03-21,EUR/GBP,GBP,0.87359,0.87526,0.8723,0.87393
2025-03-22,EUR/GBP,GBP,0.87393,0.8782,0.87229,0.87613
2025-03-23,EUR/GBP,GBP,0.87613,0.87938,0.87585,0.87818
2025-03-24,EUR/GBP,GBP,0.87818,0.88074,0.87691,0.8777
2025-03-25,EUR/GBP,GBP,0.8777,0.88034,0.87631,0.87864
2025-03-26,EUR/GBP,GBP,0.87864,0.88034,0.87631,0.878
2025-03-27,EUR/GBP,GBP,0.878,0.8782,0.87414,0.87442
2025-03-28,EUR/GBP,GBP,0.87442,0.87534,0.86911,0.86964
2025-03-29,EUR/GBP,GBP,0.86964,0.87116,0.86823,0.87073
2025-03-30,EUR/GBP,GBP,0.87073,0.87076,0.8699,0.87042
2025-03-31,EUR/GBP,GBP,0.87042,0.87423,0.86941,0.87282
2025-04-01,EUR/GBP,GBP,0.87282,0.87351,0.86806,0.87104
2025-04-02,EUR/GBP,GBP,0.87104,0.87488,0.86978,0.87251
2025-04-03,EUR/GBP,GBP,0.87251,0.87536,0.87099,0.87346
2025-04-04,EUR/GBP,GBP,0.87346,0.87825,0.87146,0.87696
2025-04-05,EUR/GBP,GBP,0.87696,0.88178,0.87508,0.88023
2025-04-06,EUR/GBP,GBP,0.88023,0.88253,0.87922,0.87948
2025-04-07,EUR/GBP,GBP,0.87948,0.88024,0.87596,0.87891
2025-04-08,EUR/GBP,GBP,0.87891,0.88207,0.87476,0.88104
2025-04-09,EUR/GBP,GBP,0.88104,0.88583,0.87467,0.88218
2025-04-10,EUR/GBP,GBP,0.88218,0.88432,0.88038,0.88398
2025-04-11,EUR/GBP,GBP,0.88398,0.88972,0.88234,0.88608
2025-04-12,EUR/GBP,GBP,0.88608,0.88809,0.88476,0.88507
2025-04-13,EUR/GBP,GBP,0.88507,0.88818,0.88445,0.88736
2025-04-14,EUR/GBP,GBP,0.88736,0.89716,0.88491,0.89484
2025-04-15,EUR/GBP,GBP,0.89484,0.89636,0.89074,0.8909
2025-04-16,EUR/GBP,GBP,0.8909,0.89432,0.88519,0.8882
2025-04-17,EUR/GBP,GBP,0.8882,0.892,0.88674,0.88675
2025-04-18,EUR/GBP,GBP,0.88675,0.89392,0.88552,0.89361
2025-04-19,EUR/GBP,GBP,0.89361,0.90009,0.89251,0.89733
2025-04-20,EUR/GBP,GBP,0.89733,0.89844,0.89517,0.89693
2025-04-21,EUR/GBP,GBP,0.89693,0.8997,0.89309,0.89731
2025-04-22,EUR/GBP,GBP,0.89731,0.90014,0.89532,0.89742
2025-04-23,EUR/GBP,GBP,0.89742,0.90118,0.89595,0.89717
2025-04-24,EUR/GBP,GBP,0.89717,0.90187,0.88945,0.89198
2025-04-25,EUR/GBP,GBP,0.89198,0.8955,0.891,0.89414
2025-04-26,EUR/GBP,GBP,0.89414,0.9009,0.89311,0.89853
2025-04-27,EUR/GBP,GBP,0.89853,0.90182,0.89561,0.89996
2025-04-28,EUR/GBP,GBP,0.89996,0.90079,0.8946,0.89915
2025-04-29,EUR/GBP,GBP,0.89915,0.90254,0.89623,0.90054
2025-04-30,EUR/GBP,GBP,0.90054,0.90324,0.89767,0.89875
2025-05-01,EUR/GBP,GBP,0.89875,0.89934,0.89592,0.89726
2025-05-02,EUR/GBP,GBP,0.89726,0.90002,0.8962,0.89944
2025-05-03,EUR/GBP,GBP,0.89944,0.90183,0.89873,0.90124
2025-05-04,EUR/GBP,GBP,0.90124,0.90234,0.90039,0.90134
2025-05-05,EUR/GBP,GBP,0.90134,0.90317,0.89985,0.90033
2025-05-06,EUR/GBP,GBP,0.90033,0.9035,0.89641,0.89853
2025-05-07,EUR/GBP,GBP,0.89853,0.899,0.89628,0.89854
2025-05-08,EUR/GBP,GBP,0.89854,0.9015,0.89708,0.89723
2025-05-09,EUR/GBP,GBP,0.89723,0.8986,0.89405,0.89803
2025-05-10,EUR/GBP,GBP,0.89803,0.90044,0.88961,0.8913
2025-05-11,EUR/GBP,GBP,0.8913,0.89964,0.88856,0.8925
2025-05-12,EUR/GBP,GBP,0.8925,0.89359,0.88936,0.88972
2025-05-13,EUR/GBP,GBP,0.88972,0.89215,0.88782,0.89078
2025-05-14,EUR/GBP,GBP,0.89078,0.89348,0.8899,0.89294
2025-05-15,EUR/GBP,GBP,0.89294,0.89455,0.88808,0.88999
2025-05-16,EUR/GBP,GBP,0.88999,0.89375,0.88889,0.8922
2025-05-17,EUR/GBP,GBP,0.8922,0.8971,0.88989,0.89461
2025-05-18,EUR/GBP,GBP,0.89461,0.89822,0.89062,0.89388
2025-05-19,EUR/GBP,GBP,0.89388,0.89936,0.89307,0.89858
2025-05-20,EUR/GBP,GBP,0.89858,0.90059,0.89843,0.89908
2025-05-21,EUR/GBP,GBP,0.89908,0.90059,0.89602,0.89706
2025-05-22,EUR/GBP,GBP,0.89706,0.89872,0.89166,0.89461
2025-05-23,EUR/GBP,GBP,0.89461,0.89743,0.89142,0.89323
2025-05-24,EUR/GBP,GBP,0.89323,0.89365,0.89045,0.89125
2025-05-25,EUR/GBP,GBP,0.89125,0.89753,0.89053,0.89718
2025-05-26,EUR/GBP,GBP,0.89718,0.90169,0.89667,0.89969
2025-05-27,EUR/GBP,GBP,0.89969,0.90406,0.89901,0.89923
2025-05-28,EUR/GBP,GBP,0.89923,0.90062,0.89429,0.89801
2025-05-29,EUR/GBP,GBP,0.89801,0.90527,0.898,0.9002
2025-05-30,EUR/GBP,GBP,0.9002,0.90503,0.89566,0.89961
2025-05-31,EUR/GBP,GBP,0.89961,0.89991,0.89673,0.89716
2025-06-01,EUR/GBP,GBP,0.89716,0.89733,0.89294,0.89565
2025-06-02,EUR/GBP,GBP,0.89565,0.90158,0.89559,0.89658
2025-06-03,EUR/GBP,GBP,0.89658,0.89877,0.89117,0.89494
2025-06-04,EUR/GBP,GBP,0.89494,0.89793,0.89335,0.89403
2025-06-05,EUR/GBP,GBP,0.89403,0.89777,0.89029,0.89141
2025-06-06,EUR/GBP,GBP,0.89141,0.89288,0.89081,0.89139
2025-06-07,EUR/GBP,GBP,0.89139,0.89423,0.8906,0.89118
2025-06-08,EUR/GBP,GBP,0.89118,0.89308,0.88925,0.89282
2025-06-09,EUR/GBP,GBP,0.89282,0.8957,0.88999,0.89382
2025-06-10,EUR/GBP,GBP,0.89382,0.89495,0.89265,0.89337
2025-06-11,EUR/GBP,GBP,0.89337,0.89469,0.88917,0.89142
2025-06-12,EUR/GBP,GBP,0.89142,0.89329,0.89138,0.89179
2025-06-13,EUR/GBP,GBP,0.89179,0.89608,0.89052,0.89545
2025-06-14,EUR/GBP,GBP,0.89545,0.89766,0.88844,0.89341
2025-06-15,EUR/GBP,GBP,0.89341,0.89594,0.89088,0.89126
2025-06-16,EUR/GBP,GBP,0.89126,0.89377,0.889,0.89357
2025-06-17,EUR/GBP,GBP,0.89357,0.89485,0.89238,0.89325
2025-06-18,EUR/GBP,GBP,0.89325,0.89736,0.89274,0.89485
2025-06-19,EUR/GBP,GBP,0.89485,0.89664,0.89291,0.89475
2025-06-20,EUR/GBP,GBP,0.89475,0.89532,0.89111,0.89216
2025-06-21,EUR/GBP,GBP,0.89216,0.89608,0.88535,0.88999
2025-06-22,EUR/GBP,GBP,0.88999,0.89018,0.88861,0.88901
2025-06-23,EUR/GBP,GBP,0.88901,0.89474,0.88522,0.89194
2025-06-24,EUR/GBP,GBP,0.89194,0.89599,0.88818,0.89319
2025-06-25,EUR/GBP,GBP,0.89319,0.89611,0.89267,0.89434
2025-06-26,EUR/GBP,GBP,0.89434,0.89547,0.89131,0.89354
2025-06-27,EUR/GBP,GBP,0.89354,0.89748,0.887,0.89043
2025-06-28,EUR/GBP,GBP,0.89043,0.89059,0.88442,0.88807
2025-06-29,EUR/GBP,GBP,0.88807,0.89205,0.88633,0.89133
2025-06-30,EUR/GBP,GBP,0.89133,0.89954,0.88997,0.89932
2025-07-01,EUR/GBP,GBP,0.89932,0.90029,0.89818,0.89975
2025-07-02,EUR/GBP,GBP,0.89975,0.90363,0.89832,0.90092
2025-07-03,EUR/GBP,GBP,0.90092,0.90674,0.89897,0.90294
2025-07-04,EUR/GBP,GBP,0.90294,0.90669,0.89639,0.89746
2025-07-05,EUR/GBP,GBP,0.89746,0.90107,0.89734,0.89821
2025-07-06,EUR/GBP,GBP,0.89821,0.89946,0.89564,0.89752
2025-07-07,EUR/GBP,GBP,0.89752,0.90045,0.89734,0.89787
2025-07-08,EUR/GBP,GBP,0.89787,0.8996,0.89713,0.89749
2025-07-09,EUR/GBP,GBP,0.89749,0.90042,0.89403,0.89789
2025-07-10,EUR/GBP,GBP,0.89789,0.89953,0.89578,0.89766
2025-07-11,EUR/GBP,GBP,0.89766,0.90076,0.89614,0.89966
2025-07-12,EUR/GBP,GBP,0.89966,0.90534,0.89591,0.90202
2025-07-13,EUR/GBP,GBP,0.90202,0.9021,0.89709,0.89854
2025-07-14,EUR/GBP,GBP,0.89854,0.9014,0.89022,0.8905
2025-07-15,EUR/GBP,GBP,0.8905,0.89071,0.88396,0.88628
2025-07-16,EUR/GBP,GBP,0.88628,0.89019,0.88337,0.88785
2025-07-17,EUR/GBP,GBP,0.88785,0.88982,0.88306,0.88672
2025-07-18,EUR/GBP,GBP,0.88672,0.89446,0.88572,0.88839
2025-07-19,EUR/GBP,GBP,0.88839,0.8887,0.8835,0.88643
2025-07-20,EUR/GBP,GBP,0.88643,0.8867,0.88523,0.88543
2025-07-21,EUR/GBP,GBP,0.88543,0.8869,0.88514,0.88551
2025-07-22,EUR/GBP,GBP,0.88551,0.88553,0.883,0.88501
2025-07-23,EUR/GBP,GBP,0.88501,0.89145,0.88418,0.88966
2025-07-24,EUR/GBP,GBP,0.88966,0.89006,0.88628,0.88743
2025-07-25,EUR/GBP,GBP,0.88743,0.89039,0.88205,0.88804
2025-07-26,EUR/GBP,GBP,0.88804,0.8903,0.88706,0.88932
2025-07-27,EUR/GBP,GBP,0.88932,0.89188,0.88496,0.8869
2025-07-28,EUR/GBP,GBP,0.8869,0.89008,0.88532,0.88839
2025-07-29,EUR/GBP,GBP,0.88839,0.88999,0.88508,0.88671
2025-07-30,EUR/GBP,GBP,0.88671,0.89122,0.88564,0.89053
2025-07-31,EUR/GBP,GBP,0.89053,0.89763,0.89038,0.89611
2025-08-01,EUR/GBP,GBP,0.89611,0.90097,0.89541,0.89892
2025-08-02,EUR/GBP,GBP,0.89892,0.89942,0.89438,0.8975
2025-08-03,EUR/GBP,GBP,0.8975,0.89767,0.8958,0.89672
2025-08-04,EUR/GBP,GBP,0.89672,0.89893,0.89456,0.89859
2025-08-05,EUR/GBP,GBP,0.89859,0.9029,0.89417,0.89595
2025-08-06,EUR/GBP,GBP,0.89595,0.90091,0.89448,0.89806
2025-08-07,EUR/GBP,GBP,0.89806,0.8998,0.89639,0.89953
2025-08-08,EUR/GBP,GBP,0.89953,0.90417,0.89931,0.90027
2025-08-09,EUR/GBP,GBP,0.90027,0.90577,0.89868,0.90387
2025-08-10,EUR/GBP,GBP,0.90387,0.90589,0.89812,0.89839
2025-08-11,EUR/GBP,GBP,0.89839,0.90159,0.89716,0.89717
2025-08-12,EUR/GBP,GBP,0.89717,0.90004,0.894,0.89723
2025-08-13,EUR/GBP,GBP,0.89723,0.90039,0.89682,0.89851
2025-08-14,EUR/GBP,GBP,0.89851,0.90178,0.8984,0.90159
2025-08-15,EUR/GBP,GBP,0.90159,0.90497,0.89508,0.89908
2025-08-16,EUR/GBP,GBP,0.89908,0.90512,0.89875,0.90211
2025-08-17,EUR/GBP,GBP,0.90211,0.9027,0.90092,0.90181
2025-08-18,EUR/GBP,GBP,0.90181,0.90459,0.90094,0.90281
2025-08-19,EUR/GBP,GBP,0.90281,0.90315,0.90043,0.90246
2025-08-20,EUR/GBP,GBP,0.90246,0.90385,0.90238,0.90369
2025-08-21,EUR/GBP,GBP,0.90369,0.90561,0.90191,0.9046
2025-08-22,EUR/GBP,GBP,0.9046,0.90549,0.90033,0.90165
2025-08-23,EUR/GBP,GBP,0.90165,0.90505,0.89842,0.89856
2025-08-24,EUR/GBP,GBP,0.89856,0.90136,0.89233,0.89396
2025-08-25,EUR/GBP,GBP,0.89396,0.89672,0.8908,0.89338
2025-08-26,EUR/GBP,GBP,0.89338,0.89424,0.89059,0.8931
2025-08-27,EUR/GBP,GBP,0.8931,0.89694,0.88965,0.89584
2025-08-28,EUR/GBP,GBP,0.89584,0.89667,0.89444,0.89571
2025-08-29,EUR/GBP,GBP,0.89571,0.89631,0.88698,0.89171
2025-08-30,EUR/GBP,GBP,0.89171,0.89507,0.88904,0.89065
2025-08-31,EUR/GBP,GBP,0.89065,0.89285,0.89063,0.8912
2025-09-01,EUR/GBP,GBP,0.8912,0.89275,0.88633,0.89037
2025-09-02,EUR/GBP,GBP,0.89037,0.89225,0.88997,0.89115
2025-09-03,EUR/GBP,GBP,0.89115,0.89815,0.88988,0.89786
2025-09-04,EUR/GBP,GBP,0.89786,0.90179,0.89397,0.89475
2025-09-05,EUR/GBP,GBP,0.89475,0.89733,0.89472,0.89648
2025-09-06,EUR/GBP,GBP,0.89648,0.89676,0.89227,0.8933
2025-09-07,EUR/GBP,GBP,0.8933,0.89693,0.89005,0.89184
2025-09-08,EUR/GBP,GBP,0.89184,0.89439,0.89168,0.89257
2025-09-09,EUR/GBP,GBP,0.89257,0.89564,0.88914,0.89204
2025-09-10,EUR/GBP,GBP,0.89204,0.89319,0.89012,0.89156
2025-09-11,EUR/GBP,GBP,0.89156,0.89198,0.887,0.88985
2025-09-12,EUR/GBP,GBP,0.88985,0.8944,0.88526,0.88685
2025-09-13,EUR/GBP,GBP,0.88685,0.88713,0.879,0.88368
2025-09-14,EUR/GBP,GBP,0.88368,0.88398,0.87758,0.87859
2025-09-15,EUR/GBP,GBP,0.87859,0.87946,0.87707,0.87865
2025-09-16,EUR/GBP,GBP,0.87865,0.87896,0.87466,0.87704
2025-09-17,EUR/GBP,GBP,0.87704,0.87786,0.87591,0.8769
2025-09-18,EUR/GBP,GBP,0.8769,0.88155,0.87642,0.87772
2025-09-19,EUR/GBP,GBP,0.87772,0.8861,0.87501,0.88379
2025-09-20,EUR/GBP,GBP,0.88379,0.88519,0.88099,0.88391
2025-09-21,EUR/GBP,GBP,0.88391,0.88734,0.88308,0.88425
2025-09-22,EUR/GBP,GBP,0.88425,0.8864,0.88329,0.88401
2025-09-23,EUR/GBP,GBP,0.88401,0.88422,0.87662,0.87982
2025-09-24,EUR/GBP,GBP,0.87982,0.88561,0.87887,0.87969
2025-09-25,EUR/GBP,GBP,0.87969,0.88355,0.8756,0.87914
2025-09-26,EUR/GBP,GBP,0.87914,0.88324,0.87723,0.88169
2025-09-27,EUR/GBP,GBP,0.88169,0.88305,0.88136,0.88157
2025-09-28,EUR/GBP,GBP,0.88157,0.88411,0.87992,0.881
2025-09-29,EUR/GBP,GBP,0.881,0.88224,0.88083,0.88215
2025-09-30,EUR/GBP,GBP,0.88215,0.88881,0.88034,0.88725
2025-10-01,EUR/GBP,GBP,0.88725,0.88772,0.88586,0.88678
2025-10-02,EUR/GBP,GBP,0.88678,0.88906,0.88631,0.88882
2025-10-03,EUR/GBP,GBP,0.88882,0.88926,0.88255,0.88922
2025-10-04,EUR/GBP,GBP,0.88922,0.89067,0.88594,0.88742
2025-10-05,EUR/GBP,GBP,0.88742,0.88804,0.8835,0.88581
2025-10-06,EUR/GBP,GBP,0.88581,0.88816,0.88514,0.88709
2025-10-07,EUR/GBP,GBP,0.88709,0.89293,0.88558,0.88896
2025-10-08,EUR/GBP,GBP,0.88896,0.89146,0.88475,0.88848
2025-10-09,EUR/GBP,GBP,0.88848,0.88996,0.8849,0.88764
2025-10-10,EUR/GBP,GBP,0.88764,0.8892,0.8848,0.88615
2025-10-11,EUR/GBP,GBP,0.88615,0.89011,0.88233,0.88937
2025-10-12,EUR/GBP,GBP,0.88937,0.89169,0.88782,0.88953
2025-10-13,EUR/GBP,GBP,0.88953,0.89025,0.88839,0.8887
2025-10-14,EUR/GBP,GBP,0.8887,0.89133,0.88785,0.89054
2025-10-15,EUR/GBP,GBP,0.89054,0.89256,0.89014,0.89056
2025-10-16,EUR/GBP,GBP,0.89056,0.89136,0.88997,0.89032
2025-10-17,EUR/GBP,GBP,0.89032,0.8922,0.88655,0.8882
2025-10-18,EUR/GBP,GBP,0.8882,0.88888,0.88313,0.88529
2025-10-19,EUR/GBP,GBP,0.88529,0.88705,0.88307,0.88432
2025-10-20,EUR/GBP,GBP,0.88432,0.88771,0.87873,0.88151
2025-10-21,EUR/GBP,GBP,0.88151,0.88309,0.87637,0.87847
2025-10-22,EUR/GBP,GBP,0.87847,0.88659,0.87492,0.88192
2025-10-23,EUR/GBP,GBP,0.88192,0.88356,0.87794,0.87902
2025-10-24,EUR/GBP,GBP,0.87902,0.88226,0.87483,0.88105
2025-10-25,EUR/GBP,GBP,0.88105,0.88391,0.88051,0.88133
2025-10-26,EUR/GBP,GBP,0.88133,0.8847,0.87673,0.87812
2025-10-27,EUR/GBP,GBP,0.87812,0.88039,0.87683,0.87939
2025-10-28,EUR/GBP,GBP,0.87939,0.88066,0.8716,0.87433
2025-10-29,EUR/GBP,GBP,0.87433,0.87757,0.87022,0.8719
2025-10-30,EUR/GBP,GBP,0.8719,0.87445,0.86568,0.86757
2025-10-31,EUR/GBP,GBP,0.86757,0.86808,0.86252,0.86467
2025-11-01,EUR/GBP,GBP,0.86467,0.8654,0.85778,0.86281
2025-11-02,EUR/GBP,GBP,0.86281,0.86713,0.86013,0.86703
2025-11-03,EUR/GBP,GBP,0.86703,0.8691,0.86312,0.86436
2025-11-04,EUR/GBP,GBP,0.86436,0.86936,0.86375,0.86793
2025-11-05,EUR/GBP,GBP,0.86793,0.87047,0.86558,0.86902
2025-11-06,EUR/GBP,GBP,0.86902,0.86926,0.86585,0.86712
2025-11-07,EUR/GBP,GBP,0.86712,0.86858,0.86352,0.86696
2025-11-08,EUR/GBP,GBP,0.86696,0.8722,0.86632,0.86982
2025-11-09,EUR/GBP,GBP,0.86982,0.87373,0.86911,0.87304
2025-11-10,EUR/GBP,GBP,0.87304,0.87523,0.86795,0.86992
2025-11-11,EUR/GBP,GBP,0.86992,0.87095,0.86635,0.86836
2025-11-12,EUR/GBP,GBP,0.86836,0.86892,0.86551,0.86559
2025-11-13,EUR/GBP,GBP,0.86559,0.86667,0.86436,0.86556
2025-11-14,EUR/GBP,GBP,0.86556,0.86656,0.86135,0.86274
2025-11-15,EUR/GBP,GBP,0.86274,0.86568,0.86054,0.86522
2025-11-16,EUR/GBP,GBP,0.86522,0.86607,0.86248,0.86457
2025-11-17,EUR/GBP,GBP,0.86457,0.86515,0.86067,0.86359
2025-11-18,EUR/GBP,GBP,0.86359,0.86833,0.86098,0.86488
2025-11-19,EUR/GBP,GBP,0.86488,0.86694,0.8594,0.86255
2025-11-20,EUR/GBP,GBP,0.86255,0.86855,0.86055,0.86649
2025-11-21,EUR/GBP,GBP,0.86649,0.86824,0.86495,0.86568
2025-11-22,EUR/GBP,GBP,0.86568,0.86847,0.86075,0.86133
2025-11-23,EUR/GBP,GBP,0.86133,0.8672,0.85909,0.86464
2025-11-24,EUR/GBP,GBP,0.86464,0.86731,0.85996,0.86333
2025-11-25,EUR/GBP,GBP,0.86333,0.86662,0.86326,0.86618
2025-11-26,EUR/GBP,GBP,0.86618,0.8677,0.86453,0.86729
2025-11-27,EUR/GBP,GBP,0.86729,0.87137,0.86064,0.86619
2025-11-28,EUR/GBP,GBP,0.86619,0.87123,0.86549,0.87023
2025-11-29,EUR/GBP,GBP,0.87023,0.87176,0.86697,0.86812
2025-11-30,EUR/GBP,GBP,0.86812,0.87748,0.86656,0.87369
2025-12-01,EUR/GBP,GBP,0.87369,0.87557,0.87065,0.87115
2025-12-02,EUR/GBP,GBP,0.87115,0.87175,0.86375,0.8655
2025-12-03,EUR/GBP,GBP,0.8655,0.86602,0.86234,0.86337
2025-12-04,EUR/GBP,GBP,0.86337,0.86354,0.85937,0.86326
2025-12-05,EUR/GBP,GBP,0.86326,0.86922,0.86129,0.86717
2025-12-06,EUR/GBP,GBP,0.86717,0.8674,0.86326,0.86629
2025-12-07,EUR/GBP,GBP,0.86629,0.86814,0.86572,0.86696
2025-12-08,EUR/GBP,GBP,0.86696,0.86818,0.86294,0.86754
2025-12-09,EUR/GBP,GBP,0.86754,0.86996,0.85866,0.86686
2025-12-10,EUR/GBP,GBP,0.86686,0.86774,0.86252,0.86371
2025-12-11,EUR/GBP,GBP,0.86371,0.87181,0.86241,0.86899
2025-12-12,EUR/GBP,GBP,0.86899,0.86965,0.86522,0.86529
2025-12-13,EUR/GBP,GBP,0.86529,0.87029,0.86391,0.86804
2025-12-14,EUR/GBP,GBP,0.86804,0.86863,0.86604,0.86806
2025-12-15,EUR/GBP,GBP,0.86806,0.86975,0.86352,0.8647
2025-12-16,EUR/GBP,GBP,0.8647,0.86821,0.86426,0.86752
2025-12-17,EUR/GBP,GBP,0.86752,0.86923,0.86333,0.86595
2025-12-18,EUR/GBP,GBP,0.86595,0.86831,0.8631,0.86454
2025-12-19,EUR/GBP,GBP,0.86454,0.86725,0.85856,0.86076
2025-12-20,EUR/GBP,GBP,0.86076,0.86352,0.85566,0.85966
2025-12-21,EUR/GBP,GBP,0.85966,0.86099,0.85409,0.85671
2025-12-22,EUR/GBP,GBP,0.85671,0.86071,0.85571,0.85581
2025-12-23,EUR/GBP,GBP,0.85581,0.85861,0.85136,0.85666
2025-12-24,EUR/GBP,GBP,0.85666,0.85713,0.85254,0.85524
2025-12-25,EUR/GBP,GBP,0.85524,0.85534,0.85417,0.85475
2025-12-26,EUR/GBP,GBP,0.85475,0.85551,0.85289,0.85402
2025-12-27,EUR/GBP,GBP,0.85402,0.85559,0.8511,0.85235
2025-12-28,EUR/GBP,GBP,0.85235,0.8556,0.84813,0.84874
2025-12-29,EUR/GBP,GBP,0.84874,0.85288,0.84389,0.8511
2025-12-30,EUR/GBP,GBP,0.8511,0.85336,0.85016,0.85045
2025-12-31,EUR/GBP,GBP,0.85045,0.85166,0.84932,0.84936
2026-01-01,EUR/GBP,GBP,0.84936,0.85133,0.84449,0.8445
2026-01-02,EUR/GBP,GBP,0.8445,0.84756,0.84139,0.84471
2026-01-03,EUR/GBP,GBP,0.84471,0.84767,0.84132,0.84482
2026-01-04,EUR/GBP,GBP,0.84482,0.84582,0.84189,0.84367
2026-01-05,EUR/GBP,GBP,0.84367,0.8437,0.84041,0.84186
2026-01-06,EUR/GBP,GBP,0.84186,0.84279,0.84153,0.84202
2026-01-07,EUR/GBP,GBP,0.84202,0.84591,0.83941,0.84421
2026-01-08,EUR/GBP,GBP,0.84421,0.84679,0.84333,0.84631
2026-01-09,EUR/GBP,GBP,0.84631,0.84809,0.84529,0.8453
2026-01-10,EUR/GBP,GBP,0.8453,0.84852,0.84522,0.84704
2026-01-11,EUR/GBP,GBP,0.84704,0.84747,0.84418,0.8453
2026-01-12,EUR/GBP,GBP,0.8453,0.84667,0.84238,0.84339
2026-01-13,EUR/GBP,GBP,0.84339,0.84426,0.8426,0.84312
2026-01-14,EUR/GBP,GBP,0.84312,0.8454,0.84008,0.84205
2026-01-15,EUR/GBP,GBP,0.84205,0.84489,0.84085,0.84155
2026-01-16,EUR/GBP,GBP,0.84155,0.84306,0.83575,0.83729
2026-01-17,EUR/GBP,GBP,0.83729,0.83929,0.83552,0.83923
2026-01-18,EUR/GBP,GBP,0.83923,0.84231,0.83431,0.83719
2026-01-19,EUR/GBP,GBP,0.83719,0.83851,0.83444,0.83747
2026-01-20,EUR/GBP,GBP,0.83747,0.83793,0.83299,0.8357
2026-01-21,EUR/GBP,GBP,0.8357,0.83737,0.83254,0.83358
2026-01-22,EUR/GBP,GBP,0.83358,0.83557,0.83201,0.83346
2026-01-23,EUR/GBP,GBP,0.83346,0.83701,0.8332,0.83416
2026-01-24,EUR/GBP,GBP,0.83416,0.83746,0.83136,0.83549
2026-01-25,EUR/GBP,GBP,0.83549,0.84217,0.83466,0.83876
2026-01-26,EUR/GBP,GBP,0.83876,0.83942,0.83603,0.83612
2026-01-27,EUR/GBP,GBP,0.83612,0.83682,0.83556,0.83678
2026-01-28,EUR/GBP,GBP,0.83678,0.83731,0.8356,0.83652
2026-01-29,EUR/GBP,GBP,0.83652,0.83768,0.8318,0.83565
2026-01-30,EUR/GBP,GBP,0.83565,0.84041,0.83299,0.83929
2026-01-31,EUR/GBP,GBP,0.83929,0.84165,0.83626,0.84128
2026-02-01,EUR/GBP,GBP,0.84128,0.84196,0.83831,0.84059
2026-02-02,EUR/GBP,GBP,0.84059,0.84159,0.83617,0.83682
2026-02-03,EUR/GBP,GBP,0.83682,0.83832,0.83154,0.83386
2026-02-04,EUR/GBP,GBP,0.83386,0.83421,0.83126,0.83164
2026-02-05,EUR/GBP,GBP,0.83164,0.83459,0.83146,0.83288
2026-02-06,EUR/GBP,GBP,0.83288,0.83374,0.83272,0.83328
2026-02-07,EUR/GBP,GBP,0.83328,0.8385,0.82816,0.83412
2026-02-08,EUR/GBP,GBP,0.83412,0.83876,0.8313,0.83249
2026-02-09,EUR/GBP,GBP,0.83249,0.83505,0.83192,0.83293
2026-02-10,EUR/GBP,GBP,0.83293,0.83531,0.83039,0.83305
2026-02-11,EUR/GBP,GBP,0.83305,0.83468,0.82935,0.82956
2026-02-12,EUR/GBP,GBP,0.82956,0.83023,0.8287,0.82978
2026-02-13,EUR/GBP,GBP,0.82978,0.83568,0.82863,0.83224
2026-02-14,EUR/GBP,GBP,0.83224,0.83253,0.82993,0.83008
2026-02-15,EUR/GBP,GBP,0.83008,0.83211,0.826,0.83134
2026-02-16,EUR/GBP,GBP,0.83134,0.83211,0.82547,0.83016
2026-02-17,EUR/GBP,GBP,0.83016,0.83045,0.8268,0.82868
2026-02-18,EUR/GBP,GBP,0.82868,0.83041,0.8266,0.82886
2026-02-19,EUR/GBP,GBP,0.82886,0.83106,0.82719,0.8292
2026-02-20,EUR/GBP,GBP,0.8292,0.83152,0.82692,0.82962
2026-02-21,EUR/GBP,GBP,0.82962,0.83206,0.82878,0.83052
2026-02-22,EUR/GBP,GBP,0.83052,0.8306,0.82492,0.82736
2026-02-23,EUR/GBP,GBP,0.82736,0.83098,0.82481,0.83013
2026-02-24,EUR/GBP,GBP,0.83013,0.83106,0.82814,0.82903
2026-02-25,EUR/GBP,GBP,0.82903,0.83053,0.82654,0.82874
2026-02-26,EUR/GBP,GBP,0.82874,0.82993,0.82531,0.82907
2026-02-27,EUR/GBP,GBP,0.82907,0.83193,0.82206,0.82301
2026-02-28,EUR/GBP,GBP,0.82301,0.82904,0.81986,0.82441
2026-03-01,EUR/GBP,GBP,0.82441,0.8275,0.82266,0.82481
2026-03-02,EUR/GBP,GBP,0.82481,0.8262,0.82319,0.82603
2026-03-03,EUR/GBP,GBP,0.82603,0.82697,0.82324,0.82542
2026-03-04,EUR/GBP,GBP,0.82542,0.8259,0.82005,0.82379
2026-03-05,EUR/GBP,GBP,0.82379,0.82937,0.82133,0.8255
2026-03-06,EUR/GBP,GBP,0.8255,0.82724,0.82519,0.82525
2026-03-07,EUR/GBP,GBP,0.82525,0.82641,0.8244,0.82563
2026-03-08,EUR/GBP,GBP,0.82563,0.82571,0.82305,0.82539
2026-03-09,EUR/GBP,GBP,0.82539,0.8285,0.82437,0.8252
2026-03-10,EUR/GBP,GBP,0.8252,0.8255,0.82071,0.82212
2026-03-11,EUR/GBP,GBP,0.82212,0.82239,0.81739,0.81879
2026-03-12,EUR/GBP,GBP,0.81879,0.81909,0.81422,0.81723
2026-03-13,EUR/GBP,GBP,0.81723,0.81855,0.80917,0.81294
2026-03-14,EUR/GBP,GBP,0.81294,0.81645,0.80959,0.81053
2026-03-15,EUR/GBP,GBP,0.81053,0.81177,0.80588,0.81155
2026-03-16,EUR/GBP,GBP,0.81155,0.81599,0.80922,0.81417
2026-03-17,EUR/GBP,GBP,0.81417,0.82285,0.81302,0.82076
2026-03-18,EUR/GBP,GBP,0.82076,0.82145,0.81784,0.82092
2026-03-19,EUR/GBP,GBP,0.82092,0.82142,0.81913,0.82128
2026-03-20,EUR/GBP,GBP,0.82128,0.82426,0.81968,0.81993
2026-03-21,EUR/GBP,GBP,0.81993,0.82844,0.8189,0.825
2026-03-22,EUR/GBP,GBP,0.825,0.82739,0.81951,0.82114
2026-03-23,EUR/GBP,GBP,0.82114,0.82242,0.8198,0.82189
2026-03-24,EUR/GBP,GBP,0.82189,0.82481,0.81582,0.81638
2026-03-25,EUR/GBP,GBP,0.81638,0.81692,0.81322,0.81362
2026-03-26,EUR/GBP,GBP,0.81362,0.81391,0.81055,0.81281
2026-03-27,EUR/GBP,GBP,0.81281,0.81658,0.81162,0.81463
2026-03-28,EUR/GBP,GBP,0.81463,0.81855,0.81153,0.8162
2026-03-29,EUR/GBP,GBP,0.8162,0.81939,0.81318,0.81876
2026-03-30,EUR/GBP,GBP,0.81876,0.82489,0.81744,0.82218
2026-03-31,EUR/GBP,GBP,0.82218,0.82509,0.81922,0.82443
2026-04-01,EUR/GBP,GBP,0.82443,0.82835,0.82158,0.82313
2026-04-02,EUR/GBP,GBP,0.82313,0.82847,0.82233,0.82755
2026-04-03,EUR/GBP,GBP,0.82755,0.82922,0.82334,0.82512
2026-04-04,EUR/GBP,GBP,0.82512,0.83199,0.82368,0.83102
2026-04-05,EUR/GBP,GBP,0.83102,0.8321,0.82907,0.82983
2026-04-06,EUR/GBP,GBP,0.82983,0.83044,0.82912,0.83009
2026-04-07,EUR/GBP,GBP,0.83009,0.83097,0.82933,0.83022
2026-04-08,EUR/GBP,GBP,0.83022,0.83323,0.82953,0.83288
2026-04-09,EUR/GBP,GBP,0.83288,0.83372,0.82816,0.82921
2026-04-10,EUR/GBP,GBP,0.82921,0.83336,0.82365,0.8282
2026-04-11,EUR/GBP,GBP,0.8282,0.83154,0.82712,0.83012
2026-04-12,EUR/GBP,GBP,0.83012,0.83163,0.82839,0.83053
2026-04-13,EUR/GBP,GBP,0.83053,0.83113,0.82834,0.8287
2026-04-14,EUR/GBP,GBP,0.8287,0.83013,0.82484,0.82596
2026-04-15,EUR/GBP,GBP,0.82596,0.82702,0.82064,0.82222
2026-04-16,EUR/GBP,GBP,0.82222,0.82503,0.81949,0.82473
2026-04-17,EUR/GBP,GBP,0.82473,0.82646,0.81745,0.82306
2026-04-18,EUR/GBP,GBP,0.82306,0.82562,0.82169,0.82391
2026-04-19,EUR/GBP,GBP,0.82391,0.82507,0.81977,0.82037
2026-04-20,EUR/GBP,GBP,0.82037,0.82211,0.81834,0.81971
2026-04-21,EUR/GBP,GBP,0.81971,0.82391,0.81707,0.81729
2026-04-22,EUR/GBP,GBP,0.81729,0.8183,0.81373,0.81427
2026-04-23,EUR/GBP,GBP,0.81427,0.82188,0.81404,0.82014
2026-04-24,EUR/GBP,GBP,0.82014,0.82112,0.81776,0.81879
2026-04-25,EUR/GBP,GBP,0.81879,0.81917,0.81538,0.81597
2026-04-26,EUR/GBP,GBP,0.81597,0.81702,0.81218,0.81449
2026-04-27,EUR/GBP,GBP,0.81449,0.81671,0.81278,0.81369
2026-04-28,EUR/GBP,GBP,0.81369,0.81641,0.81051,0.8138
2026-04-29,EUR/GBP,GBP,0.8138,0.81869,0.81303,0.81589
2026-04-30,EUR/GBP,GBP,0.81589,0.8189,0.80906,0.81074
2026-05-01,EUR/GBP,GBP,0.81074,0.81104,0.80614,0.80881
2026-05-02,EUR/GBP,GBP,0.80881,0.81311,0.80821,0.81134
2026-05-03,EUR/GBP,GBP,0.81134,0.81202,0.81027,0.81052
2026-05-04,EUR/GBP,GBP,0.81052,0.81428,0.80937,0.81266
2026-05-05,EUR/GBP,GBP,0.81266,0.81291,0.80627,0.80648
2026-05-06,EUR/GBP,GBP,0.80648,0.80832,0.80391,0.80686
2026-05-07,EUR/GBP,GBP,0.80686,0.80865,0.80575,0.80796
2026-05-08,EUR/GBP,GBP,0.80796,0.8107,0.80437,0.80631
2026-05-09,EUR/GBP,GBP,0.80631,0.80741,0.80466,0.807
2026-05-10,EUR/GBP,GBP,0.807,0.80839,0.80498,0.80793
2026-05-11,EUR/GBP,GBP,0.80793,0.8138,0.80589,0.81136
2026-05-12,EUR/GBP,GBP,0.81136,0.81429,0.80931,0.80944
2026-05-13,EUR/GBP,GBP,0.80944,0.81091,0.8084,0.81087
2026-05-14,EUR/GBP,GBP,0.81087,0.81386,0.8102,0.81359
2026-05-15,EUR/GBP,GBP,0.81359,0.81662,0.80956,0.81638
2026-05-16,EUR/GBP,GBP,0.81638,0.82029,0.81335,0.81526
2026-05-17,EUR/GBP,GBP,0.81526,0.81776,0.81307,0.8165
2026-05-18,EUR/GBP,GBP,0.8165,0.81707,0.81403,0.8153
2026-05-19,EUR/GBP,GBP,0.8153,0.81886,0.81201,0.81757
2026-05-20,EUR/GBP,GBP,0.81757,0.82021,0.81324,0.8151
2026-05-21,EUR/GBP,GBP,0.8151,0.81512,0.813,0.81363
2026-05-22,EUR/GBP,GBP,0.81363,0.81378,0.80794,0.8104
2026-05-23,EUR/GBP,GBP,0.8104,0.81327,0.80824,0.81282
2026-05-24,EUR/GBP,GBP,0.81282,0.81345,0.80944,0.81021
2026-05-25,EUR/GBP,GBP,0.81021,0.81069,0.80753,0.80987
2026-05-26,EUR/GBP,GBP,0.80987,0.81146,0.80432,0.80479
2026-05-27,EUR/GBP,GBP,0.80479,0.80779,0.80341,0.80694
2026-05-28,EUR/GBP,GBP,0.80694,0.8086,0.80648,0.80693
2026-05-29,EUR/GBP,GBP,0.80693,0.8108,0.80662,0.80885
2026-05-30,EUR/GBP,GBP,0.80885,0.81123,0.80825,0.80866
2026-05-31,EUR/GBP,GBP,0.80866,0.8155,0.8084,0.81287
2026-06-01,EUR/GBP,GBP,0.81287,0.81449,0.81128,0.81328
2026-06-02,EUR/GBP,GBP,0.81328,0.81739,0.81116,0.81737
2026-06-03,EUR/GBP,GBP,0.81737,0.81798,0.81184,0.8173
2026-06-04,EUR/GBP,GBP,0.8173,0.81995,0.81708,0.81985
2026-06-05,EUR/GBP,GBP,0.81985,0.82414,0.81412,0.82217
2026-06-06,EUR/GBP,GBP,0.82217,0.82378,0.81958,0.82373
2026-06-07,EUR/GBP,GBP,0.82373,0.83033,0.82263,0.82588
2026-06-08,EUR/GBP,GBP,0.82588,0.83217,0.82423,0.82858
2026-06-09,EUR/GBP,GBP,0.82858,0.82989,0.82345,0.82394
2026-06-10,EUR/GBP,GBP,0.82394,0.82409,0.81908,0.82052
2026-06-11,EUR/GBP,GBP,0.82052,0.82207,0.81968,0.82012
2026-06-12,EUR/GBP,GBP,0.82012,0.82392,0.81977,0.82005
2026-06-13,EUR/GBP,GBP,0.82005,0.82135,0.81366,0.81672
2026-06-14,EUR/GBP,GBP,0.81672,0.81998,0.81566,0.81918
2026-06-15,EUR/GBP,GBP,0.81918,0.82158,0.81863,0.81988
2026-06-16,EUR/GBP,GBP,0.81988,0.82097,0.81725,0.81805
2026-06-17,EUR/GBP,GBP,0.81805,0.82053,0.81475,0.81523
2026-06-18,EUR/GBP,GBP,0.81523,0.81556,0.8145,0.81514
2026-06-19,EUR/GBP,GBP,0.81514,0.81645,0.81495,0.81526
2026-06-20,EUR/GBP,GBP,0.81526,0.81868,0.80657,0.81032
2026-06-21,EUR/GBP,GBP,0.81032,0.81217,0.80963,0.8103
2026-06-22,EUR/GBP,GBP,0.8103,0.81118,0.80534,0.81013
2026-06-23,EUR/GBP,GBP,0.81013,0.81177,0.80692,0.81073
2026-06-24,EUR/GBP,GBP,0.81073,0.81582,0.80928,0.8155
2026-06-25,EUR/GBP,GBP,0.8155,0.81848,0.81419,0.81757
2026-06-26,EUR/GBP,GBP,0.81757,0.81951,0.81378,0.81606
2026-06-27,EUR/GBP,GBP,0.81606,0.81708,0.81485,0.81565
2026-06-28,EUR/GBP,GBP,0.81565,0.82024,0.81451,0.81719
2026-06-29,EUR/GBP,GBP,0.81719,0.81882,0.81553,0.81637
2026-06-30,EUR/GBP,GBP,0.81637,0.8219,0.8157,0.81925
2026-07-01,EUR/GBP,GBP,0.81925,0.82082,0.81803,0.81994
2026-07-02,EUR/GBP,GBP,0.81994,0.82353,0.81594,0.81776
2026-07-03,EUR/GBP,GBP,0.81776,0.82244,0.81671,0.82007
2026-07-04,EUR/GBP,GBP,0.82007,0.82035,0.81428,0.81752
2026-07-05,EUR/GBP,GBP,0.81752,0.81885,0.81744,0.81851
2026-07-06,EUR/GBP,GBP,0.81851,0.82235,0.81802,0.82145
2026-07-07,EUR/GBP,GBP,0.82145,0.8251,0.82092,0.82148
2026-07-08,EUR/GBP,GBP,0.82148,0.82263,0.81365,0.81532
2026-07-09,EUR/GBP,GBP,0.81532,0.81756,0.81524,0.81639
2026-07-10,EUR/GBP,GBP,0.81639,0.8164,0.80801,0.81374
2026-07-11,EUR/GBP,GBP,0.81374,0.81832,0.81342,0.81822
2026-07-12,EUR/GBP,GBP,0.81822,0.81979,0.81508,0.81579
2026-07-13,EUR/GBP,GBP,0.81579,0.81756,0.81141,0.81448
2026-07-14,EUR/GBP,GBP,0.81448,0.81547,0.81119,0.81527
2026-07-15,EUR/GBP,GBP,0.81527,0.81932,0.81445,0.81707
2026-07-16,EUR/GBP,GBP,0.81707,0.82143,0.81616,0.8194
2026-07-17,EUR/GBP,GBP,0.8194,0.82078,0.81602,0.81837
2026-07-18,EUR/GBP,GBP,0.81837,0.82154,0.81545,0.81679
2026-07-19,EUR/GBP,GBP,0.81679,0.81883,0.81492,0.81773
2026-07-20,EUR/GBP,GBP,0.81773,0.81783,0.81465,0.81477
2026-07-21,EUR/GBP,GBP,0.81477,0.81534,0.81105,0.81439
2026-07-22,EUR/GBP,GBP,0.81439,0.81926,0.81191,0.81541
2026-07-23,EUR/GBP,GBP,0.81541,0.82166,0.81424,0.81955
2026-07-24,EUR/GBP,GBP,0.81955,0.82282,0.81552,0.81846
2026-07-25,EUR/GBP,GBP,0.81846,0.82053,0.8169,0.81772
2026-07-26,EUR/GBP,GBP,0.81772,0.81908,0.8153,0.81574
2026-07-27,EUR/GBP,GBP,0.81574,0.82126,0.81249,0.81995
2026-07-28,EUR/GBP,GBP,0.81995,0.82279,0.81848,0.82201
2026-07-29,EUR/GBP,GBP,0.82201,0.82456,0.82089,0.82202
2026-07-30,EUR/GBP,GBP,0.82202,0.82261,0.81635,0.81789
2026-07-31,EUR/GBP,GBP,0.81789,0.81814,0.81596,0.81716
2026-08-01,EUR/GBP,GBP,0.81716,0.8202,0.81075,0.81376
2026-08-02,EUR/GBP,GBP,0.81376,0.82024,0.81245,0.81537
2026-08-03,EUR/GBP,GBP,0.81537,0.81592,0.80984,0.81347
2026-08-04,EUR/GBP,GBP,0.81347,0.81692,0.81126,0.81443
2026-08-05,EUR/GBP,GBP,0.81443,0.81462,0.81288,0.81289
2026-08-06,EUR/GBP,GBP,0.81289,0.81353,0.81205,0.81346
2026-08-07,EUR/GBP,GBP,0.81346,0.81518,0.81196,0.81427
2026-08-08,EUR/GBP,GBP,0.81427,0.81762,0.81289,0.81529
2026-08-09,EUR/GBP,GBP,0.81529,0.81788,0.81346,0.81754
2026-08-10,EUR/GBP,GBP,0.81754,0.81817,0.81369,0.81553
2026-08-11,EUR/GBP,GBP,0.81553,0.82426,0.81324,0.82232
2026-08-12,EUR/GBP,GBP,0.82232,0.82682,0.81998,0.82041
2026-08-13,EUR/GBP,GBP,0.82041,0.82239,0.81732,0.8205
2026-08-14,EUR/GBP,GBP,0.8205,0.82323,0.81854,0.82171
2026-08-15,EUR/GBP,GBP,0.82171,0.82253,0.82006,0.82244
2026-08-16,EUR/GBP,GBP,0.82244,0.82429,0.82137,0.82376
2026-08-17,EUR/GBP,GBP,0.82376,0.82485,0.82309,0.82334
2026-08-18,EUR/GBP,GBP,0.82334,0.82513,0.8221,0.82336
2026-08-19,EUR/GBP,GBP,0.82336,0.82502,0.82173,0.82242
2026-08-20,EUR/GBP,GBP,0.82242,0.82316,0.82159,0.82299
2026-08-21,EUR/GBP,GBP,0.82299,0.82777,0.82243,0.82519
2026-08-22,EUR/GBP,GBP,0.82519,0.82572,0.82053,0.82251
2026-08-23,EUR/GBP,GBP,0.82251,0.83062,0.82123,0.82668
2026-08-24,EUR/GBP,GBP,0.82668,0.82928,0.82595,0.82878
2026-08-25,EUR/GBP,GBP,0.82878,0.82893,0.82304,0.82478
2026-08-26,EUR/GBP,GBP,0.82478,0.82557,0.82093,0.82546
2026-08-27,EUR/GBP,GBP,0.82546,0.82827,0.82493,0.8277
2026-08-28,EUR/GBP,GBP,0.8277,0.8319,0.82704,0.83184
2026-08-29,EUR/GBP,GBP,0.83184,0.83272,0.83176,0.83192
2026-08-30,EUR/GBP,GBP,0.83192,0.83501,0.8263,0.827
2026-08-31,EUR/GBP,GBP,0.827,0.83156,0.82557,0.83086
2026-09-01,EUR/GBP,GBP,0.83086,0.83243,0.82611,0.82724
2026-09-02,EUR/GBP,GBP,0.82724,0.82959,0.82629,0.82881
2026-09-03,EUR/GBP,GBP,0.82881,0.82963,0.82857,0.82887
2026-09-04,EUR/GBP,GBP,0.82887,0.83079,0.82253,0.82727
2026-09-05,EUR/GBP,GBP,0.82727,0.83028,0.82534,0.82679
2026-09-06,EUR/GBP,GBP,0.82679,0.82879,0.82481,0.82733
2026-09-07,EUR/GBP,GBP,0.82733,0.83046,0.82506,0.82701
2026-09-08,EUR/GBP,GBP,0.82701,0.82869,0.82219,0.82513
2026-09-09,EUR/GBP,GBP,0.82513,0.82533,0.82137,0.82278
2026-09-10,EUR/GBP,GBP,0.82278,0.8249,0.80995,0.81324
2026-09-11,EUR/GBP,GBP,0.81324,0.81471,0.80911,0.81465
2026-09-12,EUR/GBP,GBP,0.81465,0.81805,0.81328,0.81706
2026-09-13,EUR/GBP,GBP,0.81706,0.82363,0.81669,0.82072
2026-09-14,EUR/GBP,GBP,0.82072,0.8214,0.81968,0.82037
2026-09-15,EUR/GBP,GBP,0.82037,0.82172,0.8201,0.82082
2026-09-16,EUR/GBP,GBP,0.82082,0.822,0.81952,0.82182
2026-09-17,EUR/GBP,GBP,0.82182,0.82323,0.82027,0.82181
2026-09-18,EUR/GBP,GBP,0.82181,0.82204,0.82088,0.82095
2026-09-19,EUR/GBP,GBP,0.82095,0.82417,0.82056,0.82318
2026-09-20,EUR/GBP,GBP,0.82318,0.82465,0.82304,0.82345
2026-09-21,EUR/GBP,GBP,0.82345,0.82627,0.823,0.8259
2026-09-22,EUR/GBP,GBP,0.8259,0.82981,0.82285,0.82413
2026-09-23,EUR/GBP,GBP,0.82413,0.82583,0.81976,0.81998
2026-09-24,EUR/GBP,GBP,0.81998,0.82106,0.81553,0.81921
2026-09-25,EUR/GBP,GBP,0.81921,0.82114,0.81889,0.82006
2026-09-26,EUR/GBP,GBP,0.82006,0.82345,0.81957,0.8207
2026-09-27,EUR/GBP,GBP,0.8207,0.82241,0.81611,0.81709
2026-09-28,EUR/GBP,GBP,0.81709,0.81825,0.81636,0.81733
2026-09-29,EUR/GBP,GBP,0.81733,0.81761,0.81617,0.81735
2026-09-30,EUR/GBP,GBP,0.81735,0.82303,0.81272,0.82025
2024-09-30,EUR/INR,INR,90.8,91.68634,90.73161,91.14185
2024-10-01,EUR/INR,INR,91.14185,91.26186,90.78183,91.08463
2024-10-02,EUR/INR,INR,91.08463,91.14124,90.85888,91.10417
2024-10-03,EUR/INR,INR,91.10417,91.38542,90.25851,90.77598
2024-10-04,EUR/INR,INR,90.77598,91.20919,90.70931,90.96543
2024-10-05,EUR/INR,INR,90.96543,91.34844,90.75,90.99272
2024-10-06,EUR/INR,INR,90.99272,91.14421,90.41466,90.77007
2024-10-07,EUR/INR,INR,90.77007,91.69807,90.46318,91.26999
2024-10-08,EUR/INR,INR,91.26999,92.06932,91.15189,91.59121
2024-10-09,EUR/INR,INR,91.59121,91.94365,91.36645,91.58151
2024-10-10,EUR/INR,INR,91.58151,92.75014,91.53426,92.45232
2024-10-11,EUR/INR,INR,92.45232,92.63278,91.55991,92.00381
2024-10-12,EUR/INR,INR,92.00381,92.29009,91.92694,91.92807
2024-10-13,EUR/INR,INR,91.92807,92.43464,91.80356,92.32991
2024-10-14,EUR/INR,INR,92.32991,92.5178,92.28672,92.37128
2024-10-15,EUR/INR,INR,92.37128,92.67598,92.2369,92.43713
2024-10-16,EUR/INR,INR,92.43713,93.70653,91.97937,93.32134
2024-10-17,EUR/INR,INR,93.32134,93.34523,92.12368,92.40107
2024-10-18,EUR/INR,INR,92.40107,92.71826,92.1882,92.20668
2024-10-19,EUR/INR,INR,92.20668,92.44094,91.98623,92.15091
2024-10-20,EUR/INR,INR,92.15091,92.35841,92.03761,92.04732
2024-10-21,EUR/INR,INR,92.04732,93.00893,91.85284,92.79261
2024-10-22,EUR/INR,INR,92.79261,93.06534,92.68017,92.78074
2024-10-23,EUR/INR,INR,92.78074,93.18421,92.4567,92.8982
2024-10-24,EUR/INR,INR,92.8982,93.63864,92.15147,93.01902
2024-10-25,EUR/INR,INR,93.01902,93.34613,92.72333,93.32467
2024-10-26,EUR/INR,INR,93.32467,93.75296,93.15596,93.68677
2024-10-27,EUR/INR,INR,93.68677,94.63633,93.39581,94.37491
2024-10-28,EUR/INR,INR,94.37491,94.63531,94.11296,94.28874
2024-10-29,EUR/INR,INR,94.28874,94.52843,93.56243,93.94158
2024-10-30,EUR/INR,INR,93.94158,93.97803,93.44448,93.61856
2024-10-31,EUR/INR,INR,93.61856,94.06637,93.06319,93.97594
2024-11-01,EUR/INR,INR,93.97594,94.01453,93.50407,93.8859
2024-11-02,EUR/INR,INR,93.8859,94.35719,93.687,93.85756
2024-11-03,EUR/INR,INR,93.85756,94.22892,92.65258,92.93759
2024-11-04,EUR/INR,INR,92.93759,93.91554,92.73056,93.31637
2024-11-05,EUR/INR,INR,93.31637,93.5801,92.54824,93.0931
2024-11-06,EUR/INR,INR,93.0931,93.10739,92.92044,93.09595
2024-11-07,EUR/INR,INR,93.09595,94.37174,92.89377,93.326
2024-11-08,EUR/INR,INR,93.326,93.45152,92.68963,92.77969
2024-11-09,EUR/INR,INR,92.77969,93.44116,92.6831,92.79311
2024-11-10,EUR/INR,INR,92.79311,93.67667,92.56898,93.23514
2024-11-11,EUR/INR,INR,93.23514,93.62967,92.49409,92.71964
2024-11-12,EUR/INR,INR,92.71964,93.35052,92.38447,92.68142
2024-11-13,EUR/INR,INR,92.68142,92.78922,92.43708,92.45833
2024-11-14,EUR/INR,INR,92.45833,93.10233,92.45364,93.06313
2024-11-15,EUR/INR,INR,93.06313,93.8948,92.80849,93.6876
2024-11-16,EUR/INR,INR,93.6876,94.00319,93.61657,93.61694
2024-11-17,EUR/INR,INR,93.61694,94.32348,93.15307,93.8964
2024-11-18,EUR/INR,INR,93.8964,94.20787,93.68722,93.78767
2024-11-19,EUR/INR,INR,93.78767,93.85617,93.22261,93.32976
2024-11-20,EUR/INR,INR,93.32976,94.31631,93.0997,93.62239
2024-11-21,EUR/INR,INR,93.62239,93.99582,92.99525,93.34459
2024-11-22,EUR/INR,INR,93.34459,93.48115,93.01745,93.44092
2024-11-23,EUR/INR,INR,93.44092,93.7204,93.26678,93.68223
2024-11-24,EUR/INR,INR,93.68223,93.76001,92.7952,92.96089
2024-11-25,EUR/INR,INR,92.96089,93.34624,92.27515,92.35345
2024-11-26,EUR/INR,INR,92.35345,92.80025,92.17531,92.49238
2024-11-27,EUR/INR,INR,92.49238,92.9204,91.38548,91.78636
2024-11-28,EUR/INR,INR,91.78636,92.01356,91.38865,92.00275
2024-11-29,EUR/INR,INR,92.00275,92.02168,91.18064,91.70397
2024-11-30,EUR/INR,INR,91.70397,91.88772,90.4191,90.96467
2024-12-01,EUR/INR,INR,90.96467,91.27377,90.65674,90.88476
2024-12-02,EUR/INR,INR,90.88476,91.36984,90.48318,90.63835
2024-12-03,EUR/INR,INR,90.63835,91.3594,90.3937,91.15657
2024-12-04,EUR/INR,INR,91.15657,91.33165,90.58742,90.9629
2024-12-05,EUR/INR,INR,90.9629,91.42083,89.78507,90.49659
2024-12-06,EUR/INR,INR,90.49659,90.57349,90.22618,90.43643
2024-12-07,EUR/INR,INR,90.43643,90.92213,90.34534,90.62977
2024-12-08,EUR/INR,INR,90.62977,91.39991,90.54972,91.29967
2024-12-09,EUR/INR,INR,91.29967,91.5385,91.22975,91.39571
2024-12-10,EUR/INR,INR,91.39571,91.49168,90.79569,90.90998
2024-12-11,EUR/INR,INR,90.90998,90.91991,90.40242,90.69543
2024-12-12,EUR/INR,INR,90.69543,91.49246,89.74024,90.27019
2024-12-13,EUR/INR,INR,90.27019,90.52361,90.06781,90.48811
2024-12-14,EUR/INR,INR,90.48811,90.70961,89.18727,89.40231
2024-12-15,EUR/INR,INR,89.40231,89.95696,89.35473,89.76324
2024-12-16,EUR/INR,INR,89.76324,90.36163,89.43594,90.26199
2024-12-17,EUR/INR,INR,90.26199,90.52922,89.81887,90.12341
2024-12-18,EUR/INR,INR,90.12341,90.32299,89.50377,89.72769
2024-12-19,EUR/INR,INR,89.72769,89.94287,89.24711,89.34557
2024-12-20,EUR/INR,INR,89.34557,89.86845,89.11948,89.71393
2024-12-21,EUR/INR,INR,89.71393,89.78752,89.43686,89.74978
2024-12-22,EUR/INR,INR,89.74978,89.95506,88.72922,89.34057
2024-12-23,EUR/INR,INR,89.34057,89.71066,89.05239,89.19285
2024-12-24,EUR/INR,INR,89.19285,89.80445,88.90737,89.53295
2024-12-25,EUR/INR,INR,89.53295,90.10101,89.41913,89.68595
2024-12-26,EUR/INR,INR,89.68595,90.83029,89.581,90.33858
2024-12-27,EUR/INR,INR,90.33858,90.73794,90.16265,90.45331
2024-12-28,EUR/INR,INR,90.45331,90.65213,89.29064,89.89445
2024-12-29,EUR/INR,INR,89.89445,90.56052,89.23996,90.49012
2024-12-30,EUR/INR,INR,90.49012,90.93924,90.31187,90.80252
2024-12-31,EUR/INR,INR,90.80252,90.96208,90.38902,90.41074
2025-01-01,EUR/INR,INR,90.41074,90.87153,89.6198,89.90942
2025-01-02,EUR/INR,INR,89.90942,91.27803,89.84749,90.60424
2025-01-03,EUR/INR,INR,90.60424,90.77063,90.31976,90.66817
2025-01-04,EUR/INR,INR,90.66817,91.77322,90.39599,91.1991
2025-01-05,EUR/INR,INR,91.1991,91.33695,91.04593,91.17467
2025-01-06,EUR/INR,INR,91.17467,92.04003,91.03176,91.63608
2025-01-07,EUR/INR,INR,91.63608,91.9676,91.36111,91.92369
2025-01-08,EUR/INR,INR,91.92369,92.36424,91.45354,91.98805
2025-01-09,EUR/INR,INR,91.98805,92.01025,91.03588,91.86066
2025-01-10,EUR/INR,INR,91.86066,92.11178,91.15768,91.44903
2025-01-11,EUR/INR,INR,91.44903,91.7004,90.9344,91.18486
2025-01-12,EUR/INR,INR,91.18486,91.81945,90.46249,90.57254
2025-01-13,EUR/INR,INR,90.57254,91.00153,89.8556,90.02907
2025-01-14,EUR/INR,INR,90.02907,90.60702,89.69366,90.36749
2025-01-15,EUR/INR,INR,90.36749,91.49552,90.23073,90.84579
2025-01-16,EUR/INR,INR,90.84579,91.07393,90.48029,90.65098
2025-01-17,EUR/INR,INR,90.65098,91.18435,89.80786,89.99945
2025-01-18,EUR/INR,INR,89.99945,90.23247,89.73337,90.19103
2025-01-19,EUR/INR,INR,90.19103,90.68683,90.16518,90.48001
2025-01-20,EUR/INR,INR,90.48001,90.60929,89.78638,90.03985
2025-01-21,EUR/INR,INR,90.03985,90.6483,89.96432,90.54895
2025-01-22,EUR/INR,INR,90.54895,90.63259,90.31803,90.49471
2025-01-23,EUR/INR,INR,90.49471,90.85738,88.86282,89.40193
2025-01-24,EUR/INR,INR,89.40193,89.72234,89.13805,89.17913
2025-01-25,EUR/INR,INR,89.17913,89.47743,89.09968,89.11604
2025-01-26,EUR/INR,INR,89.11604,89.51081,88.56815,88.8265
2025-01-27,EUR/INR,INR,88.8265,89.37462,88.53754,89.05727
2025-01-28,EUR/INR,INR,89.05727,90.27788,88.84493,89.75204
2025-01-29,EUR/INR,INR,89.75204,89.99038,88.57237,89.03939
2025-01-30,EUR/INR,INR,89.03939,89.52141,88.88417,89.35741
2025-01-31,EUR/INR,INR,89.35741,89.55677,88.98164,89.40232
2025-02-01,EUR/INR,INR,89.40232,89.88649,89.1911,89.23817
2025-02-02,EUR/INR,INR,89.23817,89.62815,88.98477,89.07386
2025-02-03,EUR/INR,INR,89.07386,89.16559,88.73378,89.00126
2025-02-04,EUR/INR,INR,89.00126,89.58502,88.75373,89.19031
2025-02-05,EUR/INR,INR,89.19031,89.7123,88.87148,89.10645
2025-02-06,EUR/INR,INR,89.10645,89.94294,88.02777,89.51672
2025-02-07,EUR/INR,INR,89.51672,89.96685,89.21214,89.53951
2025-02-08,EUR/INR,INR,89.53951,90.45731,89.41336,89.92125
2025-02-09,EUR/INR,INR,89.92125,90.01786,89.68502,89.74011
2025-02-10,EUR/INR,INR,89.74011,90.33921,89.59593,89.86733
2025-02-11,EUR/INR,INR,89.86733,89.91997,89.69066,89.75952
2025-02-12,EUR/INR,INR,89.75952,89.93448,88.83949,89.04514
2025-02-13,EUR/INR,INR,89.04514,89.93746,88.69829,89.58989
2025-02-14,EUR/INR,INR,89.58989,90.23337,89.45595,89.60844
2025-02-15,EUR/INR,INR,89.60844,90.02064,88.73227,88.96224
2025-02-16,EUR/INR,INR,88.96224,89.9221,88.76904,89.58692
2025-02-17,EUR/INR,INR,89.58692,89.64518,89.15939,89.19075
2025-02-18,EUR/INR,INR,89.19075,89.56062,88.96707,89.32755
2025-02-19,EUR/INR,INR,89.32755,89.53653,89.11384,89.43424
2025-02-20,EUR/INR,INR,89.43424,89.67972,89.3544,89.37195
2025-02-21,EUR/INR,INR,89.37195,89.48979,88.84156,89.41117
2025-02-22,EUR/INR,INR,89.41117,89.71297,89.29964,89.36858
2025-02-23,EUR/INR,INR,89.36858,89.40436,89.26866,89.28631
2025-02-24,EUR/INR,INR,89.28631,89.68652,88.8467,89.39837
2025-02-25,EUR/INR,INR,89.39837,89.92173,89.17439,89.65119
2025-02-26,EUR/INR,INR,89.65119,89.94799,89.43628,89.71671
2025-02-27,EUR/INR,INR,89.71671,90.28066,89.38604,90.02068
2025-02-28,EUR/INR,INR,90.02068,90.02593,89.80791,89.88097
2025-03-01,EUR/INR,INR,89.88097,90.40092,89.09759,89.17971
2025-03-02,EUR/INR,INR,89.17971,89.62475,88.47705,89.25153
2025-03-03,EUR/INR,INR,89.25153,89.36762,88.96621,89.06686
2025-03-04,EUR/INR,INR,89.06686,89.49993,88.80767,89.00908
2025-03-05,EUR/INR,INR,89.00908,89.3885,88.59057,89.37435
2025-03-06,EUR/INR,INR,89.37435,89.83363,88.49374,88.60084
2025-03-07,EUR/INR,INR,88.60084,88.68233,88.49112,88.61975
2025-03-08,EUR/INR,INR,88.61975,89.62273,88.34348,89.37561
2025-03-09,EUR/INR,INR,89.37561,89.40178,89.02226,89.38348
2025-03-10,EUR/INR,INR,89.38348,90.01207,89.14346,89.93968
2025-03-11,EUR/INR,INR,89.93968,90.08658,89.87795,90.08433
2025-03-12,EUR/INR,INR,90.08433,90.17698,89.65597,89.83123
2025-03-13,EUR/INR,INR,89.83123,90.20734,89.43954,90.1785
2025-03-14,EUR/INR,INR,90.1785,91.14787,89.76232,89.91171
2025-03-15,EUR/INR,INR,89.91171,89.97426,89.3135,89.93312
2025-03-16,EUR/INR,INR,89.93312,90.31816,89.43656,90.15747
2025-03-17,EUR/INR,INR,90.15747,90.30489,89.78882,90.0266
2025-03-18,EUR/INR,INR,90.0266,90.57354,89.34669,89.73136
2025-03-19,EUR/INR,INR,89.73136,90.11121,89.57868,90.06796
2025-03-20,EUR/INR,INR,90.06796,90.42642,90.06669,90.07312
2025-03-21,EUR/INR,INR,90.07312,90.54158,89.88589,90.28475
2025-03-22,EUR/INR,INR,90.28475,91.00125,89.85102,90.4262
2025-03-23,EUR/INR,INR,90.4262,90.70091,90.00051,90.65479
2025-03-24,EUR/INR,INR,90.65479,91.66565,90.33376,90.96461
2025-03-25,EUR/INR,INR,90.96461,91.64807,90.69027,91.10108
2025-03-26,EUR/INR,INR,91.10108,91.17949,90.75287,90.8406
2025-03-27,EUR/INR,INR,90.8406,91.0925,90.6567,90.73756
2025-03-28,EUR/INR,INR,90.73756,91.14889,90.28642,90.59824
2025-03-29,EUR/INR,INR,90.59824,90.92914,90.28528,90.34997
2025-03-30,EUR/INR,INR,90.34997,90.50964,89.98795,90.06617
2025-03-31,EUR/INR,INR,90.06617,90.76571,89.92726,89.94987
2025-04-01,EUR/INR,INR,89.94987,90.77889,89.68976,90.19048
2025-04-02,EUR/INR,INR,90.19048,90.4797,89.66061,89.78597
2025-04-03,EUR/INR,INR,89.78597,90.2881,89.7176,90.18367
2025-04-04,EUR/INR,INR,90.18367,90.52111,89.32592,89.95193
2025-04-05,EUR/INR,INR,89.95193,90.29425,89.84815,90.01015
2025-04-06,EUR/INR,INR,90.01015,90.65631,89.86252,90.30297
2025-04-07,EUR/INR,INR,90.30297,90.82871,90.05473,90.46018
2025-04-08,EUR/INR,INR,90.46018,90.61163,89.39047,89.6949
2025-04-09,EUR/INR,INR,89.6949,90.0496,89.05871,89.10539
2025-04-10,EUR/INR,INR,89.10539,89.28337,88.7014,89.06912
2025-04-11,EUR/INR,INR,89.06912,89.42681,88.59813,88.95468
2025-04-12,EUR/INR,INR,88.95468,89.83462,88.70081,89.51358
2025-04-13,EUR/INR,INR,89.51358,89.85793,89.2313,89.38053
2025-04-14,EUR/INR,INR,89.38053,89.5943,89.04463,89.59224
2025-04-15,EUR/INR,INR,89.59224,90.49796,89.21407,90.13966
2025-04-16,EUR/INR,INR,90.13966,90.412,89.32027,89.65289
2025-04-17,EUR/INR,INR,89.65289,90.03565,89.64955,89.87107
2025-04-18,EUR/INR,INR,89.87107,90.98792,89.79274,90.40832
2025-04-19,EUR/INR,INR,90.40832,90.49863,89.12498,89.40579
2025-04-20,EUR/INR,INR,89.40579,89.71576,89.29852,89.49729
2025-04-21,EUR/INR,INR,89.49729,89.76379,88.94428,89.04036
2025-04-22,EUR/INR,INR,89.04036,89.67609,88.90396,89.44592
2025-04-23,EUR/INR,INR,89.44592,90.04452,89.43339,89.56716
2025-04-24,EUR/INR,INR,89.56716,89.76183,88.27547,88.91422
2025-04-25,EUR/INR,INR,88.91422,89.4234,88.59098,89.18736
2025-04-26,EUR/INR,INR,89.18736,89.78769,88.73982,88.83753
2025-04-27,EUR/INR,INR,88.83753,88.88482,88.50305,88.59739
2025-04-28,EUR/INR,INR,88.59739,89.49183,88.24593,89.18782
2025-04-29,EUR/INR,INR,89.18782,89.60261,88.71355,89.24068
2025-04-30,EUR/INR,INR,89.24068,89.37412,89.22084,89.27961
2025-05-01,EUR/INR,INR,89.27961,89.77666,88.78565,89.25121
2025-05-02,EUR/INR,INR,89.25121,89.69967,88.6312,89.35049
2025-05-03,EUR/INR,INR,89.35049,89.5818,88.30013,88.48415
2025-05-04,EUR/INR,INR,88.48415,88.62928,88.16903,88.32217
2025-05-05,EUR/INR,INR,88.32217,88.56031,88.29721,88.53198
2025-05-06,EUR/INR,INR,88.53198,88.77582,87.77619,87.95426
2025-05-07,EUR/INR,INR,87.95426,88.31047,87.01785,87.70935
2025-05-08,EUR/INR,INR,87.70935,88.39935,87.49695,87.95816
2025-05-09,EUR/INR,INR,87.95816,88.01732,87.1741,87.76783
2025-05-10,EUR/INR,INR,87.76783,88.07433,87.24809,87.58186
2025-05-11,EUR/INR,INR,87.58186,87.87715,87.01663,87.50885
2025-05-12,EUR/INR,INR,87.50885,87.88136,87.42103,87.59537
2025-05-13,EUR/INR,INR,87.59537,87.98075,86.91691,87.18289
2025-05-14,EUR/INR,INR,87.18289,87.46965,87.0062,87.31712
2025-05-15,EUR/INR,INR,87.31712,87.31724,86.47899,86.77816
2025-05-16,EUR/INR,INR,86.77816,87.07136,86.43639,86.93143
2025-05-17,EUR/INR,INR,86.93143,87.9778,86.68758,87.29182
2025-05-18,EUR/INR,INR,87.29182,87.38466,87.17782,87.23911
2025-05-19,EUR/INR,INR,87.23911,87.31309,86.63468,86.96735
2025-05-20,EUR/INR,INR,86.96735,87.03152,86.27791,86.28407
2025-05-21,EUR/INR,INR,86.28407,86.65594,86.00018,86.08398
2025-05-22,EUR/INR,INR,86.08398,86.12417,85.22445,85.73287
2025-05-23,EUR/INR,INR,85.73287,86.36971,85.36563,85.97421
2025-05-24,EUR/INR,INR,85.97421,86.43349,85.39596,86.03591
2025-05-25,EUR/INR,INR,86.03591,86.32815,85.90565,86.23516
2025-05-26,EUR/INR,INR,86.23516,86.35628,86.04329,86.33733
2025-05-27,EUR/INR,INR,86.33733,86.9762,86.19193,86.5314
2025-05-28,EUR/INR,INR,86.5314,86.86143,85.91641,86.16735
2025-05-29,EUR/INR,INR,86.16735,86.86761,86.0402,86.24756
2025-05-30,EUR/INR,INR,86.24756,87.01023,85.9638,86.48771
2025-05-31,EUR/INR,INR,86.48771,86.56529,86.33671,86.52358
2025-06-01,EUR/INR,INR,86.52358,86.89127,86.38589,86.47921
2025-06-02,EUR/INR,INR,86.47921,86.78821,85.91624,86.12908
2025-06-03,EUR/INR,INR,86.12908,86.33011,85.95164,86.14668
2025-06-04,EUR/INR,INR,86.14668,86.47668,85.12982,85.42276
2025-06-05,EUR/INR,INR,85.42276,85.54341,84.85099,85.13681
2025-06-06,EUR/INR,INR,85.13681,85.65638,85.06493,85.57217
2025-06-07,EUR/INR,INR,85.57217,85.59781,85.26742,85.32548
2025-06-08,EUR/INR,INR,85.32548,85.85102,84.66548,85.62132
2025-06-09,EUR/INR,INR,85.62132,86.01951,85.44734,85.57331
2025-06-10,EUR/INR,INR,85.57331,86.07815,85.52302,85.98961
2025-06-11,EUR/INR,INR,85.98961,86.30721,85.37727,85.58589
2025-06-12,EUR/INR,INR,85.58589,85.91735,85.2329,85.90972
2025-06-13,EUR/INR,INR,85.90972,86.2954,85.40663,85.9324
2025-06-14,EUR/INR,INR,85.9324,86.41166,85.58263,85.82497
2025-06-15,EUR/INR,INR,85.82497,86.09692,85.65139,85.73236
2025-06-16,EUR/INR,INR,85.73236,85.74914,85.0456,85.42111
2025-06-17,EUR/INR,INR,85.42111,85.71812,84.91872,85.37443
2025-06-18,EUR/INR,INR,85.37443,85.49208,84.86991,85.10439
2025-06-19,EUR/INR,INR,85.10439,85.54868,84.32997,84.71056
2025-06-20,EUR/INR,INR,84.71056,86.04282,84.67038,85.54684
2025-06-21,EUR/INR,INR,85.54684,85.56277,84.85124,84.96168
2025-06-22,EUR/INR,INR,84.96168,85.04475,84.27987,84.51376
2025-06-23,EUR/INR,INR,84.51376,84.5716,84.10398,84.26676
2025-06-24,EUR/INR,INR,84.26676,85.16202,84.14193,85.009
2025-06-25,EUR/INR,INR,85.009,85.16858,84.88644,85.06776
2025-06-26,EUR/INR,INR,85.06776,85.46591,85.00348,85.38946
2025-06-27,EUR/INR,INR,85.38946,85.45699,85.12786,85.41726
2025-06-28,EUR/INR,INR,85.41726,85.48651,85.28686,85.40226
2025-06-29,EUR/INR,INR,85.40226,85.54066,85.38588,85.47376
2025-06-30,EUR/INR,INR,85.47376,85.56371,85.21848,85.28184
2025-07-01,EUR/INR,INR,85.28184,85.64036,85.07858,85.35334
2025-07-02,EUR/INR,INR,85.35334,85.58362,84.77369,85.57407
2025-07-03,EUR/INR,INR,85.57407,85.77395,85.49877,85.50318
2025-07-04,EUR/INR,INR,85.50318,85.65277,84.75996,85.01146
2025-07-05,EUR/INR,INR,85.01146,85.64565,84.85481,84.86377
2025-07-06,EUR/INR,INR,84.86377,84.90136,84.04092,84.48122
2025-07-07,EUR/INR,INR,84.48122,85.19863,84.32183,84.761
2025-07-08,EUR/INR,INR,84.761,85.05845,84.5221,84.71681
2025-07-09,EUR/INR,INR,84.71681,85.08877,84.00649,84.39379
2025-07-10,EUR/INR,INR,84.39379,84.78231,83.30878,83.65904
2025-07-11,EUR/INR,INR,83.65904,84.15531,83.2143,83.84134
2025-07-12,EUR/INR,INR,83.84134,84.01745,83.65408,83.65494
2025-07-13,EUR/INR,INR,83.65494,83.97768,82.82359,83.295
2025-07-14,EUR/INR,INR,83.295,83.3256,82.80047,83.22239
2025-07-15,EUR/INR,INR,83.22239,83.36512,82.98514,83.0842
2025-07-16,EUR/INR,INR,83.0842,83.16076,82.78911,82.9137
2025-07-17,EUR/INR,INR,82.9137,83.03161,82.27582,82.82336
2025-07-18,EUR/INR,INR,82.82336,82.92075,82.6454,82.80412
2025-07-19,EUR/INR,INR,82.80412,82.92943,82.51102,82.64405
2025-07-20,EUR/INR,INR,82.64405,82.68853,82.06077,82.6527
2025-07-21,EUR/INR,INR,82.6527,82.96672,82.11589,82.88595
2025-07-22,EUR/INR,INR,82.88595,83.1275,82.42152,82.47775
2025-07-23,EUR/INR,INR,82.47775,83.16908,82.24798,82.62749
2025-07-24,EUR/INR,INR,82.62749,83.10321,82.24713,82.83931
2025-07-25,EUR/INR,INR,82.83931,83.08964,82.51847,82.68802
2025-07-26,EUR/INR,INR,82.68802,83.36942,82.33783,83.25294
2025-07-27,EUR/INR,INR,83.25294,84.10557,82.99045,83.84586
2025-07-28,EUR/INR,INR,83.84586,83.96556,83.29611,83.31607
2025-07-29,EUR/INR,INR,83.31607,84.08758,83.15657,83.75768
2025-07-30,EUR/INR,INR,83.75768,84.01262,83.7403,83.86936
2025-07-31,EUR/INR,INR,83.86936,84.27588,83.41417,83.85452
2025-08-01,EUR/INR,INR,83.85452,83.92147,83.78834,83.81133
2025-08-02,EUR/INR,INR,83.81133,83.90608,82.80323,83.25071
2025-08-03,EUR/INR,INR,83.25071,83.84219,82.66834,82.99521
2025-08-04,EUR/INR,INR,82.99521,83.29848,82.73943,83.1418
2025-08-05,EUR/INR,INR,83.1418,83.54446,82.88434,83.05583
2025-08-06,EUR/INR,INR,83.05583,83.81867,82.72147,83.43264
2025-08-07,EUR/INR,INR,83.43264,84.10894,83.28168,84.10559
2025-08-08,EUR/INR,INR,84.10559,84.9478,83.84539,84.5937
2025-08-09,EUR/INR,INR,84.5937,84.67525,84.30961,84.39799
2025-08-10,EUR/INR,INR,84.39799,84.79551,84.34957,84.65088
2025-08-11,EUR/INR,INR,84.65088,85.11915,84.43629,84.75272
2025-08-12,EUR/INR,INR,84.75272,84.81356,83.9603,84.22314
2025-08-13,EUR/INR,INR,84.22314,84.69272,84.1944,84.43083
2025-08-14,EUR/INR,INR,84.43083,84.45045,84.2833,84.3425
2025-08-15,EUR/INR,INR,84.3425,84.68787,83.54303,84.1225
2025-08-16,EUR/INR,INR,84.1225,84.718,84.02004,84.57695
2025-08-17,EUR/INR,INR,84.57695,85.39184,84.08372,85.03314
2025-08-18,EUR/INR,INR,85.03314,85.2611,84.53849,85.17717
2025-08-19,EUR/INR,INR,85.17717,85.42732,84.94618,85.3126
2025-08-20,EUR/INR,INR,85.3126,86.01246,85.03066,85.19995
2025-08-21,EUR/INR,INR,85.19995,85.35944,84.90958,84.95474
2025-08-22,EUR/INR,INR,84.95474,85.91927,84.71523,85.1895
2025-08-23,EUR/INR,INR,85.1895,85.48387,84.94749,85.39524
2025-08-24,EUR/INR,INR,85.39524,85.60502,84.57283,84.75484
2025-08-25,EUR/INR,INR,84.75484,85.03706,84.16967,84.49955
2025-08-26,EUR/INR,INR,84.49955,85.4549,84.13988,84.87353
2025-08-27,EUR/INR,INR,84.87353,84.91392,84.49438,84.59677
2025-08-28,EUR/INR,INR,84.59677,85.64124,84.54308,85.32448
2025-08-29,EUR/INR,INR,85.32448,86.00051,85.25274,85.64592
2025-08-30,EUR/INR,INR,85.64592,86.13185,85.09049,85.31539
2025-08-31,EUR/INR,INR,85.31539,85.77936,85.26294,85.64778
2025-09-01,EUR/INR,INR,85.64778,85.98199,84.92163,85.1991
2025-09-02,EUR/INR,INR,85.1991,85.50718,84.81901,85.1223
2025-09-03,EUR/INR,INR,85.1223,85.32057,84.33516,84.53972
2025-09-04,EUR/INR,INR,84.53972,84.70053,83.57842,83.64761
2025-09-05,EUR/INR,INR,83.64761,84.02587,83.58974,83.61455
2025-09-06,EUR/INR,INR,83.61455,83.77527,83.173,83.46997
2025-09-07,EUR/INR,INR,83.46997,83.77413,83.42915,83.58059
2025-09-08,EUR/INR,INR,83.58059,83.61232,83.34709,83.55854
2025-09-09,EUR/INR,INR,83.55854,83.94539,82.80342,83.36586
2025-09-10,EUR/INR,INR,83.36586,84.30318,82.96815,83.93002
2025-09-11,EUR/INR,INR,83.93002,83.96792,82.72882,83.517
2025-09-12,EUR/INR,INR,83.517,83.91186,83.04212,83.31715
2025-09-13,EUR/INR,INR,83.31715,83.43846,82.98719,83.14566
2025-09-14,EUR/INR,INR,83.14566,83.62846,83.08019,83.47892
2025-09-15,EUR/INR,INR,83.47892,83.85235,83.22566,83.28715
2025-09-16,EUR/INR,INR,83.28715,83.63994,83.0097,83.1903
2025-09-17,EUR/INR,INR,83.1903,83.5607,82.97561,83.36582
2025-09-18,EUR/INR,INR,83.36582,83.49673,82.49348,82.67797
2025-09-19,EUR/INR,INR,82.67797,83.02718,82.2991,82.3753
2025-09-20,EUR/INR,INR,82.3753,83.06845,82.07367,82.92761
2025-09-21,EUR/INR,INR,82.92761,83.2096,82.3371,83.16131
2025-09-22,EUR/INR,INR,83.16131,83.99575,82.43466,83.39931
2025-09-23,EUR/INR,INR,83.39931,84.19753,82.95214,82.97314
2025-09-24,EUR/INR,INR,82.97314,83.35445,82.58506,83.32491
2025-09-25,EUR/INR,INR,83.32491,84.1005,83.00009,83.62224
2025-09-26,EUR/INR,INR,83.62224,83.64099,83.24373,83.48741
2025-09-27,EUR/INR,INR,83.48741,83.50476,83.38942,83.41321
2025-09-28,EUR/INR,INR,83.41321,83.98319,83.15198,83.89013
2025-09-29,EUR/INR,INR,83.89013,84.07478,83.19635,83.59044
2025-09-30,EUR/INR,INR,83.59044,83.96329,83.44438,83.52649
2025-10-01,EUR/INR,INR,83.52649,83.53657,83.21813,83.507
2025-10-02,EUR/INR,INR,83.507,83.56177,83.13722,83.21306
2025-10-03,EUR/INR,INR,83.21306,83.57708,82.83483,83.55109
2025-10-04,EUR/INR,INR,83.55109,84.34584,83.2072,84.12106
2025-10-05,EUR/INR,INR,84.12106,84.44588,83.63196,83.77777
2025-10-06,EUR/INR,INR,83.77777,83.8595,83.09666,83.31254
2025-10-07,EUR/INR,INR,83.31254,83.88535,83.1306,83.81376
2025-10-08,EUR/INR,INR,83.81376,84.23603,83.76497,83.93328
2025-10-09,EUR/INR,INR,83.93328,83.94506,83.90832,83.93717
2025-10-10,EUR/INR,INR,83.93717,84.1422,83.4397,83.64969
2025-10-11,EUR/INR,INR,83.64969,83.74577,82.83743,83.0872
2025-10-12,EUR/INR,INR,83.0872,83.44526,82.86079,83.37173
2025-10-13,EUR/INR,INR,83.37173,83.81858,83.31082,83.63903
2025-10-14,EUR/INR,INR,83.63903,84.26595,83.56684,84.25847
2025-10-15,EUR/INR,INR,84.25847,84.70037,83.93679,84.12372
2025-10-16,EUR/INR,INR,84.12372,84.26785,83.57275,84.09318
2025-10-17,EUR/INR,INR,84.09318,84.75379,83.82618,83.9619
2025-10-18,EUR/INR,INR,83.9619,84.23425,83.84982,84.02745
2025-10-19,EUR/INR,INR,84.02745,84.57976,83.94238,84.3116
2025-10-20,EUR/INR,INR,84.3116,85.04699,84.29272,84.84128
2025-10-21,EUR/INR,INR,84.84128,85.2637,83.86849,83.9129
2025-10-22,EUR/INR,INR,83.9129,84.73843,83.89188,84.3524
2025-10-23,EUR/INR,INR,84.3524,84.62253,83.8814,84.22604
2025-10-24,EUR/INR,INR,84.22604,84.57026,84.16292,84.38492
2025-10-25,EUR/INR,INR,84.38492,84.48751,84.24944,84.4161
2025-10-26,EUR/INR,INR,84.4161,84.47601,84.315,84.43833
2025-10-27,EUR/INR,INR,84.43833,84.53562,84.15769,84.4726
2025-10-28,EUR/INR,INR,84.4726,84.77209,84.34408,84.35537
2025-10-29,EUR/INR,INR,84.35537,84.57384,83.96205,84.15226
2025-10-30,EUR/INR,INR,84.15226,84.15291,83.653,83.83286
2025-10-31,EUR/INR,INR,83.83286,84.03798,83.47033,83.77784
2025-11-01,EUR/INR,INR,83.77784,84.34017,83.7193,84.08513
2025-11-02,EUR/INR,INR,84.08513,85.20294,83.71006,84.36242
2025-11-03,EUR/INR,INR,84.36242,84.40261,84.22276,84.31356
2025-11-04,EUR/INR,INR,84.31356,85.11684,83.89586,84.81455
2025-11-05,EUR/INR,INR,84.81455,85.14025,84.72074,84.9625
2025-11-06,EUR/INR,INR,84.9625,85.22813,84.41405,84.50247
2025-11-07,EUR/INR,INR,84.50247,85.04782,84.38343,84.99248
2025-11-08,EUR/INR,INR,84.99248,86.044,84.98981,85.49478
2025-11-09,EUR/INR,INR,85.49478,85.72762,85.15858,85.23132
2025-11-10,EUR/INR,INR,85.23132,85.52711,84.78343,85.45266
2025-11-11,EUR/INR,INR,85.45266,85.59063,85.06854,85.20845
2025-11-12,EUR/INR,INR,85.20845,85.32642,84.90329,85.11452
2025-11-13,EUR/INR,INR,85.11452,85.60976,85.08364,85.44963
2025-11-14,EUR/INR,INR,85.44963,85.76469,85.18281,85.50677
2025-11-15,EUR/INR,INR,85.50677,85.58498,84.48375,84.54746
2025-11-16,EUR/INR,INR,84.54746,84.8109,84.34316,84.79188
2025-11-17,EUR/INR,INR,84.79188,84.86597,84.15919,84.41452
2025-11-18,EUR/INR,INR,84.41452,85.12747,83.56283,83.89854
2025-11-19,EUR/INR,INR,83.89854,84.13928,83.84919,83.90573
2025-11-20,EUR/INR,INR,83.90573,84.06626,83.48266,83.94198
2025-11-21,EUR/INR,INR,83.94198,84.10069,83.41702,83.78084
2025-11-22,EUR/INR,INR,83.78084,83.88689,83.44774,83.64201
2025-11-23,EUR/INR,INR,83.64201,83.76589,82.97488,83.38409
2025-11-24,EUR/INR,INR,83.38409,83.85637,82.75745,83.79768
2025-11-25,EUR/INR,INR,83.79768,84.69385,83.70967,84.68817
2025-11-26,EUR/INR,INR,84.68817,84.79527,84.39938,84.50915
2025-11-27,EUR/INR,INR,84.50915,85.11735,84.42042,84.85333
2025-11-28,EUR/INR,INR,84.85333,85.64835,84.80414,85.58377
2025-11-29,EUR/INR,INR,85.58377,85.72925,84.95682,85.25215
2025-11-30,EUR/INR,INR,85.25215,85.64653,85.14867,85.57212
2025-12-01,EUR/INR,INR,85.57212,86.48986,85.34666,86.17977
2025-12-02,EUR/INR,INR,86.17977,86.2657,85.03634,85.26512
2025-12-03,EUR/INR,INR,85.26512,85.26764,84.80667,84.88188
2025-12-04,EUR/INR,INR,84.88188,85.08128,84.51382,84.92585
2025-12-05,EUR/INR,INR,84.92585,85.23642,84.66405,84.98542
2025-12-06,EUR/INR,INR,84.98542,85.35221,84.25946,84.54098
2025-12-07,EUR/INR,INR,84.54098,85.08643,84.40006,85.04121
2025-12-08,EUR/INR,INR,85.04121,85.10217,84.8547,85.07803
2025-12-09,EUR/INR,INR,85.07803,85.18276,84.5533,84.88701
2025-12-10,EUR/INR,INR,84.88701,85.15047,84.79905,85.13551
2025-12-11,EUR/INR,INR,85.13551,85.46744,84.19405,84.74529
2025-12-12,EUR/INR,INR,84.74529,84.91914,84.48262,84.52881
2025-12-13,EUR/INR,INR,84.52881,85.0379,83.35828,83.55033
2025-12-14,EUR/INR,INR,83.55033,83.55829,82.96603,83.28763
2025-12-15,EUR/INR,INR,83.28763,84.18909,83.14124,83.93312
2025-12-16,EUR/INR,INR,83.93312,83.95578,83.29735,83.68265
2025-12-17,EUR/INR,INR,83.68265,84.43129,83.57629,84.31825
2025-12-18,EUR/INR,INR,84.31825,84.63221,83.63191,84.354
2025-12-19,EUR/INR,INR,84.354,84.89747,83.90565,84.84355
2025-12-20,EUR/INR,INR,84.84355,85.30572,84.75063,85.28227
2025-12-21,EUR/INR,INR,85.28227,86.10357,84.80267,85.83071
2025-12-22,EUR/INR,INR,85.83071,86.27041,85.75492,85.75643
2025-12-23,EUR/INR,INR,85.75643,85.89479,85.60318,85.88489
2025-12-24,EUR/INR,INR,85.88489,86.28286,85.12724,85.79434
2025-12-25,EUR/INR,INR,85.79434,86.00347,85.0455,85.35476
2025-12-26,EUR/INR,INR,85.35476,86.26591,85.18497,85.9029
2025-12-27,EUR/INR,INR,85.9029,86.28824,85.22246,85.67966
2025-12-28,EUR/INR,INR,85.67966,86.6562,85.60423,86.45732
2025-12-29,EUR/INR,INR,86.45732,86.76905,85.75006,86.30833
2025-12-30,EUR/INR,INR,86.30833,86.95488,85.95347,86.60121
2025-12-31,EUR/INR,INR,86.60121,86.82568,86.52242,86.67395
2026-01-01,EUR/INR,INR,86.67395,86.98716,86.22324,86.25847
2026-01-02,EUR/INR,INR,86.25847,86.79617,85.74426,85.9194
2026-01-03,EUR/INR,INR,85.9194,87.10668,85.87019,86.81055
2026-01-04,EUR/INR,INR,86.81055,87.59448,86.67055,87.22238
2026-01-05,EUR/INR,INR,87.22238,87.51096,86.52716,86.91426
2026-01-06,EUR/INR,INR,86.91426,87.22526,86.78495,86.97926
2026-01-07,EUR/INR,INR,86.97926,87.26487,86.72615,86.75589
2026-01-08,EUR/INR,INR,86.75589,87.11555,86.75349,86.97229
2026-01-09,EUR/INR,INR,86.97229,87.02392,86.59321,87.00008
2026-01-10,EUR/INR,INR,87.00008,87.23629,86.60623,87.06556
2026-01-11,EUR/INR,INR,87.06556,87.38733,86.99893,87.20808
2026-01-12,EUR/INR,INR,87.20808,87.80498,87.18109,87.52553
2026-01-13,EUR/INR,INR,87.52553,87.97622,86.47033,86.867
2026-01-14,EUR/INR,INR,86.867,87.25764,86.61782,86.68612
2026-01-15,EUR/INR,INR,86.68612,86.89382,86.05698,86.25711
2026-01-16,EUR/INR,INR,86.25711,86.40925,85.90875,86.03462
2026-01-17,EUR/INR,INR,86.03462,86.58183,85.91429,85.96669
2026-01-18,EUR/INR,INR,85.96669,86.87843,85.79815,86.61767
2026-01-19,EUR/INR,INR,86.61767,86.79583,85.84555,86.19401
2026-01-20,EUR/INR,INR,86.19401,86.99146,86.04926,86.6282
2026-01-21,EUR/INR,INR,86.6282,87.30603,86.48895,87.15678
2026-01-22,EUR/INR,INR,87.15678,87.22124,86.62974,86.9911
2026-01-23,EUR/INR,INR,86.9911,87.48337,86.85781,87.11798
2026-01-24,EUR/INR,INR,87.11798,87.66297,87.08313,87.56742
2026-01-25,EUR/INR,INR,87.56742,87.91714,86.88264,87.37067
2026-01-26,EUR/INR,INR,87.37067,88.26697,87.26536,87.84119
2026-01-27,EUR/INR,INR,87.84119,87.88734,87.65233,87.66369
2026-01-28,EUR/INR,INR,87.66369,88.54309,87.50508,88.19759
2026-01-29,EUR/INR,INR,88.19759,88.69782,87.60365,87.67449
2026-01-30,EUR/INR,INR,87.67449,88.02917,87.11038,88.00564
2026-01-31,EUR/INR,INR,88.00564,88.36295,87.41704,87.61259
2026-02-01,EUR/INR,INR,87.61259,87.76752,87.23738,87.36117
2026-02-02,EUR/INR,INR,87.36117,87.62288,86.28694,86.80023
2026-02-03,EUR/INR,INR,86.80023,87.27349,86.35651,86.41665
2026-02-04,EUR/INR,INR,86.41665,87.04803,86.15131,86.49109
2026-02-05,EUR/INR,INR,86.49109,87.10609,86.20718,87.02171
2026-02-06,EUR/INR,INR,87.02171,87.24882,86.81592,87.07549
2026-02-07,EUR/INR,INR,87.07549,87.2185,86.63723,86.90969
2026-02-08,EUR/INR,INR,86.90969,87.23551,86.52866,86.53582
2026-02-09,EUR/INR,INR,86.53582,86.65932,85.8534,86.11466
2026-02-10,EUR/INR,INR,86.11466,86.26058,85.72869,85.74933
2026-02-11,EUR/INR,INR,85.74933,85.98912,85.52262,85.84511
2026-02-12,EUR/INR,INR,85.84511,86.39448,85.82157,86.06486
2026-02-13,EUR/INR,INR,86.06486,86.26226,85.79777,85.88638
2026-02-14,EUR/INR,INR,85.88638,86.05063,85.62803,85.7572
2026-02-15,EUR/INR,INR,85.7572,85.81455,85.11192,85.51781
2026-02-16,EUR/INR,INR,85.51781,85.82815,85.3509,85.63348
2026-02-17,EUR/INR,INR,85.63348,86.33673,85.18424,86.33162
2026-02-18,EUR/INR,INR,86.33162,86.34979,86.10646,86.23655
2026-02-19,EUR/INR,INR,86.23655,86.52965,85.83325,86.15021
2026-02-20,EUR/INR,INR,86.15021,86.31166,85.59295,85.9206
2026-02-21,EUR/INR,INR,85.9206,86.11099,85.18857,85.66303
2026-02-22,EUR/INR,INR,85.66303,86.31877,85.38265,85.94169
2026-02-23,EUR/INR,INR,85.94169,86.34718,85.901,86.24929
2026-02-24,EUR/INR,INR,86.24929,86.31278,86.0841,86.10382
2026-02-25,EUR/INR,INR,86.10382,86.4916,86.057,86.36876
2026-02-26,EUR/INR,INR,86.36876,86.52164,86.17508,86.39581
2026-02-27,EUR/INR,INR,86.39581,86.70857,85.53212,85.85154
2026-02-28,EUR/INR,INR,85.85154,85.97387,85.76046,85.83646
2026-03-01,EUR/INR,INR,85.83646,85.99737,85.42902,85.74826
2026-03-02,EUR/INR,INR,85.74826,85.83496,85.63409,85.76404
2026-03-03,EUR/INR,INR,85.76404,86.0,85.59901,85.85118
2026-03-04,EUR/INR,INR,85.85118,86.55993,85.43189,85.51846
2026-03-05,EUR/INR,INR,85.51846,85.71323,85.00074,85.45905
2026-03-06,EUR/INR,INR,85.45905,85.74585,84.91455,85.27044
2026-03-07,EUR/INR,INR,85.27044,86.14725,85.26254,85.84781
2026-03-08,EUR/INR,INR,85.84781,86.26558,85.41831,85.5023
2026-03-09,EUR/INR,INR,85.5023,85.701,84.59827,85.17237
2026-03-10,EUR/INR,INR,85.17237,85.59825,84.93637,85.33118
2026-03-11,EUR/INR,INR,85.33118,85.45726,85.23051,85.30186
2026-03-12,EUR/INR,INR,85.30186,85.53219,85.26465,85.36904
2026-03-13,EUR/INR,INR,85.36904,85.41822,85.02672,85.12261
2026-03-14,EUR/INR,INR,85.12261,85.79507,84.40861,84.67578
2026-03-15,EUR/INR,INR,84.67578,85.41295,84.45501,85.32416
2026-03-16,EUR/INR,INR,85.32416,85.61323,84.18479,84.56967
2026-03-17,EUR/INR,INR,84.56967,85.25788,84.3739,84.50458
2026-03-18,EUR/INR,INR,84.50458,85.18591,84.11705,85.11315
2026-03-19,EUR/INR,INR,85.11315,85.89265,84.95893,85.86109
2026-03-20,EUR/INR,INR,85.86109,85.95026,85.36924,85.39274
2026-03-21,EUR/INR,INR,85.39274,86.50272,85.37562,86.12797
2026-03-22,EUR/INR,INR,86.12797,86.25147,85.38912,85.47856
2026-03-23,EUR/INR,INR,85.47856,85.83897,85.36442,85.66942
2026-03-24,EUR/INR,INR,85.66942,85.89831,85.36779,85.88511
2026-03-25,EUR/INR,INR,85.88511,86.04287,85.18551,85.22406
2026-03-26,EUR/INR,INR,85.22406,85.70867,85.16777,85.67971
2026-03-27,EUR/INR,INR,85.67971,85.90316,85.44637,85.8253
2026-03-28,EUR/INR,INR,85.8253,87.18271,85.79732,86.54565
2026-03-29,EUR/INR,INR,86.54565,87.13484,86.50204,86.67503
2026-03-30,EUR/INR,INR,86.67503,87.26077,86.5845,86.92921
2026-03-31,EUR/INR,INR,86.92921,87.56908,86.89181,87.35827
2026-04-01,EUR/INR,INR,87.35827,87.94701,86.41936,86.78767
2026-04-02,EUR/INR,INR,86.78767,87.0113,86.67223,86.86318
2026-04-03,EUR/INR,INR,86.86318,87.52747,86.64946,87.37516
2026-04-04,EUR/INR,INR,87.37516,88.13597,86.71185,87.77754
2026-04-05,EUR/INR,INR,87.77754,88.07812,87.51962,87.56363
2026-04-06,EUR/INR,INR,87.56363,88.16548,86.19608,86.8292
2026-04-07,EUR/INR,INR,86.8292,87.09681,86.7231,87.06141
2026-04-08,EUR/INR,INR,87.06141,87.41384,86.8764,87.12188
2026-04-09,EUR/INR,INR,87.12188,87.26377,86.81544,87.19714
2026-04-10,EUR/INR,INR,87.19714,87.80307,86.89905,87.67178
2026-04-11,EUR/INR,INR,87.67178,88.2026,87.36501,87.72111
2026-04-12,EUR/INR,INR,87.72111,87.98806,87.28936,87.32847
2026-04-13,EUR/INR,INR,87.32847,88.37135,86.65067,87.90083
2026-04-14,EUR/INR,INR,87.90083,88.95006,87.66602,88.00005
2026-04-15,EUR/INR,INR,88.00005,88.43233,87.97522,88.42037
2026-04-16,EUR/INR,INR,88.42037,88.68793,88.29211,88.45479
2026-04-17,EUR/INR,INR,88.45479,88.73128,88.34216,88.3759
2026-04-18,EUR/INR,INR,88.3759,88.83196,87.51181,88.06337
2026-04-19,EUR/INR,INR,88.06337,88.69209,87.96319,88.55587
2026-04-20,EUR/INR,INR,88.55587,89.39493,88.36917,89.2262
2026-04-21,EUR/INR,INR,89.2262,89.23502,88.61819,89.18381
2026-04-22,EUR/INR,INR,89.18381,89.96475,88.74948,89.77746
2026-04-23,EUR/INR,INR,89.77746,89.8677,89.62655,89.71744
2026-04-24,EUR/INR,INR,89.71744,90.08035,89.07896,89.23839
2026-04-25,EUR/INR,INR,89.23839,89.25304,88.78677,89.2523
2026-04-26,EUR/INR,INR,89.2523,89.35311,88.73499,88.89303
2026-04-27,EUR/INR,INR,88.89303,88.92429,88.61519,88.81886
2026-04-28,EUR/INR,INR,88.81886,89.30003,88.42134,88.46489
2026-04-29,EUR/INR,INR,88.46489,89.19168,88.45774,88.70181
2026-04-30,EUR/INR,INR,88.70181,89.10895,88.27796,88.81365
2026-05-01,EUR/INR,INR,88.81365,88.84386,88.62882,88.67687
2026-05-02,EUR/INR,INR,88.67687,88.97744,87.74185,88.02446
2026-05-03,EUR/INR,INR,88.02446,88.20122,87.51237,87.94406
2026-05-04,EUR/INR,INR,87.94406,88.07599,87.14553,87.5522
2026-05-05,EUR/INR,INR,87.5522,87.92757,87.24298,87.72972
2026-05-06,EUR/INR,INR,87.72972,87.7792,87.34451,87.59702
2026-05-07,EUR/INR,INR,87.59702,87.74727,86.59211,86.98794
2026-05-08,EUR/INR,INR,86.98794,87.41832,86.93561,87.01651
2026-05-09,EUR/INR,INR,87.01651,87.39006,86.68211,86.744
2026-05-10,EUR/INR,INR,86.744,87.41402,86.44124,87.10136
2026-05-11,EUR/INR,INR,87.10136,87.58455,86.86521,87.49936
2026-05-12,EUR/INR,INR,87.49936,87.67907,87.42049,87.48945
2026-05-13,EUR/INR,INR,87.48945,88.01566,87.29883,87.71732
2026-05-14,EUR/INR,INR,87.71732,87.72838,87.20207,87.29879
2026-05-15,EUR/INR,INR,87.29879,87.91015,86.99949,87.59391
2026-05-16,EUR/INR,INR,87.59391,88.09899,87.57603,88.0989
2026-05-17,EUR/INR,INR,88.0989,88.25954,87.70145,87.82195
2026-05-18,EUR/INR,INR,87.82195,88.38254,87.4318,88.3612
2026-05-19,EUR/INR,INR,88.3612,88.70864,88.35366,88.46304
2026-05-20,EUR/INR,INR,88.46304,89.24854,88.1512,89.01599
2026-05-21,EUR/INR,INR,89.01599,89.08366,88.31972,88.81695
2026-05-22,EUR/INR,INR,88.81695,89.47602,88.51154,88.94953
2026-05-23,EUR/INR,INR,88.94953,89.44704,88.74753,89.29559
2026-05-24,EUR/INR,INR,89.29559,89.52072,88.98631,89.36657
2026-05-25,EUR/INR,INR,89.36657,89.57624,89.23344,89.24658
2026-05-26,EUR/INR,INR,89.24658,90.02854,89.04905,89.79749
2026-05-27,EUR/INR,INR,89.79749,89.88353,88.87887,89.19787
2026-05-28,EUR/INR,INR,89.19787,89.40565,89.02336,89.13645
2026-05-29,EUR/INR,INR,89.13645,89.68383,88.83482,89.54085
2026-05-30,EUR/INR,INR,89.54085,89.55829,88.65713,88.94604
2026-05-31,EUR/INR,INR,88.94604,89.98149,88.841,89.51587
2026-06-01,EUR/INR,INR,89.51587,89.96995,89.24204,89.91187
2026-06-02,EUR/INR,INR,89.91187,90.19847,88.82679,89.33373
2026-06-03,EUR/INR,INR,89.33373,89.63194,88.95524,89.36281
2026-06-04,EUR/INR,INR,89.36281,89.72079,89.362,89.46669
2026-06-05,EUR/INR,INR,89.46669,89.58279,88.8523,88.86862
2026-06-06,EUR/INR,INR,88.86862,89.0319,88.79141,88.81731
2026-06-07,EUR/INR,INR,88.81731,89.72961,88.78379,89.0146
2026-06-08,EUR/INR,INR,89.0146,89.69436,88.98483,89.58667
2026-06-09,EUR/INR,INR,89.58667,90.01775,89.49461,89.64973
2026-06-10,EUR/INR,INR,89.64973,89.90959,88.87402,88.90684
2026-06-11,EUR/INR,INR,88.90684,89.78934,88.83617,89.35979
2026-06-12,EUR/INR,INR,89.35979,89.72115,88.96061,89.42538
2026-06-13,EUR/INR,INR,89.42538,89.83375,89.37376,89.58456
2026-06-14,EUR/INR,INR,89.58456,89.7156,89.25367,89.41901
2026-06-15,EUR/INR,INR,89.41901,89.86583,89.36744,89.76082
2026-06-16,EUR/INR,INR,89.76082,90.93032,89.24943,90.46696
2026-06-17,EUR/INR,INR,90.46696,90.64049,90.2652,90.36407
2026-06-18,EUR/INR,INR,90.36407,90.5112,89.78916,90.10467
2026-06-19,EUR/INR,INR,90.10467,90.45535,89.01133,90.29088
2026-06-20,EUR/INR,INR,90.29088,91.03723,90.1838,90.75263
2026-06-21,EUR/INR,INR,90.75263,90.83796,90.19269,90.5216
2026-06-22,EUR/INR,INR,90.5216,90.8465,89.98879,90.15222
2026-06-23,EUR/INR,INR,90.15222,90.51397,89.82169,90.2803
2026-06-24,EUR/INR,INR,90.2803,90.94169,89.86668,90.83274
2026-06-25,EUR/INR,INR,90.83274,90.94307,90.12402,90.34649
2026-06-26,EUR/INR,INR,90.34649,90.92392,89.89407,90.5795
2026-06-27,EUR/INR,INR,90.5795,91.10632,90.17386,90.6719
2026-06-28,EUR/INR,INR,90.6719,91.53231,90.48628,90.81584
2026-06-29,EUR/INR,INR,90.81584,91.23446,90.57753,91.22083
2026-06-30,EUR/INR,INR,91.22083,91.2765,90.82822,90.89281
2026-07-01,EUR/INR,INR,90.89281,91.20609,90.1284,90.22493
2026-07-02,EUR/INR,INR,90.22493,90.51263,90.20308,90.50774
2026-07-03,EUR/INR,INR,90.50774,90.51479,89.74031,90.13983
2026-07-04,EUR/INR,INR,90.13983,90.66279,89.76078,90.20594
2026-07-05,EUR/INR,INR,90.20594,90.50439,90.18333,90.43623
2026-07-06,EUR/INR,INR,90.43623,90.58919,90.11951,90.21072
2026-07-07,EUR/INR,INR,90.21072,90.46874,89.86806,90.14724
2026-07-08,EUR/INR,INR,90.14724,90.33136,89.7095,90.07072
2026-07-09,EUR/INR,INR,90.07072,91.12328,89.49275,90.73385
2026-07-10,EUR/INR,INR,90.73385,90.87947,90.03449,90.43551
2026-07-11,EUR/INR,INR,90.43551,90.56514,90.33665,90.39276
2026-07-12,EUR/INR,INR,90.39276,90.81563,89.71116,90.60456
2026-07-13,EUR/INR,INR,90.60456,91.28386,89.84237,90.98554
2026-07-14,EUR/INR,INR,90.98554,91.21508,89.55305,90.14937
2026-07-15,EUR/INR,INR,90.14937,90.97051,89.86103,90.82163
2026-07-16,EUR/INR,INR,90.82163,91.29585,90.72996,91.12652
2026-07-17,EUR/INR,INR,91.12652,91.74718,90.57081,91.21264
2026-07-18,EUR/INR,INR,91.21264,91.53692,90.88264,90.99112
2026-07-19,EUR/INR,INR,90.99112,91.20398,89.74848,90.45853
2026-07-20,EUR/INR,INR,90.45853,90.90608,90.39408,90.60172
2026-07-21,EUR/INR,INR,90.60172,90.61002,90.32268,90.40351
2026-07-22,EUR/INR,INR,90.40351,90.70827,89.63007,89.84376
2026-07-23,EUR/INR,INR,89.84376,89.85152,89.63649,89.7073
2026-07-24,EUR/INR,INR,89.7073,90.1785,89.37613,89.83242
2026-07-25,EUR/INR,INR,89.83242,90.28322,89.53486,90.05476
2026-07-26,EUR/INR,INR,90.05476,90.13187,89.01134,89.52756
2026-07-27,EUR/INR,INR,89.52756,89.673,89.26278,89.49745
2026-07-28,EUR/INR,INR,89.49745,90.0489,88.96958,89.11915
2026-07-29,EUR/INR,INR,89.11915,89.81953,88.88123,89.32073
2026-07-30,EUR/INR,INR,89.32073,90.00638,89.22731,89.51785
2026-07-31,EUR/INR,INR,89.51785,89.72305,89.00241,89.15368
2026-08-01,EUR/INR,INR,89.15368,89.54015,88.34598,88.74186
2026-08-02,EUR/INR,INR,88.74186,88.85897,88.13506,88.67599
2026-08-03,EUR/INR,INR,88.67599,89.43641,88.48613,88.94228
2026-08-04,EUR/INR,INR,88.94228,89.07207,88.39065,88.90577
2026-08-05,EUR/INR,INR,88.90577,89.04592,88.85221,88.98748
2026-08-06,EUR/INR,INR,88.98748,89.42007,88.22184,88.462
2026-08-07,EUR/INR,INR,88.462,88.94552,88.30459,88.84541
2026-08-08,EUR/INR,INR,88.84541,88.8865,88.14135,88.64834
2026-08-09,EUR/INR,INR,88.64834,88.88254,88.59162,88.59913
2026-08-10,EUR/INR,INR,88.59913,89.41012,88.24756,89.25932
2026-08-11,EUR/INR,INR,89.25932,89.29794,88.87265,89.07864
2026-08-12,EUR/INR,INR,89.07864,89.77681,88.79405,89.46247
2026-08-13,EUR/INR,INR,89.46247,89.66823,88.9699,89.34817
2026-08-14,EUR/INR,INR,89.34817,89.52612,88.84538,89.12741
2026-08-15,EUR/INR,INR,89.12741,89.60354,88.72652,89.33229
2026-08-16,EUR/INR,INR,89.33229,89.68869,88.87071,89.22475
2026-08-17,EUR/INR,INR,89.22475,89.36229,88.42876,88.54307
2026-08-18,EUR/INR,INR,88.54307,88.84808,88.3972,88.84303
2026-08-19,EUR/INR,INR,88.84303,89.15318,88.50088,88.80685
2026-08-20,EUR/INR,INR,88.80685,89.147,88.27756,88.52082
2026-08-21,EUR/INR,INR,88.52082,89.25532,88.26652,88.74137
2026-08-22,EUR/INR,INR,88.74137,88.85292,88.41647,88.47207
2026-08-23,EUR/INR,INR,88.47207,88.82989,88.45726,88.69713
2026-08-24,EUR/INR,INR,88.69713,88.81998,88.51081,88.54603
2026-08-25,EUR/INR,INR,88.54603,89.40031,88.2713,89.22451
2026-08-26,EUR/INR,INR,89.22451,89.23896,88.66386,89.05267
2026-08-27,EUR/INR,INR,89.05267,89.70682,88.77331,89.58758
2026-08-28,EUR/INR,INR,89.58758,89.66357,88.5049,89.19534
2026-08-29,EUR/INR,INR,89.19534,89.88324,88.97776,89.40443
2026-08-30,EUR/INR,INR,89.40443,89.65136,89.06108,89.17731
2026-08-31,EUR/INR,INR,89.17731,89.52747,88.85017,89.32279
2026-09-01,EUR/INR,INR,89.32279,90.11442,89.00547,89.5266
2026-09-02,EUR/INR,INR,89.5266,89.5709,89.21534,89.47431
2026-09-03,EUR/INR,INR,89.47431,89.51295,89.40282,89.4977
2026-09-04,EUR/INR,INR,89.4977,89.52383,89.07078,89.409
2026-09-05,EUR/INR,INR,89.409,89.41808,89.37456,89.38464
2026-09-06,EUR/INR,INR,89.38464,90.21362,88.8513,89.879
2026-09-07,EUR/INR,INR,89.879,90.07657,89.2183,89.44211
2026-09-08,EUR/INR,INR,89.44211,90.25996,89.11373,89.83631
2026-09-09,EUR/INR,INR,89.83631,90.65688,89.46013,89.94834
2026-09-10,EUR/INR,INR,89.94834,90.67946,89.83715,89.8618
2026-09-11,EUR/INR,INR,89.8618,90.12147,89.60494,90.00573
2026-09-12,EUR/INR,INR,90.00573,90.35827,89.43947,90.0731
2026-09-13,EUR/INR,INR,90.0731,90.8545,90.04595,90.6541
2026-09-14,EUR/INR,INR,90.6541,90.66043,89.91202,90.41
2026-09-15,EUR/INR,INR,90.41,90.80919,90.12932,90.74708
2026-09-16,EUR/INR,INR,90.74708,91.08341,90.44809,90.96229
2026-09-17,EUR/INR,INR,90.96229,91.43009,90.91296,91.16709
2026-09-18,EUR/INR,INR,91.16709,91.33501,90.87287,91.07708
2026-09-19,EUR/INR,INR,91.07708,91.35615,90.18435,90.47035
2026-09-20,EUR/INR,INR,90.47035,90.94524,90.23701,90.28481
2026-09-21,EUR/INR,INR,90.28481,90.46671,89.80321,90.38371
2026-09-22,EUR/INR,INR,90.38371,90.45129,90.14027,90.17244
2026-09-23,EUR/INR,INR,90.17244,91.0193,90.02865,90.61009
2026-09-24,EUR/INR,INR,90.61009,91.14091,90.55754,91.08654
2026-09-25,EUR/INR,INR,91.08654,91.69475,90.86143,91.54476
2026-09-26,EUR/INR,INR,91.54476,91.99998,91.443,91.93558
2026-09-27,EUR/INR,INR,91.93558,92.3153,91.81543,92.28775
2026-09-28,EUR/INR,INR,92.28775,92.79518,92.16841,92.55171
2026-09-29,EUR/INR,INR,92.55171,93.38282,92.4118,93.08367
2026-09-30,EUR/INR,INR,93.08367,93.40313,92.45143,92.76684
